order_id,customer_id,order_status,order_purchase_timestamp,order_delivered_timestamp,order_estimated_delivery_date
ord_00001,cust_0380,canceled,2024-11-23,2024-11-29,2024-11-30
ord_00002,cust_0378,delivered,2024-05-05,2024-05-15,2024-05-16
ord_00003,cust_0045,processing,2024-12-12,2025-01-07,2025-01-05
ord_00004,cust_0112,shipped,2024-01-17,2024-01-20,2024-01-26
ord_00005,cust_0288,shipped,2024-09-15,2024-10-07,2024-09-22
ord_00006,cust_0215,shipped,2024-11-28,2024-12-23,2024-12-22
ord_00007,cust_0415,delivered,2024-08-17,2024-09-07,2024-09-01
ord_00008,cust_0175,canceled,2024-03-22,2024-04-16,2024-04-11
ord_00009,cust_0053,delivered,2024-03-20,2024-03-29,2024-04-06
ord_00010,cust_0434,canceled,2024-07-13,2024-07-19,2024-07-31
ord_00011,cust_0374,processing,2024-11-05,2024-11-16,2024-11-13
ord_00012,cust_0041,canceled,2024-10-01,2024-10-07,2024-10-20
ord_00013,cust_0296,shipped,2024-11-17,2024-12-09,2024-12-05
ord_00014,cust_0339,shipped,2024-12-26,2024-12-31,2025-01-03
ord_00015,cust_0444,delivered,2024-05-28,2024-06-02,2024-06-11
ord_00016,cust_0326,canceled,2024-07-13,2024-07-24,2024-08-03
ord_00017,cust_0108,canceled,2024-03-24,2024-04-07,2024-04-11
ord_00018,cust_0312,shipped,2024-12-25,2025-01-18,2025-01-03
ord_00019,cust_0084,processing,2024-09-30,2024-10-26,2024-10-14
ord_00020,cust_0113,canceled,2024-07-13,2024-07-24,2024-08-06
ord_00021,cust_0413,canceled,2024-01-29,2024-02-08,2024-02-06
ord_00022,cust_0109,canceled,2024-07-24,2024-08-04,2024-08-02
ord_00023,cust_0203,processing,2024-04-18,2024-05-11,2024-05-10
ord_00024,cust_0127,canceled,2024-03-14,2024-03-25,2024-03-25
ord_00025,cust_0205,canceled,2024-10-26,2024-11-11,2024-11-20
ord_00026,cust_0253,delivered,2024-04-22,2024-04-29,2024-05-15
ord_00027,cust_0079,shipped,2024-01-25,2024-02-24,2024-02-04
ord_00028,cust_0198,processing,2024-12-14,2024-12-30,2024-12-23
ord_00029,cust_0129,delivered,2024-11-01,2024-11-18,2024-11-24
ord_00030,cust_0350,canceled,2024-12-14,2025-01-09,2024-12-24
ord_00031,cust_0151,processing,2024-11-24,2024-12-07,2024-12-04
ord_00032,cust_0489,canceled,2024-03-21,2024-04-07,2024-03-28
ord_00033,cust_0260,delivered,2024-09-13,2024-10-10,2024-09-25
ord_00034,cust_0312,shipped,2024-11-16,2024-11-28,2024-12-09
ord_00035,cust_0277,delivered,2024-03-19,2024-04-02,2024-03-31
ord_00036,cust_0010,delivered,2024-11-02,2024-11-15,2024-11-24
ord_00037,cust_0123,delivered,2024-07-04,2024-08-02,2024-07-20
ord_00038,cust_0044,processing,2024-05-03,2024-05-24,2024-05-12
ord_00039,cust_0393,shipped,2024-02-05,2024-03-03,2024-02-29
ord_00040,cust_0485,shipped,2024-03-06,2024-03-30,2024-03-28
ord_00041,cust_0494,shipped,2024-05-15,2024-06-03,2024-06-04
ord_00042,cust_0366,canceled,2024-10-03,2024-10-30,2024-10-16
ord_00043,cust_0225,processing,2024-07-23,2024-08-16,2024-08-10
ord_00044,cust_0033,canceled,2024-03-02,2024-03-12,2024-03-16
ord_00045,cust_0118,shipped,2024-01-11,2024-02-01,2024-02-04
ord_00046,cust_0118,delivered,2024-01-04,2024-01-09,2024-01-12
ord_00047,cust_0037,shipped,2024-01-17,2024-02-16,2024-02-03
ord_00048,cust_0110,shipped,2024-05-22,2024-06-15,2024-06-13
ord_00049,cust_0125,processing,2024-10-19,2024-11-09,2024-11-10
ord_00050,cust_0050,processing,2024-07-27,2024-08-05,2024-08-06
ord_00051,cust_0240,delivered,2024-06-30,2024-07-16,2024-07-20
ord_00052,cust_0032,processing,2024-12-10,2025-01-02,2024-12-20
ord_00053,cust_0128,shipped,2024-06-22,2024-07-20,2024-07-02
ord_00054,cust_0072,processing,2024-04-07,2024-04-27,2024-04-28
ord_00055,cust_0128,delivered,2024-04-03,2024-04-14,2024-04-24
ord_00056,cust_0051,delivered,2024-08-14,2024-09-11,2024-09-07
ord_00057,cust_0497,delivered,2024-11-29,2024-12-19,2024-12-06
ord_00058,cust_0249,processing,2024-05-01,2024-05-09,2024-05-21
ord_00059,cust_0463,delivered,2024-04-19,2024-05-19,2024-05-08
ord_00060,cust_0200,canceled,2024-03-25,2024-04-09,2024-04-01
ord_00061,cust_0357,processing,2024-08-20,2024-09-01,2024-09-09
ord_00062,cust_0112,delivered,2024-03-20,2024-03-29,2024-04-05
ord_00063,cust_0032,canceled,2024-10-23,2024-11-18,2024-11-16
ord_00064,cust_0245,shipped,2024-01-30,2024-02-03,2024-02-24
ord_00065,cust_0436,shipped,2024-01-30,2024-02-18,2024-02-08
ord_00066,cust_0346,shipped,2024-02-05,2024-02-27,2024-02-14
ord_00067,cust_0127,delivered,2024-07-25,2024-07-31,2024-08-19
ord_00068,cust_0337,canceled,2024-11-13,2024-11-18,2024-12-03
ord_00069,cust_0123,canceled,2024-05-13,2024-05-22,2024-05-30
ord_00070,cust_0235,canceled,2024-07-21,2024-07-28,2024-08-06
ord_00071,cust_0319,delivered,2024-02-07,2024-02-10,2024-02-28
ord_00072,cust_0260,canceled,2024-02-07,2024-02-27,2024-02-20
ord_00073,cust_0451,shipped,2024-03-08,2024-03-22,2024-03-17
ord_00074,cust_0225,canceled,2024-07-08,2024-07-20,2024-07-20
ord_00075,cust_0005,canceled,2024-11-09,2024-12-07,2024-12-02
ord_00076,cust_0136,delivered,2024-12-05,2024-12-11,2024-12-16
ord_00077,cust_0080,canceled,2024-02-24,2024-03-21,2024-03-19
ord_00078,cust_0368,canceled,2024-05-24,2024-06-15,2024-06-06
ord_00079,cust_0259,processing,2024-04-14,2024-05-08,2024-04-29
ord_00080,cust_0048,processing,2024-05-08,2024-06-07,2024-05-16
ord_00081,cust_0171,shipped,2024-05-21,2024-05-25,2024-05-28
ord_00082,cust_0380,processing,2024-11-22,2024-12-03,2024-12-04
ord_00083,cust_0288,delivered,2024-10-09,2024-11-03,2024-10-29
ord_00084,cust_0280,delivered,2024-02-27,2024-03-03,2024-03-09
ord_00085,cust_0076,processing,2024-07-08,2024-07-29,2024-08-01
ord_00086,cust_0187,delivered,2024-03-06,2024-03-10,2024-03-22
ord_00087,cust_0342,delivered,2024-07-02,2024-07-11,2024-07-16
ord_00088,cust_0453,processing,2024-06-30,2024-07-27,2024-07-24
ord_00089,cust_0474,shipped,2024-11-13,2024-12-09,2024-11-24
ord_00090,cust_0452,processing,2024-03-24,2024-04-21,2024-04-05
ord_00091,cust_0401,processing,2024-01-13,2024-01-21,2024-01-30
ord_00092,cust_0137,shipped,2024-12-08,2025-01-07,2024-12-22
ord_00093,cust_0447,delivered,2024-12-25,2024-12-31,2025-01-13
ord_00094,cust_0419,processing,2024-08-28,2024-09-07,2024-09-10
ord_00095,cust_0115,delivered,2024-06-28,2024-07-10,2024-07-12
ord_00096,cust_0169,canceled,2024-12-03,2024-12-12,2024-12-22
ord_00097,cust_0180,processing,2024-02-05,2024-03-03,2024-02-20
ord_00098,cust_0170,delivered,2024-12-13,2025-01-11,2025-01-06
ord_00099,cust_0298,canceled,2024-02-29,2024-03-11,2024-03-12
ord_00100,cust_0177,canceled,2024-01-20,2024-01-26,2024-02-09
ord_00101,cust_0060,processing,2024-08-11,2024-09-02,2024-09-03
ord_00102,cust_0023,processing,2024-10-22,2024-10-31,2024-11-06
ord_00103,cust_0352,shipped,2024-01-01,2024-01-20,2024-01-25
ord_00104,cust_0486,canceled,2024-07-05,2024-07-21,2024-07-14
ord_00105,cust_0369,canceled,2024-11-15,2024-11-28,2024-11-25
ord_00106,cust_0168,processing,2024-09-16,2024-09-28,2024-10-06
ord_00107,cust_0066,shipped,2024-12-22,2025-01-03,2025-01-15
ord_00108,cust_0347,shipped,2024-08-03,2024-08-27,2024-08-22
ord_00109,cust_0208,delivered,2024-11-11,2024-12-02,2024-11-27
ord_00110,cust_0221,canceled,2024-06-04,2024-06-16,2024-06-17
ord_00111,cust_0346,shipped,2024-08-26,2024-09-12,2024-09-16
ord_00112,cust_0338,delivered,2024-09-18,2024-10-06,2024-09-30
ord_00113,cust_0048,shipped,2024-05-25,2024-06-13,2024-06-11
ord_00114,cust_0413,shipped,2024-12-10,2024-12-22,2024-12-24
ord_00115,cust_0126,processing,2024-03-16,2024-03-19,2024-03-24
ord_00116,cust_0234,processing,2024-11-08,2024-12-08,2024-11-17
ord_00117,cust_0368,processing,2024-11-18,2024-12-09,2024-12-01
ord_00118,cust_0076,delivered,2024-09-10,2024-09-25,2024-09-24
ord_00119,cust_0113,shipped,2024-02-24,2024-03-22,2024-03-15
ord_00120,cust_0026,shipped,2024-12-22,2025-01-10,2025-01-12
ord_00121,cust_0411,processing,2024-03-03,2024-03-20,2024-03-14
ord_00122,cust_0305,canceled,2024-12-07,2024-12-26,2024-12-31
ord_00123,cust_0219,processing,2024-08-14,2024-09-05,2024-09-06
ord_00124,cust_0231,canceled,2024-03-22,2024-04-17,2024-04-13
ord_00125,cust_0393,processing,2024-05-06,2024-06-04,2024-05-21
ord_00126,cust_0226,delivered,2024-11-16,2024-11-26,2024-12-01
ord_00127,cust_0172,canceled,2024-05-26,2024-06-05,2024-06-10
ord_00128,cust_0078,shipped,2024-10-03,2024-10-08,2024-10-14
ord_00129,cust_0362,shipped,2024-07-15,2024-08-09,2024-07-26
ord_00130,cust_0170,processing,2024-02-02,2024-02-18,2024-02-22
ord_00131,cust_0427,processing,2024-07-31,2024-08-04,2024-08-13
ord_00132,cust_0485,delivered,2024-07-18,2024-08-14,2024-08-12
ord_00133,cust_0004,canceled,2024-10-21,2024-11-05,2024-11-12
ord_00134,cust_0437,processing,2024-06-01,2024-06-28,2024-06-20
ord_00135,cust_0410,shipped,2024-10-02,2024-10-28,2024-10-26
ord_00136,cust_0224,processing,2024-09-06,2024-09-16,2024-09-21
ord_00137,cust_0343,processing,2024-01-15,2024-01-30,2024-02-01
ord_00138,cust_0471,shipped,2024-03-25,2024-04-23,2024-04-15
ord_00139,cust_0465,processing,2024-11-14,2024-12-04,2024-11-21
ord_00140,cust_0043,processing,2024-10-30,2024-11-20,2024-11-06
ord_00141,cust_0094,delivered,2024-03-10,2024-04-09,2024-03-31
ord_00142,cust_0109,processing,2024-05-13,2024-05-28,2024-05-30
ord_00143,cust_0143,processing,2024-06-16,2024-06-29,2024-07-05
ord_00144,cust_0241,delivered,2024-05-09,2024-06-07,2024-05-18
ord_00145,cust_0115,delivered,2024-10-03,2024-10-07,2024-10-21
ord_00146,cust_0487,shipped,2024-11-29,2024-12-03,2024-12-06
ord_00147,cust_0319,shipped,2024-04-12,2024-05-11,2024-04-19
ord_00148,cust_0343,delivered,2024-05-02,2024-05-09,2024-05-24
ord_00149,cust_0359,canceled,2024-10-15,2024-10-24,2024-11-05
ord_00150,cust_0399,shipped,2024-07-07,2024-07-15,2024-07-17
ord_00151,cust_0014,canceled,2024-06-08,2024-06-14,2024-07-03
ord_00152,cust_0204,shipped,2024-10-21,2024-11-14,2024-11-09
ord_00153,cust_0053,canceled,2024-02-08,2024-02-29,2024-02-22
ord_00154,cust_0408,delivered,2024-12-16,2025-01-07,2024-12-26
ord_00155,cust_0339,canceled,2024-06-26,2024-07-16,2024-07-16
ord_00156,cust_0007,processing,2024-02-05,2024-02-24,2024-02-22
ord_00157,cust_0492,canceled,2024-09-07,2024-09-13,2024-09-27
ord_00158,cust_0363,shipped,2024-11-21,2024-12-20,2024-12-12
ord_00159,cust_0495,canceled,2024-08-10,2024-08-18,2024-09-02
ord_00160,cust_0397,processing,2024-11-11,2024-12-09,2024-12-05
ord_00161,cust_0138,canceled,2024-08-26,2024-09-11,2024-09-20
ord_00162,cust_0143,processing,2024-05-05,2024-06-03,2024-05-14
ord_00163,cust_0292,processing,2024-05-04,2024-05-31,2024-05-25
ord_00164,cust_0436,canceled,2024-06-21,2024-06-24,2024-07-13
ord_00165,cust_0182,canceled,2024-04-03,2024-04-21,2024-04-16
ord_00166,cust_0285,delivered,2024-06-23,2024-07-04,2024-07-08
ord_00167,cust_0124,processing,2024-09-21,2024-09-30,2024-09-30
ord_00168,cust_0354,processing,2024-09-07,2024-09-27,2024-09-21
ord_00169,cust_0230,delivered,2024-11-26,2024-12-21,2024-12-18
ord_00170,cust_0208,shipped,2024-02-17,2024-02-29,2024-03-02
ord_00171,cust_0189,processing,2024-06-05,2024-06-29,2024-06-30
ord_00172,cust_0218,canceled,2024-10-10,2024-10-29,2024-10-28
ord_00173,cust_0139,canceled,2024-06-29,2024-07-24,2024-07-20
ord_00174,cust_0370,shipped,2024-05-08,2024-05-18,2024-05-18
ord_00175,cust_0487,shipped,2024-06-10,2024-06-16,2024-07-04
ord_00176,cust_0142,canceled,2024-04-08,2024-04-17,2024-04-30
ord_00177,cust_0152,shipped,2024-02-21,2024-03-21,2024-03-05
ord_00178,cust_0008,shipped,2024-07-03,2024-07-11,2024-07-19
ord_00179,cust_0284,canceled,2024-05-20,2024-05-24,2024-05-28
ord_00180,cust_0053,delivered,2024-12-23,2024-12-30,2025-01-14
ord_00181,cust_0246,processing,2024-10-20,2024-11-01,2024-11-11
ord_00182,cust_0130,processing,2024-06-23,2024-07-01,2024-07-01
ord_00183,cust_0206,processing,2024-02-28,2024-03-28,2024-03-08
ord_00184,cust_0078,shipped,2024-02-07,2024-02-28,2024-02-15
ord_00185,cust_0128,delivered,2024-10-15,2024-10-27,2024-10-24
ord_00186,cust_0311,shipped,2024-10-12,2024-11-08,2024-11-01
ord_00187,cust_0466,processing,2024-09-24,2024-10-09,2024-10-15
ord_00188,cust_0220,canceled,2024-06-01,2024-07-01,2024-06-26
ord_00189,cust_0313,delivered,2024-10-18,2024-11-09,2024-10-26
ord_00190,cust_0136,delivered,2024-04-16,2024-05-09,2024-04-29
ord_00191,cust_0283,delivered,2024-03-21,2024-03-31,2024-04-02
ord_00192,cust_0231,processing,2024-03-21,2024-03-24,2024-04-10
ord_00193,cust_0148,canceled,2024-05-29,2024-06-02,2024-06-12
ord_00194,cust_0037,shipped,2024-12-25,2025-01-24,2025-01-15
ord_00195,cust_0339,shipped,2024-05-15,2024-06-12,2024-06-09
ord_00196,cust_0116,shipped,2024-08-05,2024-08-11,2024-08-29
ord_00197,cust_0037,delivered,2024-05-16,2024-06-14,2024-05-27
ord_00198,cust_0305,canceled,2024-03-25,2024-04-22,2024-04-10
ord_00199,cust_0353,canceled,2024-08-12,2024-08-18,2024-09-02
ord_00200,cust_0257,processing,2024-12-24,2025-01-08,2025-01-08
ord_00201,cust_0456,processing,2024-08-12,2024-08-17,2024-08-20
ord_00202,cust_0014,delivered,2024-06-14,2024-07-06,2024-06-29
ord_00203,cust_0301,delivered,2024-04-27,2024-05-21,2024-05-22
ord_00204,cust_0296,delivered,2024-12-10,2025-01-08,2024-12-25
ord_00205,cust_0334,processing,2024-03-30,2024-04-17,2024-04-22
ord_00206,cust_0224,processing,2024-05-22,2024-05-30,2024-06-16
ord_00207,cust_0210,canceled,2024-02-16,2024-03-05,2024-03-05
ord_00208,cust_0440,shipped,2024-06-13,2024-07-07,2024-06-23
ord_00209,cust_0148,processing,2024-06-17,2024-07-03,2024-07-09
ord_00210,cust_0046,canceled,2024-10-08,2024-10-12,2024-10-29
ord_00211,cust_0497,processing,2024-05-09,2024-05-22,2024-05-19
ord_00212,cust_0337,processing,2024-09-20,2024-10-19,2024-09-27
ord_00213,cust_0266,canceled,2024-07-30,2024-08-03,2024-08-12
ord_00214,cust_0321,processing,2024-11-14,2024-12-11,2024-12-06
ord_00215,cust_0282,shipped,2024-01-27,2024-02-05,2024-02-11
ord_00216,cust_0063,delivered,2024-05-27,2024-06-13,2024-06-18
ord_00217,cust_0364,shipped,2024-11-18,2024-12-10,2024-12-02
ord_00218,cust_0283,processing,2024-06-08,2024-06-28,2024-06-15
ord_00219,cust_0237,delivered,2024-02-17,2024-02-27,2024-02-27
ord_00220,cust_0256,canceled,2024-11-27,2024-12-26,2024-12-08
ord_00221,cust_0213,processing,2024-09-17,2024-10-12,2024-10-02
ord_00222,cust_0283,shipped,2024-08-29,2024-09-08,2024-09-19
ord_00223,cust_0383,shipped,2024-07-15,2024-07-24,2024-08-07
ord_00224,cust_0175,canceled,2024-02-05,2024-02-16,2024-02-25
ord_00225,cust_0429,processing,2024-01-02,2024-01-14,2024-01-18
ord_00226,cust_0248,canceled,2024-03-17,2024-04-03,2024-04-10
ord_00227,cust_0194,processing,2024-06-19,2024-07-09,2024-07-13
ord_00228,cust_0358,shipped,2024-06-13,2024-07-13,2024-06-26
ord_00229,cust_0439,processing,2024-10-19,2024-11-03,2024-11-02
ord_00230,cust_0362,processing,2024-01-23,2024-02-05,2024-02-14
ord_00231,cust_0254,delivered,2024-07-16,2024-08-09,2024-07-27
ord_00232,cust_0170,delivered,2024-03-05,2024-03-24,2024-03-30
ord_00233,cust_0467,processing,2024-08-13,2024-08-19,2024-09-05
ord_00234,cust_0210,shipped,2024-01-08,2024-02-03,2024-01-19
ord_00235,cust_0174,processing,2024-02-08,2024-02-26,2024-02-23
ord_00236,cust_0437,processing,2024-11-28,2024-12-03,2024-12-15
ord_00237,cust_0447,delivered,2024-06-11,2024-07-04,2024-07-03
ord_00238,cust_0324,canceled,2024-11-12,2024-11-17,2024-11-26
ord_00239,cust_0223,delivered,2024-04-26,2024-05-22,2024-05-05
ord_00240,cust_0228,shipped,2024-11-20,2024-12-15,2024-11-30
ord_00241,cust_0024,canceled,2024-12-21,2025-01-02,2024-12-28
ord_00242,cust_0192,processing,2024-01-29,2024-02-10,2024-02-16
ord_00243,cust_0211,shipped,2024-03-15,2024-03-25,2024-04-07
ord_00244,cust_0313,processing,2024-03-28,2024-04-05,2024-04-06
ord_00245,cust_0255,shipped,2024-11-13,2024-12-07,2024-11-27
ord_00246,cust_0236,canceled,2024-04-28,2024-05-15,2024-05-13
ord_00247,cust_0462,canceled,2024-12-07,2024-12-10,2024-12-28
ord_00248,cust_0038,processing,2024-12-12,2025-01-01,2024-12-24
ord_00249,cust_0328,processing,2024-06-25,2024-07-16,2024-07-11
ord_00250,cust_0433,canceled,2024-12-19,2024-12-30,2025-01-09
ord_00251,cust_0055,shipped,2024-04-11,2024-04-26,2024-05-03
ord_00252,cust_0295,canceled,2024-07-14,2024-08-04,2024-08-01
ord_00253,cust_0425,processing,2024-12-24,2025-01-05,2024-12-31
ord_00254,cust_0443,delivered,2024-05-20,2024-05-23,2024-06-14
ord_00255,cust_0427,canceled,2024-11-06,2024-12-02,2024-11-28
ord_00256,cust_0113,shipped,2024-04-27,2024-05-19,2024-05-15
ord_00257,cust_0322,delivered,2024-11-13,2024-11-24,2024-11-24
ord_00258,cust_0159,processing,2024-11-17,2024-12-10,2024-11-25
ord_00259,cust_0375,shipped,2024-01-18,2024-02-08,2024-02-05
ord_00260,cust_0383,processing,2024-02-16,2024-02-28,2024-03-04
ord_00261,cust_0403,canceled,2024-03-30,2024-04-08,2024-04-10
ord_00262,cust_0426,shipped,2024-09-28,2024-10-17,2024-10-13
ord_00263,cust_0496,canceled,2024-05-11,2024-06-09,2024-06-02
ord_00264,cust_0240,delivered,2024-06-22,2024-07-20,2024-07-02
ord_00265,cust_0441,processing,2024-03-13,2024-04-09,2024-03-27
ord_00266,cust_0405,processing,2024-10-12,2024-10-26,2024-10-21
ord_00267,cust_0064,processing,2024-01-08,2024-01-19,2024-02-01
ord_00268,cust_0300,processing,2024-07-07,2024-07-31,2024-07-22
ord_00269,cust_0346,shipped,2024-11-22,2024-12-06,2024-12-02
ord_00270,cust_0168,shipped,2024-08-29,2024-09-01,2024-09-22
ord_00271,cust_0466,canceled,2024-11-27,2024-12-02,2024-12-18
ord_00272,cust_0072,delivered,2024-11-28,2024-12-14,2024-12-08
ord_00273,cust_0060,delivered,2024-01-20,2024-02-01,2024-02-11
ord_00274,cust_0199,processing,2024-04-30,2024-05-20,2024-05-11
ord_00275,cust_0215,shipped,2024-07-08,2024-08-01,2024-08-01
ord_00276,cust_0427,processing,2024-07-31,2024-08-23,2024-08-10
ord_00277,cust_0017,canceled,2024-11-11,2024-11-27,2024-11-26
ord_00278,cust_0487,shipped,2024-04-21,2024-05-08,2024-05-12
ord_00279,cust_0279,canceled,2024-07-04,2024-07-10,2024-07-22
ord_00280,cust_0098,delivered,2024-02-01,2024-02-16,2024-02-16
ord_00281,cust_0329,delivered,2024-08-20,2024-08-25,2024-09-02
ord_00282,cust_0125,shipped,2024-01-26,2024-02-23,2024-02-12
ord_00283,cust_0425,shipped,2024-10-16,2024-10-25,2024-10-25
ord_00284,cust_0169,shipped,2024-10-27,2024-11-05,2024-11-10
ord_00285,cust_0440,shipped,2024-11-01,2024-11-04,2024-11-16
ord_00286,cust_0409,shipped,2024-03-07,2024-03-27,2024-03-22
ord_00287,cust_0068,delivered,2024-02-26,2024-03-21,2024-03-04
ord_00288,cust_0302,canceled,2024-07-02,2024-07-30,2024-07-16
ord_00289,cust_0027,shipped,2024-01-09,2024-01-17,2024-01-24
ord_00290,cust_0382,delivered,2024-08-03,2024-08-22,2024-08-13
ord_00291,cust_0263,delivered,2024-08-31,2024-09-17,2024-09-18
ord_00292,cust_0485,delivered,2024-08-19,2024-09-07,2024-09-02
ord_00293,cust_0235,delivered,2024-12-03,2024-12-22,2024-12-19
ord_00294,cust_0219,delivered,2024-02-01,2024-02-19,2024-02-20
ord_00295,cust_0038,delivered,2024-09-08,2024-10-03,2024-09-29
ord_00296,cust_0034,shipped,2024-06-13,2024-07-05,2024-06-24
ord_00297,cust_0281,canceled,2024-05-20,2024-06-11,2024-06-14
ord_00298,cust_0151,processing,2024-07-14,2024-08-05,2024-08-06
ord_00299,cust_0051,delivered,2024-09-15,2024-10-07,2024-10-05
ord_00300,cust_0370,shipped,2024-12-01,2024-12-24,2024-12-25
ord_00301,cust_0212,canceled,2024-08-08,2024-08-25,2024-08-22
ord_00302,cust_0374,delivered,2024-08-20,2024-09-04,2024-09-09
ord_00303,cust_0341,canceled,2024-06-09,2024-06-25,2024-06-26
ord_00304,cust_0035,delivered,2024-07-10,2024-07-17,2024-08-01
ord_00305,cust_0050,canceled,2024-02-13,2024-02-18,2024-03-04
ord_00306,cust_0301,canceled,2024-03-07,2024-03-27,2024-03-15
ord_00307,cust_0182,processing,2024-12-09,2024-12-15,2024-12-29
ord_00308,cust_0181,delivered,2024-01-27,2024-02-08,2024-02-12
ord_00309,cust_0080,processing,2024-10-22,2024-11-10,2024-11-04
ord_00310,cust_0180,canceled,2024-04-24,2024-05-24,2024-05-04
ord_00311,cust_0294,shipped,2024-02-28,2024-03-26,2024-03-14
ord_00312,cust_0499,delivered,2024-08-07,2024-09-06,2024-08-31
ord_00313,cust_0015,shipped,2024-11-07,2024-12-01,2024-11-22
ord_00314,cust_0472,canceled,2024-05-19,2024-06-13,2024-06-04
ord_00315,cust_0446,shipped,2024-06-28,2024-07-01,2024-07-10
ord_00316,cust_0036,shipped,2024-10-16,2024-11-09,2024-11-04
ord_00317,cust_0383,shipped,2024-11-20,2024-11-23,2024-11-29
ord_00318,cust_0175,shipped,2024-07-11,2024-07-27,2024-08-01
ord_00319,cust_0398,delivered,2024-07-08,2024-07-20,2024-07-25
ord_00320,cust_0387,delivered,2024-01-27,2024-02-03,2024-02-08
ord_00321,cust_0227,processing,2024-12-11,2024-12-16,2024-12-26
ord_00322,cust_0213,canceled,2024-09-05,2024-09-27,2024-09-26
ord_00323,cust_0059,canceled,2024-04-20,2024-05-17,2024-05-13
ord_00324,cust_0348,processing,2024-08-08,2024-08-14,2024-08-24
ord_00325,cust_0024,shipped,2024-09-26,2024-10-20,2024-10-12
ord_00326,cust_0004,shipped,2024-07-21,2024-08-12,2024-07-29
ord_00327,cust_0392,canceled,2024-06-03,2024-06-12,2024-06-14
ord_00328,cust_0004,processing,2024-05-28,2024-06-10,2024-06-07
ord_00329,cust_0195,shipped,2024-08-08,2024-08-16,2024-08-19
ord_00330,cust_0037,processing,2024-09-13,2024-10-03,2024-10-01
ord_00331,cust_0236,delivered,2024-01-22,2024-02-07,2024-01-29
ord_00332,cust_0294,processing,2024-06-09,2024-06-30,2024-06-29
ord_00333,cust_0149,delivered,2024-12-29,2025-01-21,2025-01-18
ord_00334,cust_0088,processing,2024-07-26,2024-07-29,2024-08-12
ord_00335,cust_0224,delivered,2024-12-19,2025-01-02,2024-12-28
ord_00336,cust_0206,delivered,2024-05-04,2024-05-20,2024-05-29
ord_00337,cust_0382,canceled,2024-07-21,2024-08-20,2024-08-06
ord_00338,cust_0040,delivered,2024-04-23,2024-05-06,2024-05-05
ord_00339,cust_0464,canceled,2024-09-28,2024-10-17,2024-10-11
ord_00340,cust_0121,delivered,2024-06-28,2024-07-24,2024-07-09
ord_00341,cust_0089,shipped,2024-03-15,2024-03-26,2024-03-28
ord_00342,cust_0488,processing,2024-12-01,2024-12-06,2024-12-13
ord_00343,cust_0390,processing,2024-08-25,2024-09-21,2024-09-19
ord_00344,cust_0443,canceled,2024-12-14,2025-01-04,2024-12-31
ord_00345,cust_0241,processing,2024-03-18,2024-04-04,2024-03-27
ord_00346,cust_0303,delivered,2024-11-19,2024-12-01,2024-12-04
ord_00347,cust_0159,processing,2024-06-29,2024-07-18,2024-07-08
ord_00348,cust_0189,canceled,2024-08-19,2024-08-23,2024-08-27
ord_00349,cust_0315,processing,2024-02-09,2024-03-03,2024-02-18
ord_00350,cust_0489,delivered,2024-08-24,2024-09-14,2024-09-17
ord_00351,cust_0334,shipped,2024-08-18,2024-09-15,2024-09-12
ord_00352,cust_0257,shipped,2024-06-13,2024-07-05,2024-07-05
ord_00353,cust_0416,canceled,2024-02-01,2024-02-18,2024-02-11
ord_00354,cust_0021,shipped,2024-02-13,2024-03-03,2024-02-25
ord_00355,cust_0269,shipped,2024-12-28,2025-01-14,2025-01-18
ord_00356,cust_0199,processing,2024-07-05,2024-07-19,2024-07-21
ord_00357,cust_0405,canceled,2024-06-22,2024-07-16,2024-06-30
ord_00358,cust_0286,processing,2024-02-03,2024-02-16,2024-02-13
ord_00359,cust_0171,delivered,2024-05-25,2024-06-05,2024-06-05
ord_00360,cust_0470,canceled,2024-10-25,2024-11-18,2024-11-05
ord_00361,cust_0067,delivered,2024-06-07,2024-06-30,2024-06-26
ord_00362,cust_0330,canceled,2024-06-07,2024-06-27,2024-06-26
ord_00363,cust_0048,processing,2024-03-06,2024-03-30,2024-03-29
ord_00364,cust_0186,canceled,2024-09-17,2024-10-01,2024-09-24
ord_00365,cust_0486,processing,2024-04-02,2024-04-11,2024-04-19
ord_00366,cust_0080,delivered,2024-04-08,2024-04-18,2024-04-19
ord_00367,cust_0260,delivered,2024-05-31,2024-06-30,2024-06-10
ord_00368,cust_0306,processing,2024-12-04,2024-12-17,2024-12-15
ord_00369,cust_0426,shipped,2024-03-19,2024-03-27,2024-03-31
ord_00370,cust_0187,shipped,2024-08-12,2024-08-16,2024-09-01
ord_00371,cust_0386,processing,2024-08-15,2024-09-06,2024-08-31
ord_00372,cust_0159,processing,2024-04-29,2024-05-19,2024-05-13
ord_00373,cust_0226,processing,2024-04-09,2024-04-23,2024-05-04
ord_00374,cust_0258,processing,2024-05-24,2024-06-20,2024-06-12
ord_00375,cust_0411,shipped,2024-03-23,2024-04-21,2024-04-05
ord_00376,cust_0448,canceled,2024-05-08,2024-05-12,2024-05-30
ord_00377,cust_0436,delivered,2024-10-10,2024-10-16,2024-11-02
ord_00378,cust_0140,processing,2024-05-25,2024-05-30,2024-06-06
ord_00379,cust_0047,shipped,2024-09-19,2024-09-26,2024-10-09
ord_00380,cust_0213,delivered,2024-08-18,2024-09-01,2024-08-25
ord_00381,cust_0121,processing,2024-07-21,2024-08-09,2024-08-08
ord_00382,cust_0015,canceled,2024-02-11,2024-02-25,2024-02-25
ord_00383,cust_0406,shipped,2024-02-20,2024-03-20,2024-03-08
ord_00384,cust_0470,processing,2024-03-11,2024-03-15,2024-03-27
ord_00385,cust_0389,processing,2024-12-22,2025-01-20,2025-01-02
ord_00386,cust_0464,delivered,2024-08-17,2024-09-08,2024-08-24
ord_00387,cust_0428,shipped,2024-01-10,2024-01-21,2024-01-23
ord_00388,cust_0217,delivered,2024-10-07,2024-11-02,2024-10-30
ord_00389,cust_0063,delivered,2024-05-27,2024-06-06,2024-06-12
ord_00390,cust_0033,delivered,2024-05-02,2024-05-18,2024-05-23
ord_00391,cust_0009,shipped,2024-09-12,2024-10-04,2024-10-06
ord_00392,cust_0001,canceled,2024-03-14,2024-03-26,2024-04-03
ord_00393,cust_0096,delivered,2024-05-03,2024-05-24,2024-05-23
ord_00394,cust_0489,delivered,2024-09-25,2024-10-09,2024-10-04
ord_00395,cust_0023,processing,2024-07-18,2024-08-17,2024-08-09
ord_00396,cust_0183,delivered,2024-07-10,2024-07-21,2024-07-17
ord_00397,cust_0396,canceled,2024-06-25,2024-07-05,2024-07-05
ord_00398,cust_0280,canceled,2024-03-09,2024-03-13,2024-03-27
ord_00399,cust_0357,processing,2024-11-25,2024-12-03,2024-12-16
ord_00400,cust_0033,processing,2024-11-19,2024-11-27,2024-11-30
ord_00401,cust_0023,shipped,2024-01-19,2024-01-31,2024-02-01
ord_00402,cust_0264,processing,2024-01-22,2024-02-04,2024-02-07
ord_00403,cust_0019,shipped,2024-10-05,2024-10-23,2024-10-20
ord_00404,cust_0444,canceled,2024-05-26,2024-06-09,2024-06-03
ord_00405,cust_0224,processing,2024-05-19,2024-05-25,2024-06-06
ord_00406,cust_0499,shipped,2024-08-13,2024-08-28,2024-08-30
ord_00407,cust_0189,canceled,2024-09-11,2024-10-06,2024-10-03
ord_00408,cust_0041,processing,2024-02-12,2024-03-09,2024-03-03
ord_00409,cust_0280,canceled,2024-11-04,2024-12-03,2024-11-16
ord_00410,cust_0168,canceled,2024-06-13,2024-06-19,2024-06-22
ord_00411,cust_0086,processing,2024-06-05,2024-06-22,2024-06-25
ord_00412,cust_0373,canceled,2024-06-28,2024-07-15,2024-07-06
ord_00413,cust_0328,delivered,2024-11-10,2024-11-26,2024-11-25
ord_00414,cust_0187,shipped,2024-02-08,2024-03-03,2024-02-27
ord_00415,cust_0018,shipped,2024-01-16,2024-01-23,2024-02-06
ord_00416,cust_0186,processing,2024-02-04,2024-02-14,2024-02-22
ord_00417,cust_0348,processing,2024-10-17,2024-10-21,2024-10-28
ord_00418,cust_0391,delivered,2024-07-08,2024-07-22,2024-07-29
ord_00419,cust_0188,processing,2024-10-20,2024-10-27,2024-11-12
ord_00420,cust_0128,delivered,2024-06-09,2024-07-02,2024-06-24
ord_00421,cust_0256,processing,2024-01-14,2024-02-09,2024-01-26
ord_00422,cust_0397,canceled,2024-10-14,2024-10-20,2024-10-29
ord_00423,cust_0314,canceled,2024-12-26,2025-01-12,2025-01-08
ord_00424,cust_0063,shipped,2024-12-21,2025-01-08,2025-01-03
ord_00425,cust_0461,processing,2024-02-07,2024-02-24,2024-02-19
ord_00426,cust_0342,canceled,2024-02-14,2024-03-13,2024-03-02
ord_00427,cust_0278,canceled,2024-12-29,2025-01-03,2025-01-22
ord_00428,cust_0365,shipped,2024-06-02,2024-07-02,2024-06-14
ord_00429,cust_0063,shipped,2024-07-04,2024-07-23,2024-07-18
ord_00430,cust_0014,canceled,2024-03-12,2024-03-22,2024-04-03
ord_00431,cust_0240,shipped,2024-10-10,2024-10-31,2024-10-28
ord_00432,cust_0159,processing,2024-11-09,2024-11-14,2024-11-18
ord_00433,cust_0394,processing,2024-09-02,2024-09-21,2024-09-22
ord_00434,cust_0498,canceled,2024-10-21,2024-10-26,2024-11-01
ord_00435,cust_0239,canceled,2024-11-24,2024-11-29,2024-12-15
ord_00436,cust_0328,shipped,2024-03-06,2024-04-04,2024-03-30
ord_00437,cust_0467,delivered,2024-03-07,2024-03-23,2024-03-30
ord_00438,cust_0156,shipped,2024-03-04,2024-03-23,2024-03-15
ord_00439,cust_0178,canceled,2024-03-23,2024-04-05,2024-04-06
ord_00440,cust_0326,canceled,2024-02-10,2024-02-21,2024-02-23
ord_00441,cust_0315,delivered,2024-03-05,2024-03-28,2024-03-21
ord_00442,cust_0304,shipped,2024-09-14,2024-10-07,2024-09-26
ord_00443,cust_0432,delivered,2024-03-28,2024-04-21,2024-04-14
ord_00444,cust_0486,canceled,2024-01-15,2024-01-20,2024-01-23
ord_00445,cust_0214,delivered,2024-11-29,2024-12-08,2024-12-24
ord_00446,cust_0149,canceled,2024-09-11,2024-10-04,2024-10-05
ord_00447,cust_0153,processing,2024-09-04,2024-09-14,2024-09-23
ord_00448,cust_0081,processing,2024-02-07,2024-03-03,2024-02-15
ord_00449,cust_0105,canceled,2024-07-31,2024-08-18,2024-08-21
ord_00450,cust_0442,canceled,2024-11-06,2024-11-13,2024-11-23
ord_00451,cust_0390,canceled,2024-06-25,2024-07-10,2024-07-06
ord_00452,cust_0164,shipped,2024-09-20,2024-10-10,2024-09-30
ord_00453,cust_0231,shipped,2024-08-26,2024-09-01,2024-09-10
ord_00454,cust_0149,processing,2024-03-13,2024-03-19,2024-03-21
ord_00455,cust_0493,shipped,2024-11-11,2024-11-27,2024-11-25
ord_00456,cust_0098,shipped,2024-06-16,2024-07-07,2024-07-03
ord_00457,cust_0256,canceled,2024-09-12,2024-10-01,2024-10-03
ord_00458,cust_0484,processing,2024-09-11,2024-09-14,2024-09-20
ord_00459,cust_0111,canceled,2024-09-15,2024-10-02,2024-09-29
ord_00460,cust_0254,processing,2024-01-25,2024-01-29,2024-02-10
ord_00461,cust_0434,delivered,2024-05-26,2024-06-15,2024-06-02
ord_00462,cust_0373,canceled,2024-08-08,2024-08-15,2024-08-23
ord_00463,cust_0206,delivered,2024-07-25,2024-08-08,2024-08-02
ord_00464,cust_0186,canceled,2024-10-18,2024-11-07,2024-10-31
ord_00465,cust_0231,canceled,2024-02-07,2024-02-22,2024-03-01
ord_00466,cust_0066,delivered,2024-11-15,2024-12-09,2024-11-25
ord_00467,cust_0286,canceled,2024-07-20,2024-08-03,2024-08-06
ord_00468,cust_0206,delivered,2024-03-14,2024-03-23,2024-04-06
ord_00469,cust_0366,canceled,2024-01-24,2024-01-28,2024-02-04
ord_00470,cust_0077,shipped,2024-08-30,2024-09-18,2024-09-20
ord_00471,cust_0084,processing,2024-06-16,2024-07-08,2024-07-03
ord_00472,cust_0304,canceled,2024-11-11,2024-12-07,2024-11-27
ord_00473,cust_0273,processing,2024-09-16,2024-10-15,2024-10-09
ord_00474,cust_0244,delivered,2024-12-28,2025-01-18,2025-01-13
ord_00475,cust_0214,canceled,2024-07-07,2024-07-20,2024-07-17
ord_00476,cust_0306,processing,2024-12-18,2025-01-10,2024-12-25
ord_00477,cust_0296,shipped,2024-05-15,2024-06-07,2024-06-09
ord_00478,cust_0088,processing,2024-01-27,2024-02-17,2024-02-18
ord_00479,cust_0017,delivered,2024-03-16,2024-04-14,2024-03-30
ord_00480,cust_0161,processing,2024-04-07,2024-04-10,2024-04-28
ord_00481,cust_0211,processing,2024-03-18,2024-04-03,2024-03-31
ord_00482,cust_0266,shipped,2024-02-01,2024-02-26,2024-02-12
ord_00483,cust_0270,processing,2024-10-14,2024-10-27,2024-11-05
ord_00484,cust_0468,canceled,2024-06-09,2024-06-17,2024-06-30
ord_00485,cust_0313,processing,2024-10-06,2024-10-20,2024-10-21
ord_00486,cust_0286,canceled,2024-04-08,2024-04-18,2024-04-23
ord_00487,cust_0361,shipped,2024-04-25,2024-05-07,2024-05-11
ord_00488,cust_0163,processing,2024-12-19,2025-01-13,2025-01-10
ord_00489,cust_0148,delivered,2024-06-27,2024-07-17,2024-07-12
ord_00490,cust_0195,processing,2024-10-20,2024-11-13,2024-11-13
ord_00491,cust_0149,delivered,2024-06-25,2024-07-22,2024-07-06
ord_00492,cust_0178,processing,2024-05-27,2024-06-21,2024-06-05
ord_00493,cust_0110,shipped,2024-12-01,2024-12-12,2024-12-23
ord_00494,cust_0357,canceled,2024-10-02,2024-10-13,2024-10-26
ord_00495,cust_0123,shipped,2024-03-11,2024-03-17,2024-04-05
ord_00496,cust_0116,shipped,2024-01-26,2024-02-19,2024-02-18
ord_00497,cust_0170,processing,2024-01-27,2024-02-02,2024-02-16
ord_00498,cust_0003,shipped,2024-02-21,2024-03-16,2024-03-03
ord_00499,cust_0245,shipped,2024-07-27,2024-08-19,2024-08-18
ord_00500,cust_0331,delivered,2024-05-27,2024-06-09,2024-06-12
ord_00501,cust_0119,delivered,2024-02-15,2024-03-09,2024-03-11
ord_00502,cust_0479,delivered,2024-03-30,2024-04-15,2024-04-11
ord_00503,cust_0096,canceled,2024-07-22,2024-08-19,2024-08-13
ord_00504,cust_0291,delivered,2024-01-20,2024-01-23,2024-02-05
ord_00505,cust_0329,processing,2024-06-20,2024-07-02,2024-07-11
ord_00506,cust_0240,canceled,2024-03-09,2024-04-08,2024-04-01
ord_00507,cust_0170,shipped,2024-04-08,2024-05-06,2024-04-18
ord_00508,cust_0368,shipped,2024-08-22,2024-09-14,2024-09-06
ord_00509,cust_0405,canceled,2024-01-08,2024-02-03,2024-01-25
ord_00510,cust_0090,processing,2024-10-17,2024-11-10,2024-10-30
ord_00511,cust_0045,processing,2024-08-06,2024-08-25,2024-08-23
ord_00512,cust_0072,processing,2024-12-08,2024-12-14,2024-12-20
ord_00513,cust_0134,processing,2024-06-14,2024-06-24,2024-06-21
ord_00514,cust_0489,canceled,2024-04-30,2024-05-17,2024-05-15
ord_00515,cust_0006,canceled,2024-06-03,2024-06-24,2024-06-28
ord_00516,cust_0032,delivered,2024-11-30,2024-12-14,2024-12-14
ord_00517,cust_0208,canceled,2024-08-26,2024-09-07,2024-09-07
ord_00518,cust_0189,shipped,2024-12-19,2024-12-25,2025-01-04
ord_00519,cust_0079,processing,2024-04-22,2024-04-29,2024-05-14
ord_00520,cust_0360,processing,2024-11-06,2024-11-20,2024-11-26
ord_00521,cust_0391,shipped,2024-10-02,2024-10-30,2024-10-15
ord_00522,cust_0270,processing,2024-12-14,2025-01-10,2024-12-23
ord_00523,cust_0040,delivered,2024-09-27,2024-10-22,2024-10-15
ord_00524,cust_0463,shipped,2024-02-01,2024-03-01,2024-02-25
ord_00525,cust_0085,canceled,2024-10-20,2024-11-09,2024-10-31
ord_00526,cust_0349,shipped,2024-09-23,2024-10-10,2024-10-03
ord_00527,cust_0461,processing,2024-10-25,2024-11-12,2024-11-03
ord_00528,cust_0263,processing,2024-01-29,2024-02-15,2024-02-09
ord_00529,cust_0287,processing,2024-08-21,2024-09-11,2024-08-29
ord_00530,cust_0371,delivered,2024-12-10,2025-01-07,2024-12-26
ord_00531,cust_0382,shipped,2024-07-21,2024-08-01,2024-07-28
ord_00532,cust_0217,canceled,2024-10-23,2024-10-28,2024-10-31
ord_00533,cust_0031,delivered,2024-12-24,2024-12-29,2025-01-17
ord_00534,cust_0210,shipped,2024-08-29,2024-09-02,2024-09-14
ord_00535,cust_0192,processing,2024-03-10,2024-04-06,2024-03-30
ord_00536,cust_0193,delivered,2024-08-17,2024-09-16,2024-09-05
ord_00537,cust_0069,canceled,2024-12-15,2025-01-08,2025-01-08
ord_00538,cust_0202,shipped,2024-03-01,2024-03-09,2024-03-25
ord_00539,cust_0388,delivered,2024-04-24,2024-05-23,2024-05-01
ord_00540,cust_0218,processing,2024-06-01,2024-06-18,2024-06-25
ord_00541,cust_0178,shipped,2024-04-27,2024-05-07,2024-05-18
ord_00542,cust_0017,processing,2024-05-21,2024-05-30,2024-05-31
ord_00543,cust_0124,shipped,2024-11-10,2024-12-07,2024-11-17
ord_00544,cust_0229,delivered,2024-02-04,2024-02-10,2024-02-12
ord_00545,cust_0206,processing,2024-05-05,2024-05-31,2024-05-13
ord_00546,cust_0387,delivered,2024-04-29,2024-05-19,2024-05-12
ord_00547,cust_0120,canceled,2024-03-12,2024-03-31,2024-03-28
ord_00548,cust_0122,canceled,2024-10-22,2024-11-13,2024-11-08
ord_00549,cust_0114,processing,2024-03-14,2024-04-07,2024-04-06
ord_00550,cust_0286,shipped,2024-06-02,2024-06-13,2024-06-10
ord_00551,cust_0285,processing,2024-11-16,2024-12-10,2024-12-06
ord_00552,cust_0403,canceled,2024-01-25,2024-02-08,2024-02-13
ord_00553,cust_0077,canceled,2024-12-22,2025-01-07,2025-01-11
ord_00554,cust_0243,shipped,2024-07-11,2024-07-19,2024-08-04
ord_00555,cust_0413,processing,2024-04-25,2024-05-07,2024-05-06
ord_00556,cust_0496,processing,2024-01-30,2024-02-19,2024-02-19
ord_00557,cust_0199,shipped,2024-10-12,2024-10-31,2024-10-23
ord_00558,cust_0332,delivered,2024-05-10,2024-05-19,2024-05-27
ord_00559,cust_0048,shipped,2024-08-18,2024-09-17,2024-09-05
ord_00560,cust_0345,delivered,2024-01-27,2024-02-07,2024-02-15
ord_00561,cust_0371,shipped,2024-02-07,2024-02-16,2024-03-03
ord_00562,cust_0156,delivered,2024-09-02,2024-09-11,2024-09-19
ord_00563,cust_0383,processing,2024-04-18,2024-04-27,2024-04-28
ord_00564,cust_0204,shipped,2024-05-04,2024-05-29,2024-05-17
ord_00565,cust_0195,processing,2024-10-09,2024-10-22,2024-10-25
ord_00566,cust_0158,canceled,2024-09-30,2024-10-23,2024-10-18
ord_00567,cust_0239,delivered,2024-07-03,2024-07-22,2024-07-25
ord_00568,cust_0469,shipped,2024-08-28,2024-09-24,2024-09-14
ord_00569,cust_0024,shipped,2024-07-08,2024-07-21,2024-07-28
ord_00570,cust_0284,processing,2024-03-15,2024-03-18,2024-03-30
ord_00571,cust_0169,shipped,2024-05-31,2024-06-07,2024-06-13
ord_00572,cust_0256,canceled,2024-07-13,2024-08-03,2024-07-27
ord_00573,cust_0495,processing,2024-05-11,2024-06-07,2024-06-02
ord_00574,cust_0087,shipped,2024-08-23,2024-08-31,2024-09-10
ord_00575,cust_0470,delivered,2024-10-06,2024-10-24,2024-10-18
ord_00576,cust_0484,delivered,2024-09-25,2024-09-29,2024-10-04
ord_00577,cust_0432,shipped,2024-01-04,2024-01-20,2024-01-15
ord_00578,cust_0005,shipped,2024-02-04,2024-02-29,2024-02-15
ord_00579,cust_0031,processing,2024-09-15,2024-10-02,2024-10-03
ord_00580,cust_0004,processing,2024-12-03,2024-12-21,2024-12-10
ord_00581,cust_0370,canceled,2024-01-07,2024-01-10,2024-01-30
ord_00582,cust_0258,processing,2024-10-01,2024-10-13,2024-10-08
ord_00583,cust_0269,shipped,2024-04-01,2024-04-07,2024-04-11
ord_00584,cust_0130,canceled,2024-05-03,2024-05-12,2024-05-26
ord_00585,cust_0041,canceled,2024-05-16,2024-06-13,2024-06-04
ord_00586,cust_0125,shipped,2024-07-26,2024-08-12,2024-08-20
ord_00587,cust_0335,delivered,2024-06-02,2024-06-26,2024-06-11
ord_00588,cust_0194,processing,2024-02-17,2024-03-03,2024-03-07
ord_00589,cust_0360,shipped,2024-01-29,2024-02-21,2024-02-05
ord_00590,cust_0331,canceled,2024-02-12,2024-03-01,2024-03-03
ord_00591,cust_0459,delivered,2024-10-16,2024-11-15,2024-10-26
ord_00592,cust_0244,canceled,2024-04-27,2024-05-06,2024-05-22
ord_00593,cust_0461,delivered,2024-01-24,2024-01-29,2024-02-08
ord_00594,cust_0009,shipped,2024-04-01,2024-05-01,2024-04-18
ord_00595,cust_0476,delivered,2024-10-27,2024-11-03,2024-11-15
ord_00596,cust_0124,processing,2024-06-02,2024-06-10,2024-06-27
ord_00597,cust_0197,shipped,2024-12-12,2025-01-01,2024-12-29
ord_00598,cust_0257,canceled,2024-12-18,2025-01-13,2024-12-27
ord_00599,cust_0119,delivered,2024-01-28,2024-02-03,2024-02-17
ord_00600,cust_0497,canceled,2024-06-23,2024-07-15,2024-07-12
ord_00601,cust_0402,processing,2024-01-16,2024-02-08,2024-01-31
ord_00602,cust_0284,processing,2024-09-08,2024-09-18,2024-09-26
ord_00603,cust_0339,processing,2024-08-09,2024-08-17,2024-09-03
ord_00604,cust_0409,shipped,2024-02-13,2024-03-11,2024-02-29
ord_00605,cust_0079,processing,2024-02-07,2024-02-12,2024-02-22
ord_00606,cust_0379,processing,2024-12-30,2025-01-27,2025-01-10
ord_00607,cust_0047,delivered,2024-06-11,2024-06-25,2024-06-21
ord_00608,cust_0390,canceled,2024-06-06,2024-06-23,2024-06-24
ord_00609,cust_0096,processing,2024-02-22,2024-02-29,2024-03-02
ord_00610,cust_0263,processing,2024-08-17,2024-09-06,2024-09-10
ord_00611,cust_0182,delivered,2024-02-22,2024-02-25,2024-03-02
ord_00612,cust_0443,processing,2024-11-01,2024-11-23,2024-11-18
ord_00613,cust_0199,delivered,2024-01-07,2024-01-19,2024-01-27
ord_00614,cust_0267,shipped,2024-10-13,2024-10-23,2024-11-07
ord_00615,cust_0072,canceled,2024-12-16,2024-12-31,2024-12-28
ord_00616,cust_0075,delivered,2024-06-03,2024-06-14,2024-06-25
ord_00617,cust_0216,canceled,2024-03-26,2024-04-11,2024-04-10
ord_00618,cust_0185,canceled,2024-09-04,2024-10-02,2024-09-13
ord_00619,cust_0305,shipped,2024-05-06,2024-06-01,2024-05-28
ord_00620,cust_0156,delivered,2024-08-22,2024-08-28,2024-09-02
ord_00621,cust_0412,canceled,2024-07-21,2024-08-03,2024-08-09
ord_00622,cust_0418,shipped,2024-08-13,2024-08-26,2024-09-02
ord_00623,cust_0246,canceled,2024-06-02,2024-06-15,2024-06-15
ord_00624,cust_0150,processing,2024-03-31,2024-04-15,2024-04-17
ord_00625,cust_0167,processing,2024-10-21,2024-11-18,2024-11-04
ord_00626,cust_0187,delivered,2024-05-23,2024-06-21,2024-06-11
ord_00627,cust_0280,shipped,2024-10-15,2024-10-24,2024-11-09
ord_00628,cust_0014,processing,2024-12-15,2025-01-11,2025-01-08
ord_00629,cust_0409,canceled,2024-12-28,2025-01-06,2025-01-18
ord_00630,cust_0345,processing,2024-12-20,2024-12-25,2025-01-09
ord_00631,cust_0124,canceled,2024-03-12,2024-04-04,2024-03-28
ord_00632,cust_0405,processing,2024-12-03,2024-12-10,2024-12-23
ord_00633,cust_0299,processing,2024-02-07,2024-02-24,2024-02-29
ord_00634,cust_0279,delivered,2024-09-30,2024-10-19,2024-10-20
ord_00635,cust_0305,delivered,2024-07-03,2024-07-28,2024-07-27
ord_00636,cust_0337,canceled,2024-02-25,2024-03-23,2024-03-10
ord_00637,cust_0289,processing,2024-03-26,2024-04-18,2024-04-03
ord_00638,cust_0055,delivered,2024-06-18,2024-07-16,2024-07-08
ord_00639,cust_0262,shipped,2024-02-20,2024-03-02,2024-03-05
ord_00640,cust_0238,shipped,2024-08-16,2024-08-30,2024-09-04
ord_00641,cust_0054,canceled,2024-06-25,2024-06-28,2024-07-17
ord_00642,cust_0426,shipped,2024-07-31,2024-08-05,2024-08-10
ord_00643,cust_0234,shipped,2024-06-27,2024-07-09,2024-07-14
ord_00644,cust_0244,delivered,2024-09-23,2024-10-11,2024-10-11
ord_00645,cust_0164,delivered,2024-08-12,2024-09-07,2024-09-02
ord_00646,cust_0012,canceled,2024-06-02,2024-06-06,2024-06-12
ord_00647,cust_0477,shipped,2024-11-27,2024-12-03,2024-12-09
ord_00648,cust_0082,canceled,2024-09-21,2024-09-29,2024-10-15
ord_00649,cust_0119,processing,2024-10-13,2024-10-29,2024-11-03
ord_00650,cust_0328,processing,2024-11-18,2024-11-26,2024-11-30
ord_00651,cust_0231,processing,2024-07-21,2024-07-24,2024-08-03
ord_00652,cust_0106,canceled,2024-07-18,2024-07-21,2024-07-31
ord_00653,cust_0296,delivered,2024-12-26,2025-01-23,2025-01-04
ord_00654,cust_0167,shipped,2024-10-01,2024-10-09,2024-10-19
ord_00655,cust_0344,processing,2024-08-22,2024-08-28,2024-09-06
ord_00656,cust_0306,processing,2024-09-27,2024-10-20,2024-10-14
ord_00657,cust_0059,canceled,2024-11-08,2024-11-23,2024-12-03
ord_00658,cust_0317,shipped,2024-06-29,2024-07-29,2024-07-20
ord_00659,cust_0471,delivered,2024-12-10,2025-01-04,2024-12-26
ord_00660,cust_0061,shipped,2024-12-10,2024-12-17,2024-12-27
ord_00661,cust_0192,shipped,2024-06-05,2024-06-11,2024-06-17
ord_00662,cust_0306,shipped,2024-09-18,2024-10-03,2024-10-08
ord_00663,cust_0096,processing,2024-10-21,2024-11-05,2024-11-10
ord_00664,cust_0285,shipped,2024-11-21,2024-12-11,2024-12-03
ord_00665,cust_0096,canceled,2024-09-07,2024-09-19,2024-09-18
ord_00666,cust_0444,canceled,2024-08-18,2024-09-09,2024-08-26
ord_00667,cust_0100,processing,2024-01-05,2024-01-23,2024-01-16
ord_00668,cust_0210,processing,2024-10-14,2024-11-02,2024-11-05
ord_00669,cust_0251,shipped,2024-07-31,2024-08-25,2024-08-21
ord_00670,cust_0408,shipped,2024-02-12,2024-03-04,2024-02-19
ord_00671,cust_0116,canceled,2024-05-29,2024-06-02,2024-06-13
ord_00672,cust_0290,processing,2024-03-27,2024-04-23,2024-04-17
ord_00673,cust_0294,delivered,2024-10-08,2024-10-27,2024-10-18
ord_00674,cust_0422,canceled,2024-05-17,2024-06-13,2024-06-10
ord_00675,cust_0390,processing,2024-10-04,2024-11-02,2024-10-12
ord_00676,cust_0053,shipped,2024-10-06,2024-10-15,2024-10-26
ord_00677,cust_0231,canceled,2024-06-01,2024-07-01,2024-06-09
ord_00678,cust_0225,delivered,2024-06-27,2024-07-27,2024-07-06
ord_00679,cust_0353,canceled,2024-05-01,2024-05-10,2024-05-26
ord_00680,cust_0085,shipped,2024-12-29,2025-01-20,2025-01-18
ord_00681,cust_0413,delivered,2024-04-15,2024-05-14,2024-04-28
ord_00682,cust_0144,shipped,2024-10-18,2024-11-01,2024-11-11
ord_00683,cust_0149,canceled,2024-06-14,2024-07-09,2024-06-30
ord_00684,cust_0070,processing,2024-09-20,2024-10-14,2024-09-30
ord_00685,cust_0360,shipped,2024-01-31,2024-02-11,2024-02-11
ord_00686,cust_0425,shipped,2024-05-07,2024-05-14,2024-05-24
ord_00687,cust_0073,canceled,2024-12-12,2024-12-27,2025-01-03
ord_00688,cust_0232,delivered,2024-11-17,2024-12-03,2024-12-06
ord_00689,cust_0207,canceled,2024-11-20,2024-12-18,2024-11-29
ord_00690,cust_0487,processing,2024-12-21,2025-01-04,2025-01-11
ord_00691,cust_0445,delivered,2024-06-16,2024-07-07,2024-06-23
ord_00692,cust_0436,delivered,2024-08-22,2024-09-14,2024-09-09
ord_00693,cust_0496,processing,2024-09-30,2024-10-15,2024-10-13
ord_00694,cust_0166,canceled,2024-04-18,2024-05-06,2024-05-03
ord_00695,cust_0067,processing,2024-06-21,2024-07-11,2024-07-16
ord_00696,cust_0024,delivered,2024-06-24,2024-07-18,2024-07-02
ord_00697,cust_0009,delivered,2024-11-16,2024-12-14,2024-12-07
ord_00698,cust_0001,processing,2024-03-21,2024-04-07,2024-04-11
ord_00699,cust_0452,canceled,2024-04-13,2024-05-08,2024-04-24
ord_00700,cust_0048,canceled,2024-03-22,2024-04-21,2024-04-06
ord_00701,cust_0341,shipped,2024-05-08,2024-05-13,2024-05-26
ord_00702,cust_0372,shipped,2024-01-27,2024-02-11,2024-02-12
ord_00703,cust_0361,delivered,2024-08-07,2024-08-30,2024-08-16
ord_00704,cust_0040,shipped,2024-01-01,2024-01-10,2024-01-23
ord_00705,cust_0349,processing,2024-10-30,2024-11-09,2024-11-22
ord_00706,cust_0419,delivered,2024-01-05,2024-01-08,2024-01-22
ord_00707,cust_0245,delivered,2024-08-04,2024-08-29,2024-08-15
ord_00708,cust_0375,delivered,2024-04-27,2024-05-12,2024-05-06
ord_00709,cust_0452,canceled,2024-02-22,2024-03-06,2024-03-11
ord_00710,cust_0329,shipped,2024-03-11,2024-03-26,2024-03-22
ord_00711,cust_0005,shipped,2024-02-05,2024-02-24,2024-03-01
ord_00712,cust_0322,shipped,2024-08-13,2024-08-27,2024-08-26
ord_00713,cust_0441,shipped,2024-07-29,2024-08-20,2024-08-19
ord_00714,cust_0386,delivered,2024-02-14,2024-02-20,2024-02-25
ord_00715,cust_0180,processing,2024-10-28,2024-11-23,2024-11-16
ord_00716,cust_0127,canceled,2024-06-10,2024-07-08,2024-06-21
ord_00717,cust_0284,canceled,2024-11-26,2024-12-01,2024-12-10
ord_00718,cust_0106,shipped,2024-12-19,2024-12-22,2025-01-04
ord_00719,cust_0402,shipped,2024-07-19,2024-07-31,2024-07-27
ord_00720,cust_0124,processing,2024-09-10,2024-09-25,2024-09-20
ord_00721,cust_0271,delivered,2024-11-22,2024-12-14,2024-12-01
ord_00722,cust_0199,processing,2024-07-03,2024-07-16,2024-07-14
ord_00723,cust_0391,processing,2024-07-06,2024-07-26,2024-07-18
ord_00724,cust_0035,delivered,2024-02-07,2024-02-10,2024-03-03
ord_00725,cust_0473,delivered,2024-05-14,2024-05-23,2024-05-22
ord_00726,cust_0322,processing,2024-07-22,2024-08-10,2024-08-07
ord_00727,cust_0043,shipped,2024-08-04,2024-08-29,2024-08-23
ord_00728,cust_0041,shipped,2024-05-22,2024-05-27,2024-06-07
ord_00729,cust_0201,delivered,2024-03-20,2024-04-09,2024-04-06
ord_00730,cust_0374,shipped,2024-06-07,2024-07-02,2024-06-27
ord_00731,cust_0474,processing,2024-01-30,2024-02-09,2024-02-08
ord_00732,cust_0159,shipped,2024-02-29,2024-03-17,2024-03-08
ord_00733,cust_0360,delivered,2024-03-02,2024-03-05,2024-03-13
ord_00734,cust_0268,canceled,2024-03-24,2024-04-11,2024-04-11
ord_00735,cust_0384,canceled,2024-03-26,2024-04-09,2024-04-06
ord_00736,cust_0172,processing,2024-03-01,2024-03-28,2024-03-08
ord_00737,cust_0135,delivered,2024-05-19,2024-06-07,2024-05-28
ord_00738,cust_0185,delivered,2024-09-11,2024-09-28,2024-10-04
ord_00739,cust_0086,canceled,2024-09-12,2024-10-12,2024-10-07
ord_00740,cust_0458,delivered,2024-03-21,2024-04-01,2024-03-31
ord_00741,cust_0002,delivered,2024-04-26,2024-05-22,2024-05-19
ord_00742,cust_0242,canceled,2024-01-07,2024-01-17,2024-01-15
ord_00743,cust_0477,delivered,2024-07-15,2024-07-22,2024-07-27
ord_00744,cust_0115,canceled,2024-10-10,2024-11-07,2024-10-30
ord_00745,cust_0139,delivered,2024-05-07,2024-05-23,2024-05-24
ord_00746,cust_0258,delivered,2024-10-19,2024-11-02,2024-10-29
ord_00747,cust_0024,processing,2024-04-01,2024-04-11,2024-04-24
ord_00748,cust_0397,canceled,2024-02-05,2024-02-22,2024-02-21
ord_00749,cust_0234,delivered,2024-06-16,2024-06-21,2024-07-10
ord_00750,cust_0289,canceled,2024-07-07,2024-07-16,2024-07-23
ord_00751,cust_0189,processing,2024-11-14,2024-11-24,2024-12-05
ord_00752,cust_0390,shipped,2024-04-10,2024-05-06,2024-05-04
ord_00753,cust_0013,shipped,2024-03-18,2024-03-21,2024-04-07
ord_00754,cust_0487,canceled,2024-10-04,2024-10-18,2024-10-11
ord_00755,cust_0435,canceled,2024-01-01,2024-01-28,2024-01-20
ord_00756,cust_0122,processing,2024-02-23,2024-03-03,2024-03-17
ord_00757,cust_0365,canceled,2024-09-08,2024-09-12,2024-09-19
ord_00758,cust_0460,processing,2024-02-17,2024-02-21,2024-03-02
ord_00759,cust_0499,delivered,2024-12-24,2025-01-07,2025-01-14
ord_00760,cust_0069,processing,2024-10-24,2024-10-30,2024-11-16
ord_00761,cust_0032,processing,2024-02-08,2024-02-29,2024-03-04
ord_00762,cust_0150,canceled,2024-12-05,2024-12-12,2024-12-19
ord_00763,cust_0359,canceled,2024-06-10,2024-07-08,2024-06-29
ord_00764,cust_0120,delivered,2024-06-11,2024-06-28,2024-06-26
ord_00765,cust_0056,shipped,2024-04-13,2024-04-20,2024-05-08
ord_00766,cust_0239,canceled,2024-02-24,2024-03-03,2024-03-16
ord_00767,cust_0184,shipped,2024-07-27,2024-08-02,2024-08-20
ord_00768,cust_0136,delivered,2024-08-19,2024-08-31,2024-09-09
ord_00769,cust_0424,delivered,2024-02-16,2024-02-24,2024-03-03
ord_00770,cust_0076,delivered,2024-04-20,2024-05-19,2024-05-07
ord_00771,cust_0203,delivered,2024-12-30,2025-01-09,2025-01-17
ord_00772,cust_0420,shipped,2024-12-12,2024-12-24,2024-12-27
ord_00773,cust_0285,shipped,2024-01-16,2024-01-31,2024-02-06
ord_00774,cust_0412,shipped,2024-02-18,2024-03-06,2024-02-28
ord_00775,cust_0426,shipped,2024-03-03,2024-03-06,2024-03-11
ord_00776,cust_0191,delivered,2024-03-07,2024-03-16,2024-03-26
ord_00777,cust_0470,delivered,2024-10-25,2024-11-15,2024-11-09
ord_00778,cust_0463,processing,2024-01-12,2024-01-17,2024-01-25
ord_00779,cust_0063,delivered,2024-03-06,2024-03-11,2024-03-23
ord_00780,cust_0474,processing,2024-08-24,2024-08-28,2024-09-05
ord_00781,cust_0196,processing,2024-07-21,2024-08-08,2024-07-28
ord_00782,cust_0466,shipped,2024-03-29,2024-04-12,2024-04-11
ord_00783,cust_0453,shipped,2024-05-20,2024-05-31,2024-06-10
ord_00784,cust_0332,canceled,2024-01-18,2024-02-09,2024-02-01
ord_00785,cust_0246,delivered,2024-09-12,2024-09-28,2024-10-06
ord_00786,cust_0071,processing,2024-02-14,2024-02-25,2024-03-04
ord_00787,cust_0128,delivered,2024-04-12,2024-05-05,2024-05-05
ord_00788,cust_0246,processing,2024-07-14,2024-08-11,2024-08-01
ord_00789,cust_0165,processing,2024-06-25,2024-07-16,2024-07-18
ord_00790,cust_0164,shipped,2024-05-18,2024-05-26,2024-05-25
ord_00791,cust_0030,processing,2024-01-16,2024-02-13,2024-01-31
ord_00792,cust_0120,shipped,2024-09-28,2024-10-12,2024-10-23
ord_00793,cust_0137,delivered,2024-02-21,2024-03-02,2024-03-06
ord_00794,cust_0182,shipped,2024-04-22,2024-05-13,2024-05-11
ord_00795,cust_0163,canceled,2024-03-31,2024-04-10,2024-04-25
ord_00796,cust_0486,shipped,2024-10-29,2024-11-01,2024-11-16
ord_00797,cust_0278,canceled,2024-10-15,2024-10-24,2024-11-06
ord_00798,cust_0047,delivered,2024-03-30,2024-04-17,2024-04-07
ord_00799,cust_0011,processing,2024-04-29,2024-05-21,2024-05-13
ord_00800,cust_0413,shipped,2024-01-01,2024-01-14,2024-01-14
ord_00801,cust_0471,canceled,2024-06-23,2024-07-18,2024-07-05
ord_00802,cust_0301,shipped,2024-01-31,2024-02-03,2024-02-11
ord_00803,cust_0441,canceled,2024-02-26,2024-03-27,2024-03-20
ord_00804,cust_0301,delivered,2024-02-07,2024-02-21,2024-02-26
ord_00805,cust_0070,shipped,2024-06-21,2024-07-03,2024-07-08
ord_00806,cust_0333,canceled,2024-08-11,2024-09-08,2024-09-02
ord_00807,cust_0356,canceled,2024-03-30,2024-04-24,2024-04-23
ord_00808,cust_0418,shipped,2024-04-24,2024-05-18,2024-05-19
ord_00809,cust_0066,shipped,2024-07-12,2024-07-24,2024-07-28
ord_00810,cust_0201,delivered,2024-01-01,2024-01-26,2024-01-26
ord_00811,cust_0472,shipped,2024-04-03,2024-04-25,2024-04-20
ord_00812,cust_0480,processing,2024-11-23,2024-12-14,2024-12-03
ord_00813,cust_0122,canceled,2024-03-13,2024-03-26,2024-03-22
ord_00814,cust_0421,canceled,2024-06-12,2024-06-20,2024-06-21
ord_00815,cust_0108,shipped,2024-08-16,2024-08-19,2024-08-31
ord_00816,cust_0132,delivered,2024-12-20,2024-12-25,2025-01-07
ord_00817,cust_0225,processing,2024-01-01,2024-01-05,2024-01-20
ord_00818,cust_0452,processing,2024-03-26,2024-04-11,2024-04-17
ord_00819,cust_0052,processing,2024-06-28,2024-07-18,2024-07-17
ord_00820,cust_0084,processing,2024-10-22,2024-11-14,2024-11-05
ord_00821,cust_0151,delivered,2024-02-07,2024-03-06,2024-02-15
ord_00822,cust_0038,canceled,2024-06-12,2024-06-23,2024-06-22
ord_00823,cust_0375,delivered,2024-03-28,2024-04-12,2024-04-09
ord_00824,cust_0305,processing,2024-10-07,2024-10-12,2024-10-24
ord_00825,cust_0483,shipped,2024-12-26,2024-12-29,2025-01-15
ord_00826,cust_0028,delivered,2024-11-06,2024-11-22,2024-11-18
ord_00827,cust_0210,canceled,2024-06-18,2024-06-27,2024-07-01
ord_00828,cust_0122,delivered,2024-12-04,2024-12-16,2024-12-20
ord_00829,cust_0282,processing,2024-01-26,2024-02-10,2024-02-20
ord_00830,cust_0002,processing,2024-03-19,2024-03-23,2024-04-06
ord_00831,cust_0103,delivered,2024-02-14,2024-02-26,2024-03-07
ord_00832,cust_0327,canceled,2024-01-14,2024-01-23,2024-01-26
ord_00833,cust_0158,processing,2024-02-11,2024-02-29,2024-02-21
ord_00834,cust_0047,processing,2024-08-29,2024-09-16,2024-09-13
ord_00835,cust_0190,shipped,2024-04-04,2024-04-18,2024-04-23
ord_00836,cust_0226,processing,2024-08-16,2024-08-20,2024-08-31
ord_00837,cust_0289,delivered,2024-05-14,2024-05-24,2024-05-29
ord_00838,cust_0044,canceled,2024-03-18,2024-04-14,2024-03-28
ord_00839,cust_0117,delivered,2024-10-04,2024-10-20,2024-10-29
ord_00840,cust_0215,processing,2024-07-17,2024-08-15,2024-08-09
ord_00841,cust_0154,delivered,2024-10-20,2024-10-30,2024-11-11
ord_00842,cust_0258,shipped,2024-07-21,2024-08-20,2024-07-29
ord_00843,cust_0089,shipped,2024-03-02,2024-03-29,2024-03-23
ord_00844,cust_0065,delivered,2024-04-18,2024-05-16,2024-05-01
ord_00845,cust_0104,shipped,2024-08-04,2024-08-09,2024-08-24
ord_00846,cust_0467,delivered,2024-10-31,2024-11-11,2024-11-17
ord_00847,cust_0204,canceled,2024-02-14,2024-02-29,2024-03-09
ord_00848,cust_0470,delivered,2024-05-21,2024-06-09,2024-06-11
ord_00849,cust_0268,processing,2024-12-24,2025-01-15,2025-01-18
ord_00850,cust_0076,delivered,2024-02-27,2024-03-14,2024-03-09
ord_00851,cust_0403,canceled,2024-02-24,2024-03-16,2024-03-05
ord_00852,cust_0136,processing,2024-10-01,2024-10-15,2024-10-21
ord_00853,cust_0312,processing,2024-12-01,2024-12-19,2024-12-26
ord_00854,cust_0207,shipped,2024-01-20,2024-01-28,2024-02-04
ord_00855,cust_0020,processing,2024-11-12,2024-12-04,2024-12-01
ord_00856,cust_0026,processing,2024-06-18,2024-07-13,2024-07-02
ord_00857,cust_0173,canceled,2024-05-17,2024-05-31,2024-05-24
ord_00858,cust_0440,delivered,2024-06-08,2024-06-19,2024-06-30
ord_00859,cust_0499,processing,2024-04-26,2024-05-03,2024-05-12
ord_00860,cust_0310,delivered,2024-06-13,2024-06-24,2024-07-03
ord_00861,cust_0468,processing,2024-04-06,2024-04-23,2024-04-19
ord_00862,cust_0445,canceled,2024-09-05,2024-10-02,2024-09-28
ord_00863,cust_0034,canceled,2024-01-29,2024-02-17,2024-02-10
ord_00864,cust_0070,delivered,2024-12-29,2025-01-17,2025-01-17
ord_00865,cust_0429,delivered,2024-03-29,2024-04-07,2024-04-11
ord_00866,cust_0026,canceled,2024-05-07,2024-05-11,2024-05-28
ord_00867,cust_0189,processing,2024-12-26,2025-01-04,2025-01-10
ord_00868,cust_0349,delivered,2024-09-15,2024-09-30,2024-09-25
ord_00869,cust_0305,processing,2024-05-03,2024-05-17,2024-05-25
ord_00870,cust_0301,canceled,2024-03-31,2024-04-30,2024-04-22
ord_00871,cust_0384,delivered,2024-06-25,2024-07-03,2024-07-10
ord_00872,cust_0026,shipped,2024-05-25,2024-05-28,2024-06-13
ord_00873,cust_0439,shipped,2024-10-19,2024-11-15,2024-11-01
ord_00874,cust_0138,processing,2024-11-27,2024-12-07,2024-12-10
ord_00875,cust_0243,shipped,2024-09-19,2024-09-22,2024-09-26
ord_00876,cust_0115,canceled,2024-11-27,2024-12-05,2024-12-04
ord_00877,cust_0365,canceled,2024-11-07,2024-12-05,2024-11-23
ord_00878,cust_0236,canceled,2024-08-04,2024-08-19,2024-08-22
ord_00879,cust_0347,processing,2024-04-21,2024-05-08,2024-05-07
ord_00880,cust_0262,canceled,2024-10-26,2024-11-01,2024-11-02
ord_00881,cust_0153,delivered,2024-10-14,2024-11-06,2024-10-30
ord_00882,cust_0142,canceled,2024-09-03,2024-09-08,2024-09-20
ord_00883,cust_0097,shipped,2024-05-21,2024-06-01,2024-06-06
ord_00884,cust_0461,delivered,2024-09-21,2024-10-18,2024-10-05
ord_00885,cust_0349,shipped,2024-11-03,2024-11-18,2024-11-20
ord_00886,cust_0152,canceled,2024-01-14,2024-02-06,2024-02-05
ord_00887,cust_0378,delivered,2024-08-02,2024-08-17,2024-08-21
ord_00888,cust_0418,shipped,2024-10-25,2024-11-19,2024-11-19
ord_00889,cust_0352,processing,2024-06-24,2024-07-20,2024-07-08
ord_00890,cust_0154,shipped,2024-12-09,2024-12-23,2025-01-01
ord_00891,cust_0151,delivered,2024-12-02,2024-12-22,2024-12-14
ord_00892,cust_0372,shipped,2024-08-29,2024-09-05,2024-09-13
ord_00893,cust_0114,canceled,2024-12-14,2024-12-27,2024-12-23
ord_00894,cust_0216,canceled,2024-04-24,2024-05-20,2024-05-10
ord_00895,cust_0151,processing,2024-07-09,2024-07-20,2024-08-03
ord_00896,cust_0444,delivered,2024-03-01,2024-03-19,2024-03-09
ord_00897,cust_0062,processing,2024-08-29,2024-09-07,2024-09-21
ord_00898,cust_0028,shipped,2024-09-28,2024-10-10,2024-10-18
ord_00899,cust_0210,processing,2024-03-11,2024-03-20,2024-03-28
ord_00900,cust_0399,delivered,2024-03-14,2024-03-27,2024-03-26
ord_00901,cust_0161,delivered,2024-09-06,2024-09-19,2024-09-18
ord_00902,cust_0108,shipped,2024-01-03,2024-01-20,2024-01-18
ord_00903,cust_0251,delivered,2024-10-22,2024-11-18,2024-11-03
ord_00904,cust_0325,processing,2024-03-07,2024-03-29,2024-03-27
ord_00905,cust_0197,delivered,2024-07-25,2024-08-10,2024-08-16
ord_00906,cust_0375,canceled,2024-01-20,2024-02-09,2024-02-02
ord_00907,cust_0098,delivered,2024-01-08,2024-01-21,2024-01-31
ord_00908,cust_0116,canceled,2024-12-12,2024-12-15,2024-12-26
ord_00909,cust_0197,canceled,2024-06-08,2024-06-15,2024-06-18
ord_00910,cust_0153,canceled,2024-03-26,2024-03-31,2024-04-03
ord_00911,cust_0306,canceled,2024-08-21,2024-09-16,2024-09-13
ord_00912,cust_0176,processing,2024-08-10,2024-09-03,2024-08-21
ord_00913,cust_0085,processing,2024-07-02,2024-07-29,2024-07-15
ord_00914,cust_0373,shipped,2024-01-10,2024-01-20,2024-01-24
ord_00915,cust_0302,shipped,2024-04-18,2024-05-14,2024-04-25
ord_00916,cust_0193,canceled,2024-03-04,2024-03-18,2024-03-12
ord_00917,cust_0305,delivered,2024-09-30,2024-10-22,2024-10-08
ord_00918,cust_0025,delivered,2024-12-04,2024-12-10,2024-12-11
ord_00919,cust_0064,canceled,2024-08-01,2024-08-18,2024-08-20
ord_00920,cust_0106,delivered,2024-08-30,2024-09-24,2024-09-10
ord_00921,cust_0340,canceled,2024-06-03,2024-06-19,2024-06-13
ord_00922,cust_0215,delivered,2024-11-14,2024-12-06,2024-11-25
ord_00923,cust_0145,delivered,2024-09-18,2024-10-14,2024-09-28
ord_00924,cust_0312,shipped,2024-02-24,2024-03-13,2024-03-08
ord_00925,cust_0499,shipped,2024-05-14,2024-06-12,2024-06-06
ord_00926,cust_0152,shipped,2024-07-02,2024-07-27,2024-07-22
ord_00927,cust_0467,shipped,2024-01-21,2024-02-10,2024-02-12
ord_00928,cust_0121,delivered,2024-12-18,2025-01-05,2025-01-04
ord_00929,cust_0465,delivered,2024-01-07,2024-01-31,2024-01-16
ord_00930,cust_0077,delivered,2024-10-20,2024-11-13,2024-11-11
ord_00931,cust_0464,canceled,2024-09-18,2024-09-23,2024-09-28
ord_00932,cust_0152,canceled,2024-11-25,2024-12-05,2024-12-16
ord_00933,cust_0417,shipped,2024-08-25,2024-08-29,2024-09-04
ord_00934,cust_0185,canceled,2024-01-21,2024-02-20,2024-02-06
ord_00935,cust_0049,delivered,2024-08-06,2024-09-01,2024-08-16
ord_00936,cust_0340,shipped,2024-01-05,2024-02-04,2024-01-16
ord_00937,cust_0490,canceled,2024-06-17,2024-07-01,2024-07-08
ord_00938,cust_0094,delivered,2024-02-17,2024-03-02,2024-03-05
ord_00939,cust_0140,processing,2024-07-24,2024-08-08,2024-08-14
ord_00940,cust_0410,processing,2024-12-19,2025-01-18,2025-01-10
ord_00941,cust_0058,shipped,2024-11-28,2024-12-26,2024-12-10
ord_00942,cust_0483,shipped,2024-12-22,2025-01-17,2024-12-30
ord_00943,cust_0248,processing,2024-02-23,2024-03-10,2024-03-19
ord_00944,cust_0399,canceled,2024-04-02,2024-04-24,2024-04-21
ord_00945,cust_0248,processing,2024-11-09,2024-11-12,2024-11-20
ord_00946,cust_0024,delivered,2024-02-27,2024-03-14,2024-03-19
ord_00947,cust_0007,shipped,2024-05-13,2024-06-05,2024-05-30
ord_00948,cust_0266,delivered,2024-12-08,2025-01-07,2024-12-25
ord_00949,cust_0247,canceled,2024-08-09,2024-09-02,2024-08-23
ord_00950,cust_0077,delivered,2024-12-05,2024-12-29,2024-12-24
ord_00951,cust_0259,processing,2024-01-06,2024-01-29,2024-01-18
ord_00952,cust_0039,processing,2024-09-10,2024-10-10,2024-09-22
ord_00953,cust_0497,canceled,2024-06-13,2024-06-23,2024-06-30
ord_00954,cust_0282,processing,2024-01-26,2024-02-14,2024-02-09
ord_00955,cust_0041,processing,2024-07-25,2024-08-23,2024-08-08
ord_00956,cust_0230,delivered,2024-08-15,2024-09-12,2024-09-09
ord_00957,cust_0061,processing,2024-09-12,2024-09-29,2024-09-29
ord_00958,cust_0207,processing,2024-11-30,2024-12-03,2024-12-10
ord_00959,cust_0001,delivered,2024-01-19,2024-02-08,2024-02-12
ord_00960,cust_0456,shipped,2024-11-05,2024-11-27,2024-11-21
ord_00961,cust_0487,canceled,2024-12-01,2024-12-25,2024-12-22
ord_00962,cust_0419,shipped,2024-07-05,2024-08-03,2024-07-13
ord_00963,cust_0393,processing,2024-08-20,2024-09-02,2024-09-13
ord_00964,cust_0059,delivered,2024-12-02,2024-12-16,2024-12-23
ord_00965,cust_0175,canceled,2024-12-03,2024-12-13,2024-12-10
ord_00966,cust_0281,canceled,2024-11-20,2024-12-18,2024-12-06
ord_00967,cust_0460,shipped,2024-12-25,2024-12-31,2025-01-02
ord_00968,cust_0055,canceled,2024-09-09,2024-09-16,2024-09-29
ord_00969,cust_0062,processing,2024-11-08,2024-11-17,2024-11-21
ord_00970,cust_0367,canceled,2024-04-20,2024-05-07,2024-05-03
ord_00971,cust_0024,delivered,2024-02-25,2024-03-23,2024-03-16
ord_00972,cust_0490,shipped,2024-08-18,2024-09-04,2024-09-12
ord_00973,cust_0377,delivered,2024-09-12,2024-09-15,2024-10-05
ord_00974,cust_0248,shipped,2024-10-10,2024-10-26,2024-11-04
ord_00975,cust_0375,shipped,2024-12-20,2025-01-10,2025-01-01
ord_00976,cust_0259,processing,2024-02-23,2024-03-09,2024-03-11
ord_00977,cust_0141,processing,2024-08-02,2024-08-24,2024-08-16
ord_00978,cust_0413,shipped,2024-06-24,2024-07-06,2024-07-15
ord_00979,cust_0154,canceled,2024-03-11,2024-03-27,2024-04-03
ord_00980,cust_0324,shipped,2024-12-30,2025-01-25,2025-01-23
ord_00981,cust_0352,canceled,2024-04-12,2024-04-21,2024-04-28
ord_00982,cust_0258,canceled,2024-12-10,2024-12-17,2024-12-22
ord_00983,cust_0288,processing,2024-12-29,2025-01-04,2025-01-16
ord_00984,cust_0346,canceled,2024-10-25,2024-11-15,2024-11-14
ord_00985,cust_0268,delivered,2024-08-04,2024-09-01,2024-08-11
ord_00986,cust_0028,delivered,2024-01-13,2024-01-28,2024-01-24
ord_00987,cust_0147,canceled,2024-04-12,2024-04-23,2024-04-24
ord_00988,cust_0354,canceled,2024-03-15,2024-04-13,2024-03-23
ord_00989,cust_0017,canceled,2024-04-14,2024-05-11,2024-05-08
ord_00990,cust_0443,shipped,2024-08-19,2024-08-25,2024-09-12
ord_00991,cust_0122,canceled,2024-11-27,2024-12-17,2024-12-16
ord_00992,cust_0475,processing,2024-12-20,2025-01-13,2024-12-28
ord_00993,cust_0495,delivered,2024-07-17,2024-08-02,2024-08-03
ord_00994,cust_0104,processing,2024-01-07,2024-02-02,2024-01-22
ord_00995,cust_0387,shipped,2024-04-25,2024-05-18,2024-05-13
ord_00996,cust_0091,delivered,2024-04-09,2024-04-21,2024-04-30
ord_00997,cust_0062,processing,2024-04-05,2024-04-13,2024-04-28
ord_00998,cust_0285,canceled,2024-01-21,2024-02-06,2024-02-05
ord_00999,cust_0434,canceled,2024-03-07,2024-03-15,2024-04-01
ord_01000,cust_0364,shipped,2024-01-03,2024-01-16,2024-01-24
ord_01001,cust_0306,delivered,2024-01-21,2024-01-28,2024-02-07
ord_01002,cust_0252,canceled,2024-11-16,2024-12-08,2024-12-02
ord_01003,cust_0270,shipped,2024-02-07,2024-03-06,2024-02-24
ord_01004,cust_0403,shipped,2024-04-04,2024-04-23,2024-04-13
ord_01005,cust_0207,delivered,2024-07-31,2024-08-20,2024-08-24
ord_01006,cust_0340,canceled,2024-06-27,2024-07-07,2024-07-10
ord_01007,cust_0112,processing,2024-06-18,2024-07-02,2024-07-04
ord_01008,cust_0059,canceled,2024-10-14,2024-11-12,2024-10-21
ord_01009,cust_0491,delivered,2024-08-16,2024-08-26,2024-08-30
ord_01010,cust_0469,delivered,2024-12-15,2024-12-28,2025-01-03
ord_01011,cust_0371,canceled,2024-07-16,2024-07-27,2024-08-09
ord_01012,cust_0264,processing,2024-01-13,2024-02-01,2024-01-31
ord_01013,cust_0460,shipped,2024-09-06,2024-09-10,2024-09-22
ord_01014,cust_0486,delivered,2024-06-13,2024-07-02,2024-06-22
ord_01015,cust_0274,delivered,2024-03-26,2024-04-22,2024-04-19
ord_01016,cust_0344,shipped,2024-11-16,2024-11-21,2024-11-29
ord_01017,cust_0106,processing,2024-12-16,2025-01-01,2024-12-26
ord_01018,cust_0383,shipped,2024-11-27,2024-12-26,2024-12-06
ord_01019,cust_0020,delivered,2024-01-13,2024-01-30,2024-01-30
ord_01020,cust_0407,canceled,2024-02-07,2024-02-11,2024-02-19
ord_01021,cust_0421,shipped,2024-10-12,2024-10-17,2024-11-06
ord_01022,cust_0231,processing,2024-05-12,2024-05-28,2024-05-31
ord_01023,cust_0200,delivered,2024-08-09,2024-08-22,2024-08-16
ord_01024,cust_0388,delivered,2024-09-30,2024-10-03,2024-10-09
ord_01025,cust_0184,delivered,2024-12-24,2025-01-23,2025-01-02
ord_01026,cust_0311,delivered,2024-05-28,2024-06-25,2024-06-13
ord_01027,cust_0196,processing,2024-05-24,2024-06-20,2024-06-14
ord_01028,cust_0081,shipped,2024-12-04,2024-12-07,2024-12-26
ord_01029,cust_0408,canceled,2024-03-10,2024-04-05,2024-03-29
ord_01030,cust_0347,canceled,2024-11-20,2024-11-27,2024-12-06
ord_01031,cust_0073,delivered,2024-01-06,2024-01-26,2024-01-30
ord_01032,cust_0306,processing,2024-01-22,2024-01-25,2024-02-16
ord_01033,cust_0157,shipped,2024-10-02,2024-10-22,2024-10-11
ord_01034,cust_0464,shipped,2024-06-25,2024-07-04,2024-07-15
ord_01035,cust_0316,canceled,2024-03-23,2024-03-31,2024-04-06
ord_01036,cust_0344,delivered,2024-04-09,2024-04-15,2024-04-21
ord_01037,cust_0038,canceled,2024-10-08,2024-10-25,2024-11-01
ord_01038,cust_0051,shipped,2024-12-09,2024-12-14,2024-12-24
ord_01039,cust_0183,shipped,2024-10-24,2024-11-11,2024-11-10
ord_01040,cust_0052,canceled,2024-12-09,2025-01-01,2024-12-23
ord_01041,cust_0163,processing,2024-11-13,2024-11-18,2024-11-26
ord_01042,cust_0356,shipped,2024-08-18,2024-08-31,2024-09-03
ord_01043,cust_0414,canceled,2024-10-16,2024-11-06,2024-11-03
ord_01044,cust_0161,shipped,2024-08-07,2024-08-15,2024-08-14
ord_01045,cust_0142,canceled,2024-04-23,2024-05-18,2024-05-13
ord_01046,cust_0450,processing,2024-03-09,2024-04-02,2024-03-26
ord_01047,cust_0397,canceled,2024-08-24,2024-09-10,2024-09-11
ord_01048,cust_0090,delivered,2024-09-06,2024-09-26,2024-09-16
ord_01049,cust_0457,shipped,2024-05-23,2024-06-22,2024-06-03
ord_01050,cust_0373,delivered,2024-05-14,2024-06-09,2024-05-23
ord_01051,cust_0324,delivered,2024-01-10,2024-02-09,2024-02-02
ord_01052,cust_0394,shipped,2024-10-24,2024-11-14,2024-11-12
ord_01053,cust_0279,processing,2024-01-19,2024-02-08,2024-02-03
ord_01054,cust_0188,processing,2024-11-30,2024-12-27,2024-12-11
ord_01055,cust_0376,canceled,2024-04-24,2024-05-21,2024-05-19
ord_01056,cust_0262,delivered,2024-03-09,2024-03-26,2024-04-01
ord_01057,cust_0006,shipped,2024-07-22,2024-08-05,2024-08-14
ord_01058,cust_0388,shipped,2024-11-10,2024-12-04,2024-11-22
ord_01059,cust_0290,shipped,2024-08-16,2024-08-24,2024-08-28
ord_01060,cust_0113,processing,2024-09-04,2024-09-18,2024-09-12
ord_01061,cust_0190,shipped,2024-04-28,2024-05-03,2024-05-13
ord_01062,cust_0266,canceled,2024-01-22,2024-02-15,2024-02-04
ord_01063,cust_0452,delivered,2024-07-17,2024-08-04,2024-08-07
ord_01064,cust_0053,canceled,2024-01-21,2024-02-13,2024-02-07
ord_01065,cust_0292,shipped,2024-05-14,2024-06-04,2024-06-07
ord_01066,cust_0188,delivered,2024-07-11,2024-08-03,2024-07-30
ord_01067,cust_0499,shipped,2024-09-21,2024-10-02,2024-10-10
ord_01068,cust_0419,canceled,2024-09-21,2024-10-06,2024-10-09
ord_01069,cust_0455,delivered,2024-09-06,2024-10-04,2024-09-28
ord_01070,cust_0085,shipped,2024-09-13,2024-09-20,2024-10-04
ord_01071,cust_0109,shipped,2024-02-09,2024-02-28,2024-02-24
ord_01072,cust_0309,delivered,2024-04-05,2024-04-13,2024-04-23
ord_01073,cust_0416,canceled,2024-12-04,2024-12-14,2024-12-24
ord_01074,cust_0246,shipped,2024-02-28,2024-03-17,2024-03-21
ord_01075,cust_0012,shipped,2024-10-29,2024-11-06,2024-11-18
ord_01076,cust_0304,shipped,2024-01-23,2024-01-30,2024-02-17
ord_01077,cust_0021,shipped,2024-03-09,2024-04-01,2024-04-01
ord_01078,cust_0473,shipped,2024-01-29,2024-02-06,2024-02-13
ord_01079,cust_0327,delivered,2024-09-21,2024-10-06,2024-10-16
ord_01080,cust_0485,delivered,2024-12-04,2025-01-02,2024-12-20
ord_01081,cust_0445,processing,2024-04-20,2024-05-07,2024-05-12
ord_01082,cust_0308,shipped,2024-03-28,2024-04-07,2024-04-17
ord_01083,cust_0320,canceled,2024-10-25,2024-11-23,2024-11-06
ord_01084,cust_0473,processing,2024-03-26,2024-04-21,2024-04-12
ord_01085,cust_0118,processing,2024-11-01,2024-11-22,2024-11-10
ord_01086,cust_0009,shipped,2024-07-16,2024-07-23,2024-07-26
ord_01087,cust_0351,processing,2024-09-24,2024-10-24,2024-10-17
ord_01088,cust_0091,processing,2024-03-17,2024-04-08,2024-03-27
ord_01089,cust_0450,delivered,2024-11-10,2024-12-02,2024-11-18
ord_01090,cust_0462,delivered,2024-02-17,2024-03-06,2024-02-28
ord_01091,cust_0268,processing,2024-12-13,2025-01-05,2025-01-02
ord_01092,cust_0358,processing,2024-07-08,2024-08-07,2024-07-16
ord_01093,cust_0405,processing,2024-04-27,2024-05-25,2024-05-19
ord_01094,cust_0051,processing,2024-06-28,2024-07-19,2024-07-23
ord_01095,cust_0393,shipped,2024-03-09,2024-03-20,2024-03-31
ord_01096,cust_0210,canceled,2024-02-12,2024-02-24,2024-03-07
ord_01097,cust_0296,delivered,2024-04-06,2024-04-09,2024-04-13
ord_01098,cust_0336,shipped,2024-09-23,2024-09-26,2024-10-12
ord_01099,cust_0210,canceled,2024-12-18,2025-01-15,2025-01-04
ord_01100,cust_0334,canceled,2024-02-24,2024-03-02,2024-03-15
ord_01101,cust_0217,canceled,2024-05-13,2024-06-12,2024-06-06
ord_01102,cust_0387,shipped,2024-11-09,2024-11-20,2024-11-28
ord_01103,cust_0248,shipped,2024-07-30,2024-08-19,2024-08-23
ord_01104,cust_0248,canceled,2024-07-08,2024-07-28,2024-08-01
ord_01105,cust_0397,processing,2024-06-06,2024-06-27,2024-06-24
ord_01106,cust_0383,shipped,2024-03-11,2024-04-10,2024-03-21
ord_01107,cust_0052,shipped,2024-08-16,2024-09-13,2024-08-28
ord_01108,cust_0411,delivered,2024-09-17,2024-10-02,2024-10-04
ord_01109,cust_0412,delivered,2024-03-23,2024-04-07,2024-03-30
ord_01110,cust_0046,delivered,2024-03-15,2024-04-02,2024-04-04
ord_01111,cust_0041,delivered,2024-05-14,2024-05-24,2024-06-01
ord_01112,cust_0147,delivered,2024-07-15,2024-07-30,2024-08-07
ord_01113,cust_0225,delivered,2024-03-30,2024-04-22,2024-04-21
ord_01114,cust_0147,shipped,2024-04-13,2024-05-13,2024-05-06
ord_01115,cust_0265,shipped,2024-01-18,2024-02-15,2024-02-10
ord_01116,cust_0185,shipped,2024-11-10,2024-11-18,2024-11-18
ord_01117,cust_0045,canceled,2024-12-01,2024-12-04,2024-12-13
ord_01118,cust_0208,shipped,2024-07-23,2024-08-06,2024-08-11
ord_01119,cust_0471,delivered,2024-09-22,2024-09-25,2024-10-01
ord_01120,cust_0469,canceled,2024-10-08,2024-10-20,2024-11-01
ord_01121,cust_0116,shipped,2024-06-26,2024-07-25,2024-07-11
ord_01122,cust_0003,canceled,2024-08-20,2024-09-04,2024-09-14
ord_01123,cust_0055,delivered,2024-03-30,2024-04-15,2024-04-22
ord_01124,cust_0485,delivered,2024-09-14,2024-09-26,2024-10-01
ord_01125,cust_0417,canceled,2024-09-19,2024-09-30,2024-10-13
ord_01126,cust_0289,processing,2024-12-21,2025-01-07,2025-01-09
ord_01127,cust_0493,processing,2024-05-04,2024-05-31,2024-05-21
ord_01128,cust_0442,delivered,2024-12-14,2024-12-31,2025-01-08
ord_01129,cust_0035,processing,2024-09-03,2024-09-09,2024-09-18
ord_01130,cust_0347,shipped,2024-11-20,2024-12-18,2024-12-04
ord_01131,cust_0265,delivered,2024-06-10,2024-06-26,2024-06-28
ord_01132,cust_0128,canceled,2024-12-24,2025-01-22,2025-01-08
ord_01133,cust_0039,shipped,2024-02-17,2024-03-03,2024-03-05
ord_01134,cust_0112,canceled,2024-08-31,2024-09-13,2024-09-18
ord_01135,cust_0256,shipped,2024-04-03,2024-04-29,2024-04-16
ord_01136,cust_0447,canceled,2024-04-30,2024-05-26,2024-05-14
ord_01137,cust_0428,shipped,2024-04-15,2024-04-25,2024-04-28
ord_01138,cust_0399,delivered,2024-11-12,2024-11-26,2024-11-23
ord_01139,cust_0315,delivered,2024-03-02,2024-03-07,2024-03-24
ord_01140,cust_0191,canceled,2024-10-04,2024-10-08,2024-10-26
ord_01141,cust_0252,shipped,2024-09-09,2024-09-30,2024-09-24
ord_01142,cust_0114,shipped,2024-09-18,2024-09-29,2024-10-07
ord_01143,cust_0245,delivered,2024-01-28,2024-02-16,2024-02-17
ord_01144,cust_0441,shipped,2024-09-14,2024-09-28,2024-10-03
ord_01145,cust_0236,canceled,2024-08-22,2024-08-28,2024-09-14
ord_01146,cust_0346,shipped,2024-12-18,2024-12-21,2024-12-25
ord_01147,cust_0167,canceled,2024-07-13,2024-08-03,2024-07-23
ord_01148,cust_0096,canceled,2024-11-09,2024-12-09,2024-11-24
ord_01149,cust_0491,canceled,2024-05-01,2024-05-12,2024-05-23
ord_01150,cust_0218,shipped,2024-07-06,2024-07-14,2024-07-28
ord_01151,cust_0187,processing,2024-08-02,2024-08-27,2024-08-20
ord_01152,cust_0293,shipped,2024-05-23,2024-06-09,2024-06-04
ord_01153,cust_0417,delivered,2024-10-21,2024-11-14,2024-11-04
ord_01154,cust_0285,processing,2024-05-18,2024-06-15,2024-06-01
ord_01155,cust_0410,shipped,2024-07-14,2024-07-23,2024-07-25
ord_01156,cust_0091,processing,2024-08-30,2024-09-27,2024-09-06
ord_01157,cust_0274,canceled,2024-09-12,2024-09-19,2024-10-05
ord_01158,cust_0288,delivered,2024-09-06,2024-09-18,2024-09-21
ord_01159,cust_0031,shipped,2024-07-22,2024-07-28,2024-08-03
ord_01160,cust_0231,canceled,2024-05-10,2024-05-28,2024-05-20
ord_01161,cust_0287,canceled,2024-05-13,2024-05-27,2024-05-31
ord_01162,cust_0063,canceled,2024-06-25,2024-06-28,2024-07-15
ord_01163,cust_0296,shipped,2024-12-13,2025-01-04,2024-12-26
ord_01164,cust_0345,processing,2024-05-25,2024-06-08,2024-06-11
ord_01165,cust_0315,canceled,2024-08-16,2024-08-21,2024-09-04
ord_01166,cust_0445,shipped,2024-08-25,2024-09-17,2024-09-05
ord_01167,cust_0216,processing,2024-11-23,2024-12-21,2024-12-10
ord_01168,cust_0176,shipped,2024-02-06,2024-02-11,2024-02-18
ord_01169,cust_0364,canceled,2024-06-09,2024-06-22,2024-06-25
ord_01170,cust_0139,processing,2024-11-05,2024-11-28,2024-11-24
ord_01171,cust_0267,processing,2024-07-04,2024-07-30,2024-07-29
ord_01172,cust_0438,delivered,2024-07-30,2024-08-07,2024-08-11
ord_01173,cust_0339,canceled,2024-03-05,2024-03-31,2024-03-19
ord_01174,cust_0108,shipped,2024-12-24,2025-01-19,2025-01-02
ord_01175,cust_0033,processing,2024-07-22,2024-07-28,2024-08-01
ord_01176,cust_0395,processing,2024-10-07,2024-10-11,2024-10-14
ord_01177,cust_0054,canceled,2024-09-25,2024-10-22,2024-10-04
ord_01178,cust_0336,processing,2024-11-12,2024-11-19,2024-11-21
ord_01179,cust_0378,canceled,2024-06-07,2024-06-17,2024-06-21
ord_01180,cust_0068,shipped,2024-08-14,2024-09-06,2024-08-25
ord_01181,cust_0441,canceled,2024-01-15,2024-01-19,2024-02-02
ord_01182,cust_0479,canceled,2024-08-31,2024-09-17,2024-09-24
ord_01183,cust_0497,shipped,2024-10-07,2024-10-24,2024-10-18
ord_01184,cust_0324,processing,2024-10-29,2024-11-20,2024-11-19
ord_01185,cust_0159,canceled,2024-09-25,2024-10-18,2024-10-19
ord_01186,cust_0413,delivered,2024-09-03,2024-09-23,2024-09-17
ord_01187,cust_0212,canceled,2024-08-14,2024-08-26,2024-09-01
ord_01188,cust_0001,shipped,2024-03-20,2024-04-01,2024-03-27
ord_01189,cust_0274,delivered,2024-06-25,2024-07-07,2024-07-17
ord_01190,cust_0154,delivered,2024-12-18,2025-01-05,2025-01-09
ord_01191,cust_0306,shipped,2024-08-08,2024-09-05,2024-08-24
ord_01192,cust_0097,processing,2024-01-04,2024-01-24,2024-01-22
ord_01193,cust_0128,shipped,2024-10-14,2024-10-30,2024-11-02
ord_01194,cust_0113,canceled,2024-11-26,2024-12-11,2024-12-15
ord_01195,cust_0265,canceled,2024-02-10,2024-02-26,2024-02-24
ord_01196,cust_0415,canceled,2024-05-25,2024-06-17,2024-06-18
ord_01197,cust_0094,shipped,2024-07-30,2024-08-08,2024-08-08
ord_01198,cust_0317,processing,2024-05-28,2024-06-03,2024-06-18
ord_01199,cust_0097,canceled,2024-05-19,2024-06-13,2024-06-10
ord_01200,cust_0497,delivered,2024-01-10,2024-01-17,2024-01-18
ord_01201,cust_0138,shipped,2024-04-05,2024-04-11,2024-04-21
ord_01202,cust_0120,delivered,2024-08-12,2024-09-07,2024-08-19
ord_01203,cust_0112,canceled,2024-03-18,2024-03-21,2024-04-09
ord_01204,cust_0191,processing,2024-08-03,2024-08-15,2024-08-25
ord_01205,cust_0170,delivered,2024-12-22,2025-01-19,2024-12-30
ord_01206,cust_0398,processing,2024-03-15,2024-03-19,2024-03-30
ord_01207,cust_0093,shipped,2024-02-06,2024-02-26,2024-02-28
ord_01208,cust_0425,delivered,2024-05-08,2024-06-06,2024-05-27
ord_01209,cust_0198,processing,2024-03-03,2024-03-30,2024-03-17
ord_01210,cust_0102,processing,2024-05-06,2024-06-01,2024-05-14
ord_01211,cust_0243,processing,2024-02-18,2024-03-08,2024-03-02
ord_01212,cust_0082,delivered,2024-12-14,2024-12-26,2024-12-31
ord_01213,cust_0130,processing,2024-10-08,2024-10-27,2024-10-18
ord_01214,cust_0185,delivered,2024-11-22,2024-12-04,2024-12-05
ord_01215,cust_0121,processing,2024-12-07,2024-12-16,2024-12-17
ord_01216,cust_0407,canceled,2024-06-15,2024-06-18,2024-06-27
ord_01217,cust_0405,shipped,2024-10-26,2024-11-01,2024-11-14
ord_01218,cust_0402,processing,2024-01-05,2024-01-09,2024-01-30
ord_01219,cust_0191,delivered,2024-12-18,2025-01-09,2024-12-29
ord_01220,cust_0047,canceled,2024-05-07,2024-05-15,2024-05-29
ord_01221,cust_0183,shipped,2024-11-16,2024-11-20,2024-11-24
ord_01222,cust_0065,processing,2024-12-25,2025-01-14,2025-01-04
ord_01223,cust_0404,canceled,2024-04-29,2024-05-12,2024-05-23
ord_01224,cust_0011,processing,2024-08-12,2024-09-07,2024-08-25
ord_01225,cust_0129,delivered,2024-07-02,2024-07-28,2024-07-13
ord_01226,cust_0287,canceled,2024-09-05,2024-09-30,2024-09-26
ord_01227,cust_0098,shipped,2024-10-04,2024-10-29,2024-10-26
ord_01228,cust_0375,processing,2024-10-05,2024-10-19,2024-10-22
ord_01229,cust_0083,delivered,2024-05-20,2024-06-19,2024-06-13
ord_01230,cust_0152,canceled,2024-09-28,2024-10-05,2024-10-19
ord_01231,cust_0001,processing,2024-10-04,2024-10-18,2024-10-25
ord_01232,cust_0398,shipped,2024-04-04,2024-04-07,2024-04-22
ord_01233,cust_0338,processing,2024-06-13,2024-07-09,2024-06-22
ord_01234,cust_0393,shipped,2024-04-07,2024-04-26,2024-04-29
ord_01235,cust_0210,canceled,2024-11-09,2024-11-21,2024-11-26
ord_01236,cust_0338,delivered,2024-02-26,2024-03-03,2024-03-20
ord_01237,cust_0092,delivered,2024-01-23,2024-02-21,2024-02-03
ord_01238,cust_0099,delivered,2024-04-13,2024-04-19,2024-05-05
ord_01239,cust_0337,processing,2024-01-17,2024-02-07,2024-02-05
ord_01240,cust_0132,delivered,2024-09-26,2024-10-18,2024-10-21
ord_01241,cust_0007,shipped,2024-07-06,2024-07-16,2024-07-15
ord_01242,cust_0240,delivered,2024-12-01,2024-12-19,2024-12-10
ord_01243,cust_0421,canceled,2024-07-03,2024-07-23,2024-07-23
ord_01244,cust_0271,delivered,2024-12-28,2025-01-01,2025-01-12
ord_01245,cust_0040,shipped,2024-02-06,2024-03-06,2024-02-22
ord_01246,cust_0372,shipped,2024-09-22,2024-09-28,2024-10-02
ord_01247,cust_0099,shipped,2024-09-29,2024-10-14,2024-10-12
ord_01248,cust_0286,processing,2024-10-18,2024-11-10,2024-10-30
ord_01249,cust_0184,processing,2024-02-24,2024-03-22,2024-03-20
ord_01250,cust_0453,delivered,2024-12-25,2025-01-18,2025-01-14
ord_01251,cust_0282,processing,2024-03-26,2024-04-23,2024-04-07
ord_01252,cust_0274,processing,2024-09-15,2024-09-28,2024-09-27
ord_01253,cust_0167,canceled,2024-06-29,2024-07-12,2024-07-23
ord_01254,cust_0423,canceled,2024-07-30,2024-08-26,2024-08-19
ord_01255,cust_0280,shipped,2024-11-07,2024-11-17,2024-12-02
ord_01256,cust_0475,canceled,2024-07-11,2024-08-07,2024-08-04
ord_01257,cust_0492,processing,2024-07-03,2024-07-20,2024-07-24
ord_01258,cust_0146,delivered,2024-01-01,2024-01-27,2024-01-09
ord_01259,cust_0004,canceled,2024-09-22,2024-09-29,2024-10-08
ord_01260,cust_0012,canceled,2024-04-23,2024-05-02,2024-05-10
ord_01261,cust_0293,shipped,2024-10-10,2024-10-29,2024-11-03
ord_01262,cust_0183,shipped,2024-02-18,2024-02-22,2024-03-10
ord_01263,cust_0456,shipped,2024-03-11,2024-03-22,2024-03-29
ord_01264,cust_0048,processing,2024-04-29,2024-05-10,2024-05-15
ord_01265,cust_0371,canceled,2024-10-18,2024-10-27,2024-10-27
ord_01266,cust_0423,delivered,2024-09-04,2024-09-12,2024-09-26
ord_01267,cust_0020,processing,2024-10-31,2024-11-23,2024-11-16
ord_01268,cust_0472,canceled,2024-02-10,2024-03-08,2024-02-18
ord_01269,cust_0214,delivered,2024-06-27,2024-07-26,2024-07-17
ord_01270,cust_0325,processing,2024-04-26,2024-05-22,2024-05-03
ord_01271,cust_0022,canceled,2024-01-28,2024-02-09,2024-02-20
ord_01272,cust_0168,shipped,2024-10-03,2024-10-24,2024-10-14
ord_01273,cust_0498,processing,2024-03-19,2024-03-23,2024-04-07
ord_01274,cust_0047,shipped,2024-10-31,2024-11-21,2024-11-23
ord_01275,cust_0076,shipped,2024-08-09,2024-08-21,2024-08-28
ord_01276,cust_0293,delivered,2024-06-21,2024-06-26,2024-07-13
ord_01277,cust_0044,processing,2024-10-07,2024-10-22,2024-10-22
ord_01278,cust_0391,shipped,2024-09-13,2024-09-29,2024-09-24
ord_01279,cust_0250,processing,2024-09-03,2024-09-23,2024-09-16
ord_01280,cust_0288,shipped,2024-11-29,2024-12-20,2024-12-12
ord_01281,cust_0398,processing,2024-05-04,2024-05-09,2024-05-19
ord_01282,cust_0046,delivered,2024-06-14,2024-07-08,2024-07-09
ord_01283,cust_0188,canceled,2024-12-09,2024-12-25,2024-12-29
ord_01284,cust_0305,delivered,2024-04-07,2024-04-20,2024-04-25
ord_01285,cust_0316,processing,2024-06-05,2024-06-13,2024-06-23
ord_01286,cust_0023,shipped,2024-11-15,2024-11-22,2024-12-06
ord_01287,cust_0080,delivered,2024-04-12,2024-05-06,2024-04-30
ord_01288,cust_0125,shipped,2024-02-27,2024-03-24,2024-03-06
ord_01289,cust_0356,delivered,2024-05-27,2024-05-30,2024-06-13
ord_01290,cust_0012,canceled,2024-06-05,2024-06-22,2024-06-27
ord_01291,cust_0109,shipped,2024-04-17,2024-05-13,2024-05-11
ord_01292,cust_0281,processing,2024-10-06,2024-10-25,2024-10-21
ord_01293,cust_0356,delivered,2024-11-14,2024-12-10,2024-11-25
ord_01294,cust_0023,canceled,2024-07-11,2024-08-01,2024-08-03
ord_01295,cust_0103,canceled,2024-03-28,2024-04-01,2024-04-13
ord_01296,cust_0035,processing,2024-01-28,2024-02-14,2024-02-04
ord_01297,cust_0443,delivered,2024-12-04,2024-12-15,2024-12-22
ord_01298,cust_0119,processing,2024-01-10,2024-01-22,2024-01-29
ord_01299,cust_0463,canceled,2024-09-17,2024-10-12,2024-09-27
ord_01300,cust_0046,shipped,2024-09-05,2024-10-05,2024-09-29
ord_01301,cust_0288,delivered,2024-04-11,2024-04-30,2024-05-02
ord_01302,cust_0157,canceled,2024-01-21,2024-01-31,2024-02-13
ord_01303,cust_0010,canceled,2024-09-07,2024-09-22,2024-09-19
ord_01304,cust_0321,canceled,2024-12-16,2024-12-30,2025-01-03
ord_01305,cust_0416,delivered,2024-04-30,2024-05-19,2024-05-15
ord_01306,cust_0456,delivered,2024-11-16,2024-11-27,2024-12-05
ord_01307,cust_0078,canceled,2024-10-11,2024-10-22,2024-10-25
ord_01308,cust_0045,processing,2024-07-20,2024-08-13,2024-07-31
ord_01309,cust_0214,shipped,2024-09-23,2024-10-17,2024-10-07
ord_01310,cust_0497,canceled,2024-10-20,2024-10-27,2024-11-09
ord_01311,cust_0278,shipped,2024-11-05,2024-11-18,2024-11-26
ord_01312,cust_0298,shipped,2024-04-15,2024-05-08,2024-04-26
ord_01313,cust_0466,shipped,2024-03-11,2024-03-23,2024-04-03
ord_01314,cust_0336,shipped,2024-08-08,2024-09-04,2024-08-19
ord_01315,cust_0273,delivered,2024-06-11,2024-06-16,2024-07-05
ord_01316,cust_0373,delivered,2024-04-04,2024-04-17,2024-04-15
ord_01317,cust_0156,processing,2024-06-12,2024-06-28,2024-07-02
ord_01318,cust_0078,shipped,2024-11-22,2024-12-18,2024-12-07
ord_01319,cust_0014,canceled,2024-02-24,2024-03-02,2024-03-07
ord_01320,cust_0306,shipped,2024-11-06,2024-11-27,2024-11-20
ord_01321,cust_0184,delivered,2024-04-28,2024-05-22,2024-05-05
ord_01322,cust_0069,processing,2024-12-18,2025-01-14,2025-01-09
ord_01323,cust_0095,processing,2024-12-30,2025-01-22,2025-01-17
ord_01324,cust_0084,shipped,2024-09-08,2024-09-26,2024-09-19
ord_01325,cust_0392,delivered,2024-04-25,2024-04-29,2024-05-15
ord_01326,cust_0381,shipped,2024-05-18,2024-06-03,2024-06-01
ord_01327,cust_0475,processing,2024-04-14,2024-04-19,2024-04-26
ord_01328,cust_0444,processing,2024-11-11,2024-11-29,2024-11-28
ord_01329,cust_0398,delivered,2024-05-06,2024-05-22,2024-05-25
ord_01330,cust_0369,canceled,2024-11-07,2024-12-03,2024-11-26
ord_01331,cust_0305,delivered,2024-07-20,2024-08-11,2024-08-14
ord_01332,cust_0234,delivered,2024-09-23,2024-09-29,2024-10-14
ord_01333,cust_0203,delivered,2024-05-05,2024-05-24,2024-05-29
ord_01334,cust_0392,delivered,2024-10-12,2024-10-27,2024-11-04
ord_01335,cust_0204,canceled,2024-04-07,2024-04-19,2024-04-28
ord_01336,cust_0217,canceled,2024-05-26,2024-06-12,2024-06-07
ord_01337,cust_0463,shipped,2024-11-09,2024-11-13,2024-12-02
ord_01338,cust_0047,delivered,2024-08-25,2024-09-23,2024-09-15
ord_01339,cust_0481,shipped,2024-04-02,2024-04-29,2024-04-27
ord_01340,cust_0231,delivered,2024-07-20,2024-08-05,2024-08-06
ord_01341,cust_0460,shipped,2024-04-01,2024-04-18,2024-04-26
ord_01342,cust_0166,shipped,2024-08-20,2024-08-25,2024-09-04
ord_01343,cust_0362,processing,2024-03-04,2024-03-09,2024-03-14
ord_01344,cust_0269,processing,2024-11-20,2024-12-04,2024-11-29
ord_01345,cust_0194,processing,2024-09-18,2024-10-10,2024-09-30
ord_01346,cust_0468,canceled,2024-01-23,2024-02-19,2024-02-04
ord_01347,cust_0084,shipped,2024-10-16,2024-11-15,2024-10-27
ord_01348,cust_0215,canceled,2024-04-01,2024-04-28,2024-04-09
ord_01349,cust_0148,shipped,2024-06-07,2024-07-03,2024-06-28
ord_01350,cust_0002,canceled,2024-03-01,2024-03-08,2024-03-14
ord_01351,cust_0438,processing,2024-01-07,2024-01-24,2024-01-29
ord_01352,cust_0312,processing,2024-10-05,2024-11-02,2024-10-12
ord_01353,cust_0338,processing,2024-05-01,2024-05-10,2024-05-26
ord_01354,cust_0041,delivered,2024-08-20,2024-09-05,2024-09-10
ord_01355,cust_0318,shipped,2024-05-05,2024-05-25,2024-05-20
ord_01356,cust_0029,canceled,2024-01-26,2024-02-03,2024-02-06
ord_01357,cust_0342,canceled,2024-01-19,2024-01-26,2024-01-27
ord_01358,cust_0056,processing,2024-06-18,2024-06-23,2024-06-26
ord_01359,cust_0313,shipped,2024-04-01,2024-04-09,2024-04-17
ord_01360,cust_0185,delivered,2024-08-21,2024-09-16,2024-09-15
ord_01361,cust_0166,canceled,2024-02-17,2024-03-15,2024-03-04
ord_01362,cust_0389,processing,2024-07-13,2024-08-11,2024-07-22
ord_01363,cust_0242,shipped,2024-10-08,2024-10-13,2024-10-24
ord_01364,cust_0169,processing,2024-03-03,2024-03-28,2024-03-18
ord_01365,cust_0314,delivered,2024-09-25,2024-10-04,2024-10-08
ord_01366,cust_0045,processing,2024-02-25,2024-03-17,2024-03-19
ord_01367,cust_0219,canceled,2024-12-18,2025-01-09,2025-01-03
ord_01368,cust_0320,canceled,2024-05-12,2024-05-31,2024-06-06
ord_01369,cust_0255,processing,2024-03-07,2024-03-29,2024-04-01
ord_01370,cust_0453,shipped,2024-09-09,2024-10-07,2024-09-21
ord_01371,cust_0001,delivered,2024-12-28,2025-01-09,2025-01-10
ord_01372,cust_0378,shipped,2024-01-13,2024-01-30,2024-01-23
ord_01373,cust_0024,canceled,2024-11-11,2024-11-27,2024-12-01
ord_01374,cust_0006,shipped,2024-06-28,2024-07-18,2024-07-11
ord_01375,cust_0405,delivered,2024-12-19,2024-12-31,2025-01-03
ord_01376,cust_0282,canceled,2024-06-06,2024-06-18,2024-06-29
ord_01377,cust_0175,processing,2024-01-04,2024-01-10,2024-01-21
ord_01378,cust_0427,shipped,2024-10-18,2024-11-09,2024-10-25
ord_01379,cust_0473,processing,2024-04-09,2024-04-22,2024-04-26
ord_01380,cust_0331,shipped,2024-08-30,2024-09-27,2024-09-07
ord_01381,cust_0457,canceled,2024-09-03,2024-09-10,2024-09-24
ord_01382,cust_0476,delivered,2024-08-24,2024-09-21,2024-09-13
ord_01383,cust_0372,canceled,2024-09-23,2024-10-05,2024-10-18
ord_01384,cust_0107,canceled,2024-10-11,2024-10-31,2024-10-18
ord_01385,cust_0144,delivered,2024-06-30,2024-07-05,2024-07-11
ord_01386,cust_0432,shipped,2024-06-22,2024-07-07,2024-07-16
ord_01387,cust_0096,delivered,2024-10-19,2024-11-10,2024-11-07
ord_01388,cust_0364,delivered,2024-06-06,2024-07-01,2024-06-23
ord_01389,cust_0255,shipped,2024-05-19,2024-06-04,2024-05-28
ord_01390,cust_0111,canceled,2024-07-09,2024-07-26,2024-07-25
ord_01391,cust_0402,delivered,2024-03-30,2024-04-05,2024-04-17
ord_01392,cust_0260,delivered,2024-04-13,2024-04-18,2024-05-04
ord_01393,cust_0098,canceled,2024-09-04,2024-09-23,2024-09-15
ord_01394,cust_0159,canceled,2024-09-04,2024-09-30,2024-09-27
ord_01395,cust_0421,shipped,2024-03-14,2024-04-10,2024-03-24
ord_01396,cust_0236,processing,2024-04-15,2024-05-11,2024-04-23
ord_01397,cust_0160,delivered,2024-09-24,2024-09-30,2024-10-01
ord_01398,cust_0171,processing,2024-12-17,2025-01-16,2024-12-26
ord_01399,cust_0393,canceled,2024-01-24,2024-01-30,2024-02-16
ord_01400,cust_0328,shipped,2024-01-12,2024-02-02,2024-01-28
ord_01401,cust_0147,canceled,2024-06-13,2024-06-22,2024-06-26
ord_01402,cust_0344,delivered,2024-09-29,2024-10-12,2024-10-20
ord_01403,cust_0141,delivered,2024-05-19,2024-05-26,2024-05-31
ord_01404,cust_0264,delivered,2024-01-08,2024-01-30,2024-02-01
ord_01405,cust_0282,canceled,2024-04-15,2024-05-05,2024-05-03
ord_01406,cust_0294,shipped,2024-05-18,2024-05-25,2024-06-03
ord_01407,cust_0314,canceled,2024-03-28,2024-04-02,2024-04-13
ord_01408,cust_0067,delivered,2024-10-03,2024-10-20,2024-10-11
ord_01409,cust_0055,processing,2024-08-29,2024-09-22,2024-09-06
ord_01410,cust_0201,shipped,2024-01-28,2024-02-02,2024-02-17
ord_01411,cust_0323,processing,2024-12-26,2025-01-17,2025-01-20
ord_01412,cust_0171,shipped,2024-11-11,2024-11-25,2024-11-27
ord_01413,cust_0041,processing,2024-12-09,2025-01-06,2025-01-02
ord_01414,cust_0417,processing,2024-10-17,2024-10-24,2024-10-26
ord_01415,cust_0351,processing,2024-02-19,2024-03-07,2024-03-06
ord_01416,cust_0074,canceled,2024-08-28,2024-09-07,2024-09-11
ord_01417,cust_0359,canceled,2024-07-05,2024-07-20,2024-07-17
ord_01418,cust_0016,delivered,2024-06-15,2024-07-02,2024-07-07
ord_01419,cust_0246,processing,2024-08-31,2024-09-06,2024-09-18
ord_01420,cust_0310,shipped,2024-03-28,2024-04-09,2024-04-15
ord_01421,cust_0419,delivered,2024-09-17,2024-09-23,2024-10-06
ord_01422,cust_0406,canceled,2024-06-15,2024-07-05,2024-06-24
ord_01423,cust_0303,processing,2024-09-29,2024-10-16,2024-10-18
ord_01424,cust_0281,shipped,2024-05-02,2024-05-24,2024-05-16
ord_01425,cust_0175,shipped,2024-09-03,2024-09-18,2024-09-12
ord_01426,cust_0402,processing,2024-12-21,2025-01-11,2025-01-10
ord_01427,cust_0279,shipped,2024-10-17,2024-11-14,2024-11-03
ord_01428,cust_0379,processing,2024-03-29,2024-04-22,2024-04-07
ord_01429,cust_0167,delivered,2024-02-28,2024-03-20,2024-03-20
ord_01430,cust_0490,processing,2024-08-15,2024-08-23,2024-08-31
ord_01431,cust_0351,processing,2024-02-05,2024-02-27,2024-02-15
ord_01432,cust_0047,shipped,2024-06-16,2024-07-04,2024-06-24
ord_01433,cust_0388,shipped,2024-03-12,2024-04-02,2024-03-19
ord_01434,cust_0273,canceled,2024-12-04,2024-12-11,2024-12-25
ord_01435,cust_0229,shipped,2024-07-18,2024-08-09,2024-08-12
ord_01436,cust_0154,canceled,2024-04-15,2024-05-09,2024-05-02
ord_01437,cust_0046,delivered,2024-08-10,2024-09-04,2024-08-28
ord_01438,cust_0434,shipped,2024-11-09,2024-11-28,2024-11-28
ord_01439,cust_0462,delivered,2024-05-30,2024-06-03,2024-06-17
ord_01440,cust_0421,canceled,2024-01-01,2024-01-26,2024-01-25
ord_01441,cust_0444,delivered,2024-02-26,2024-03-27,2024-03-13
ord_01442,cust_0202,canceled,2024-04-30,2024-05-16,2024-05-25
ord_01443,cust_0196,processing,2024-12-30,2025-01-14,2025-01-18
ord_01444,cust_0244,shipped,2024-10-06,2024-10-15,2024-10-18
ord_01445,cust_0432,canceled,2024-04-06,2024-04-26,2024-04-25
ord_01446,cust_0447,shipped,2024-08-01,2024-08-08,2024-08-17
ord_01447,cust_0332,delivered,2024-03-09,2024-03-12,2024-03-18
ord_01448,cust_0337,processing,2024-03-14,2024-04-09,2024-04-05
ord_01449,cust_0329,processing,2024-03-10,2024-03-15,2024-03-21
ord_01450,cust_0320,shipped,2024-08-21,2024-09-18,2024-09-10
ord_01451,cust_0283,processing,2024-08-20,2024-09-08,2024-09-09
ord_01452,cust_0096,processing,2024-07-15,2024-07-29,2024-07-29
ord_01453,cust_0256,shipped,2024-11-05,2024-11-08,2024-11-30
ord_01454,cust_0211,canceled,2024-12-30,2025-01-18,2025-01-14
ord_01455,cust_0248,canceled,2024-01-18,2024-01-22,2024-02-12
ord_01456,cust_0493,delivered,2024-02-27,2024-03-19,2024-03-20
ord_01457,cust_0440,canceled,2024-03-13,2024-04-08,2024-04-05
ord_01458,cust_0268,delivered,2024-08-26,2024-09-14,2024-09-04
ord_01459,cust_0351,canceled,2024-05-05,2024-05-23,2024-05-14
ord_01460,cust_0274,delivered,2024-11-09,2024-11-13,2024-11-26
ord_01461,cust_0464,processing,2024-08-28,2024-09-14,2024-09-20
ord_01462,cust_0216,canceled,2024-10-20,2024-11-15,2024-11-06
ord_01463,cust_0019,canceled,2024-05-30,2024-06-11,2024-06-11
ord_01464,cust_0323,processing,2024-10-15,2024-10-26,2024-10-23
ord_01465,cust_0027,canceled,2024-10-23,2024-10-31,2024-11-17
ord_01466,cust_0249,delivered,2024-11-15,2024-11-18,2024-12-01
ord_01467,cust_0436,canceled,2024-03-05,2024-03-24,2024-03-14
ord_01468,cust_0141,canceled,2024-05-09,2024-05-16,2024-05-24
ord_01469,cust_0310,shipped,2024-01-08,2024-02-03,2024-01-18
ord_01470,cust_0338,processing,2024-10-29,2024-11-24,2024-11-09
ord_01471,cust_0134,shipped,2024-07-08,2024-08-05,2024-07-20
ord_01472,cust_0442,delivered,2024-09-05,2024-09-13,2024-09-28
ord_01473,cust_0305,shipped,2024-06-24,2024-06-29,2024-07-05
ord_01474,cust_0395,processing,2024-09-10,2024-10-07,2024-09-30
ord_01475,cust_0372,shipped,2024-05-01,2024-05-25,2024-05-22
ord_01476,cust_0028,canceled,2024-04-17,2024-05-08,2024-05-05
ord_01477,cust_0238,processing,2024-02-29,2024-03-04,2024-03-12
ord_01478,cust_0383,shipped,2024-08-31,2024-09-12,2024-09-22
ord_01479,cust_0243,canceled,2024-07-13,2024-08-06,2024-08-01
ord_01480,cust_0007,canceled,2024-03-15,2024-04-03,2024-04-04
ord_01481,cust_0493,delivered,2024-08-17,2024-09-01,2024-09-03
ord_01482,cust_0490,processing,2024-02-19,2024-03-10,2024-03-08
ord_01483,cust_0172,canceled,2024-11-08,2024-12-01,2024-11-23
ord_01484,cust_0131,processing,2024-05-16,2024-06-13,2024-05-26
ord_01485,cust_0376,shipped,2024-08-24,2024-09-20,2024-09-07
ord_01486,cust_0161,delivered,2024-09-23,2024-10-06,2024-10-05
ord_01487,cust_0007,processing,2024-12-10,2024-12-13,2024-12-19
ord_01488,cust_0351,processing,2024-02-20,2024-03-10,2024-03-01
ord_01489,cust_0129,shipped,2024-06-28,2024-07-08,2024-07-14
ord_01490,cust_0030,shipped,2024-01-18,2024-01-21,2024-01-27
ord_01491,cust_0363,delivered,2024-11-02,2024-11-25,2024-11-12
ord_01492,cust_0193,shipped,2024-02-14,2024-03-15,2024-02-25
ord_01493,cust_0130,canceled,2024-02-26,2024-03-22,2024-03-09
ord_01494,cust_0328,processing,2024-08-27,2024-09-20,2024-09-05
ord_01495,cust_0355,canceled,2024-05-21,2024-06-17,2024-06-10
ord_01496,cust_0142,delivered,2024-05-11,2024-05-19,2024-05-20
ord_01497,cust_0031,canceled,2024-07-14,2024-07-29,2024-07-31
ord_01498,cust_0036,processing,2024-05-15,2024-05-23,2024-06-05
ord_01499,cust_0092,processing,2024-04-12,2024-05-04,2024-05-01
ord_01500,cust_0394,processing,2024-02-25,2024-03-03,2024-03-20
ord_01501,cust_0468,processing,2024-04-21,2024-05-13,2024-05-01
ord_01502,cust_0038,delivered,2024-05-12,2024-05-18,2024-05-20
ord_01503,cust_0398,processing,2024-10-19,2024-11-14,2024-11-03
ord_01504,cust_0335,delivered,2024-01-10,2024-01-28,2024-01-21
ord_01505,cust_0137,shipped,2024-01-20,2024-02-13,2024-02-08
ord_01506,cust_0295,delivered,2024-12-24,2025-01-06,2025-01-12
ord_01507,cust_0245,processing,2024-09-20,2024-10-15,2024-10-12
ord_01508,cust_0277,shipped,2024-07-25,2024-08-24,2024-08-03
ord_01509,cust_0063,canceled,2024-01-02,2024-01-17,2024-01-24
ord_01510,cust_0206,delivered,2024-06-19,2024-07-13,2024-07-05
ord_01511,cust_0188,canceled,2024-11-19,2024-12-12,2024-11-28
ord_01512,cust_0390,canceled,2024-02-11,2024-03-11,2024-03-03
ord_01513,cust_0284,delivered,2024-11-27,2024-12-06,2024-12-09
ord_01514,cust_0154,processing,2024-07-15,2024-08-08,2024-07-28
ord_01515,cust_0250,delivered,2024-02-24,2024-03-18,2024-03-13
ord_01516,cust_0072,delivered,2024-11-19,2024-12-06,2024-12-02
ord_01517,cust_0123,processing,2024-04-08,2024-04-11,2024-05-03
ord_01518,cust_0330,canceled,2024-07-18,2024-07-23,2024-08-11
ord_01519,cust_0495,delivered,2024-09-12,2024-10-02,2024-10-03
ord_01520,cust_0173,delivered,2024-01-19,2024-02-01,2024-01-27
ord_01521,cust_0414,processing,2024-07-26,2024-08-01,2024-08-08
ord_01522,cust_0077,shipped,2024-12-13,2025-01-12,2025-01-06
ord_01523,cust_0251,delivered,2024-02-06,2024-02-10,2024-02-17
ord_01524,cust_0125,shipped,2024-08-29,2024-09-20,2024-09-06
ord_01525,cust_0464,canceled,2024-01-08,2024-01-16,2024-01-16
ord_01526,cust_0428,delivered,2024-02-19,2024-03-07,2024-03-02
ord_01527,cust_0305,shipped,2024-02-24,2024-03-01,2024-03-17
ord_01528,cust_0219,canceled,2024-02-02,2024-03-01,2024-02-15
ord_01529,cust_0062,shipped,2024-12-13,2024-12-28,2024-12-30
ord_01530,cust_0392,delivered,2024-06-13,2024-07-12,2024-06-26
ord_01531,cust_0033,delivered,2024-10-30,2024-11-07,2024-11-16
ord_01532,cust_0087,canceled,2024-05-20,2024-05-27,2024-06-09
ord_01533,cust_0125,delivered,2024-10-10,2024-10-18,2024-10-31
ord_01534,cust_0399,shipped,2024-03-09,2024-03-15,2024-03-28
ord_01535,cust_0004,delivered,2024-01-09,2024-01-27,2024-01-18
ord_01536,cust_0455,canceled,2024-04-01,2024-04-06,2024-04-26
ord_01537,cust_0355,shipped,2024-08-01,2024-08-26,2024-08-23
ord_01538,cust_0268,processing,2024-04-15,2024-04-22,2024-04-30
ord_01539,cust_0313,delivered,2024-07-29,2024-08-08,2024-08-10
ord_01540,cust_0314,delivered,2024-11-01,2024-11-09,2024-11-23
ord_01541,cust_0179,processing,2024-11-17,2024-12-16,2024-12-03
ord_01542,cust_0099,delivered,2024-01-03,2024-01-23,2024-01-17
ord_01543,cust_0442,shipped,2024-09-28,2024-10-04,2024-10-16
ord_01544,cust_0142,delivered,2024-08-25,2024-09-21,2024-09-07
ord_01545,cust_0351,processing,2024-04-09,2024-04-15,2024-04-20
ord_01546,cust_0344,delivered,2024-09-11,2024-09-19,2024-09-23
ord_01547,cust_0146,shipped,2024-01-28,2024-02-20,2024-02-15
ord_01548,cust_0316,processing,2024-08-10,2024-08-21,2024-08-27
ord_01549,cust_0474,shipped,2024-01-23,2024-01-29,2024-01-31
ord_01550,cust_0249,delivered,2024-03-21,2024-04-18,2024-03-28
ord_01551,cust_0304,canceled,2024-02-06,2024-02-16,2024-02-27
ord_01552,cust_0118,delivered,2024-08-02,2024-08-11,2024-08-19
ord_01553,cust_0122,processing,2024-06-15,2024-06-25,2024-06-25
ord_01554,cust_0038,processing,2024-04-12,2024-04-27,2024-04-26
ord_01555,cust_0456,processing,2024-10-26,2024-11-13,2024-11-03
ord_01556,cust_0092,processing,2024-03-15,2024-03-24,2024-04-05
ord_01557,cust_0369,shipped,2024-07-10,2024-07-17,2024-07-31
ord_01558,cust_0104,canceled,2024-11-19,2024-12-03,2024-12-04
ord_01559,cust_0031,canceled,2024-03-06,2024-03-10,2024-03-31
ord_01560,cust_0235,processing,2024-03-10,2024-03-16,2024-03-31
ord_01561,cust_0113,canceled,2024-03-28,2024-04-24,2024-04-14
ord_01562,cust_0296,shipped,2024-11-05,2024-11-13,2024-11-17
ord_01563,cust_0251,shipped,2024-02-14,2024-03-01,2024-03-08
ord_01564,cust_0143,delivered,2024-10-29,2024-11-16,2024-11-19
ord_01565,cust_0127,canceled,2024-08-07,2024-09-02,2024-08-21
ord_01566,cust_0457,shipped,2024-08-10,2024-08-31,2024-08-24
ord_01567,cust_0023,delivered,2024-10-20,2024-10-23,2024-11-09
ord_01568,cust_0018,processing,2024-08-28,2024-09-23,2024-09-20
ord_01569,cust_0415,delivered,2024-09-28,2024-10-13,2024-10-20
ord_01570,cust_0043,delivered,2024-08-19,2024-09-06,2024-09-02
ord_01571,cust_0487,shipped,2024-12-20,2025-01-15,2025-01-09
ord_01572,cust_0123,delivered,2024-03-08,2024-03-22,2024-03-24
ord_01573,cust_0083,processing,2024-01-09,2024-01-27,2024-01-25
ord_01574,cust_0013,processing,2024-10-19,2024-11-14,2024-11-13
ord_01575,cust_0448,processing,2024-08-25,2024-09-21,2024-09-05
ord_01576,cust_0321,processing,2024-04-04,2024-05-02,2024-04-22
ord_01577,cust_0441,delivered,2024-12-26,2025-01-18,2025-01-02
ord_01578,cust_0272,delivered,2024-07-16,2024-08-10,2024-08-02
ord_01579,cust_0358,shipped,2024-05-31,2024-06-16,2024-06-15
ord_01580,cust_0377,delivered,2024-12-16,2024-12-21,2025-01-02
ord_01581,cust_0455,delivered,2024-09-20,2024-10-14,2024-10-08
ord_01582,cust_0239,delivered,2024-02-26,2024-03-12,2024-03-15
ord_01583,cust_0332,delivered,2024-07-06,2024-07-20,2024-07-18
ord_01584,cust_0071,canceled,2024-10-14,2024-11-08,2024-10-27
ord_01585,cust_0333,processing,2024-05-02,2024-05-22,2024-05-12
ord_01586,cust_0386,shipped,2024-10-24,2024-11-23,2024-11-06
ord_01587,cust_0258,processing,2024-06-13,2024-06-27,2024-06-28
ord_01588,cust_0191,canceled,2024-05-21,2024-05-25,2024-05-30
ord_01589,cust_0270,delivered,2024-08-19,2024-09-06,2024-09-11
ord_01590,cust_0348,canceled,2024-08-28,2024-09-22,2024-09-21
ord_01591,cust_0410,delivered,2024-08-19,2024-09-10,2024-09-06
ord_01592,cust_0042,processing,2024-04-06,2024-04-23,2024-04-15
ord_01593,cust_0056,shipped,2024-04-01,2024-04-13,2024-04-10
ord_01594,cust_0255,shipped,2024-05-21,2024-05-27,2024-06-01
ord_01595,cust_0151,processing,2024-04-14,2024-05-03,2024-04-21
ord_01596,cust_0243,canceled,2024-12-15,2025-01-04,2024-12-26
ord_01597,cust_0150,shipped,2024-08-03,2024-08-20,2024-08-10
ord_01598,cust_0428,canceled,2024-02-02,2024-02-05,2024-02-16
ord_01599,cust_0336,canceled,2024-07-29,2024-08-19,2024-08-15
ord_01600,cust_0432,processing,2024-09-05,2024-09-26,2024-09-28
ord_01601,cust_0068,canceled,2024-08-22,2024-09-03,2024-09-16
ord_01602,cust_0117,processing,2024-03-28,2024-04-25,2024-04-12
ord_01603,cust_0076,canceled,2024-07-09,2024-07-21,2024-07-17
ord_01604,cust_0317,shipped,2024-05-25,2024-06-11,2024-06-06
ord_01605,cust_0094,shipped,2024-12-30,2025-01-19,2025-01-15
ord_01606,cust_0083,shipped,2024-12-28,2025-01-22,2025-01-08
ord_01607,cust_0295,shipped,2024-02-29,2024-03-04,2024-03-17
ord_01608,cust_0095,shipped,2024-08-13,2024-08-24,2024-08-31
ord_01609,cust_0341,canceled,2024-10-14,2024-11-08,2024-10-22
ord_01610,cust_0230,shipped,2024-06-25,2024-07-02,2024-07-13
ord_01611,cust_0472,delivered,2024-09-30,2024-10-12,2024-10-10
ord_01612,cust_0486,processing,2024-07-26,2024-08-13,2024-08-06
ord_01613,cust_0497,canceled,2024-06-12,2024-06-19,2024-06-19
ord_01614,cust_0243,canceled,2024-11-27,2024-12-22,2024-12-13
ord_01615,cust_0410,processing,2024-10-20,2024-11-13,2024-10-31
ord_01616,cust_0375,processing,2024-06-22,2024-07-17,2024-07-02
ord_01617,cust_0060,canceled,2024-01-21,2024-01-28,2024-02-14
ord_01618,cust_0229,canceled,2024-01-13,2024-01-28,2024-01-27
ord_01619,cust_0312,shipped,2024-02-17,2024-03-01,2024-02-25
ord_01620,cust_0401,canceled,2024-10-25,2024-11-13,2024-11-08
ord_01621,cust_0276,processing,2024-04-10,2024-04-13,2024-04-19
ord_01622,cust_0500,processing,2024-12-12,2025-01-05,2024-12-21
ord_01623,cust_0309,delivered,2024-04-09,2024-04-27,2024-04-26
ord_01624,cust_0076,processing,2024-12-07,2024-12-21,2024-12-26
ord_01625,cust_0007,canceled,2024-07-08,2024-07-23,2024-07-26
ord_01626,cust_0229,delivered,2024-06-25,2024-07-09,2024-07-11
ord_01627,cust_0380,processing,2024-04-20,2024-05-16,2024-05-11
ord_01628,cust_0413,processing,2024-08-14,2024-08-26,2024-08-26
ord_01629,cust_0307,delivered,2024-07-31,2024-08-07,2024-08-25
ord_01630,cust_0244,canceled,2024-03-14,2024-03-23,2024-03-30
ord_01631,cust_0046,delivered,2024-02-03,2024-02-24,2024-02-22
ord_01632,cust_0213,shipped,2024-07-28,2024-08-20,2024-08-12
ord_01633,cust_0387,shipped,2024-10-11,2024-10-28,2024-11-05
ord_01634,cust_0149,processing,2024-04-12,2024-04-20,2024-05-01
ord_01635,cust_0428,canceled,2024-01-22,2024-02-20,2024-02-07
ord_01636,cust_0115,delivered,2024-09-09,2024-09-29,2024-09-30
ord_01637,cust_0154,processing,2024-01-02,2024-01-09,2024-01-17
ord_01638,cust_0214,shipped,2024-03-04,2024-03-27,2024-03-20
ord_01639,cust_0015,delivered,2024-09-08,2024-10-03,2024-09-22
ord_01640,cust_0307,canceled,2024-05-21,2024-06-08,2024-05-30
ord_01641,cust_0224,canceled,2024-10-24,2024-11-11,2024-11-18
ord_01642,cust_0499,delivered,2024-11-17,2024-12-11,2024-12-09
ord_01643,cust_0009,canceled,2024-07-10,2024-07-29,2024-08-04
ord_01644,cust_0075,canceled,2024-03-24,2024-04-14,2024-04-01
ord_01645,cust_0183,shipped,2024-08-24,2024-09-18,2024-09-04
ord_01646,cust_0215,canceled,2024-01-28,2024-02-08,2024-02-15
ord_01647,cust_0272,delivered,2024-01-25,2024-02-06,2024-02-10
ord_01648,cust_0392,delivered,2024-09-20,2024-09-29,2024-10-02
ord_01649,cust_0279,canceled,2024-11-02,2024-11-29,2024-11-14
ord_01650,cust_0139,canceled,2024-06-10,2024-07-09,2024-06-26
ord_01651,cust_0181,shipped,2024-02-19,2024-03-10,2024-03-15
ord_01652,cust_0145,canceled,2024-01-07,2024-01-14,2024-01-30
ord_01653,cust_0472,shipped,2024-09-05,2024-09-21,2024-09-22
ord_01654,cust_0258,shipped,2024-02-22,2024-03-02,2024-03-04
ord_01655,cust_0315,delivered,2024-04-06,2024-05-04,2024-04-30
ord_01656,cust_0060,shipped,2024-08-01,2024-08-18,2024-08-10
ord_01657,cust_0160,canceled,2024-01-09,2024-01-27,2024-01-27
ord_01658,cust_0456,canceled,2024-03-12,2024-04-10,2024-04-02
ord_01659,cust_0015,delivered,2024-03-29,2024-04-23,2024-04-14
ord_01660,cust_0353,shipped,2024-04-23,2024-04-30,2024-05-04
ord_01661,cust_0067,delivered,2024-06-06,2024-06-13,2024-06-19
ord_01662,cust_0040,delivered,2024-08-05,2024-08-30,2024-08-15
ord_01663,cust_0022,shipped,2024-09-04,2024-10-01,2024-09-24
ord_01664,cust_0304,delivered,2024-02-25,2024-02-29,2024-03-19
ord_01665,cust_0023,delivered,2024-08-28,2024-09-03,2024-09-12
ord_01666,cust_0387,delivered,2024-06-03,2024-06-27,2024-06-10
ord_01667,cust_0301,shipped,2024-03-04,2024-03-26,2024-03-17
ord_01668,cust_0015,delivered,2024-04-04,2024-04-28,2024-04-22
ord_01669,cust_0486,canceled,2024-03-15,2024-04-14,2024-03-30
ord_01670,cust_0400,shipped,2024-06-29,2024-07-07,2024-07-22
ord_01671,cust_0051,delivered,2024-09-15,2024-10-06,2024-09-24
ord_01672,cust_0494,canceled,2024-09-27,2024-10-06,2024-10-10
ord_01673,cust_0003,delivered,2024-03-28,2024-04-24,2024-04-21
ord_01674,cust_0188,shipped,2024-04-19,2024-05-08,2024-05-11
ord_01675,cust_0093,canceled,2024-08-13,2024-09-06,2024-08-23
ord_01676,cust_0264,shipped,2024-07-13,2024-07-29,2024-07-26
ord_01677,cust_0064,processing,2024-07-27,2024-08-02,2024-08-13
ord_01678,cust_0254,canceled,2024-02-26,2024-03-16,2024-03-08
ord_01679,cust_0370,delivered,2024-12-26,2025-01-07,2025-01-19
ord_01680,cust_0060,processing,2024-02-12,2024-02-25,2024-03-05
ord_01681,cust_0352,processing,2024-05-25,2024-06-11,2024-06-10
ord_01682,cust_0149,processing,2024-04-25,2024-05-15,2024-05-15
ord_01683,cust_0459,processing,2024-04-06,2024-05-06,2024-04-15
ord_01684,cust_0007,processing,2024-12-13,2024-12-27,2024-12-25
ord_01685,cust_0225,delivered,2024-12-10,2024-12-16,2024-12-29
ord_01686,cust_0206,delivered,2024-03-02,2024-03-09,2024-03-21
ord_01687,cust_0500,shipped,2024-03-27,2024-04-01,2024-04-14
ord_01688,cust_0063,shipped,2024-06-22,2024-07-01,2024-07-11
ord_01689,cust_0143,canceled,2024-08-05,2024-08-31,2024-08-27
ord_01690,cust_0244,processing,2024-11-25,2024-12-10,2024-12-13
ord_01691,cust_0076,processing,2024-09-05,2024-09-24,2024-09-20
ord_01692,cust_0251,processing,2024-02-25,2024-03-02,2024-03-11
ord_01693,cust_0016,delivered,2024-04-28,2024-05-21,2024-05-09
ord_01694,cust_0256,delivered,2024-01-28,2024-02-26,2024-02-06
ord_01695,cust_0079,canceled,2024-04-01,2024-04-16,2024-04-18
ord_01696,cust_0390,delivered,2024-11-14,2024-12-06,2024-11-24
ord_01697,cust_0393,processing,2024-12-04,2024-12-31,2024-12-27
ord_01698,cust_0339,processing,2024-08-26,2024-09-04,2024-09-11
ord_01699,cust_0278,canceled,2024-09-08,2024-09-27,2024-09-23
ord_01700,cust_0488,delivered,2024-10-03,2024-10-23,2024-10-10
ord_01701,cust_0231,canceled,2024-08-08,2024-08-14,2024-08-27
ord_01702,cust_0019,delivered,2024-07-11,2024-07-28,2024-08-01
ord_01703,cust_0453,shipped,2024-03-31,2024-04-20,2024-04-16
ord_01704,cust_0160,processing,2024-09-08,2024-09-24,2024-09-19
ord_01705,cust_0292,processing,2024-09-06,2024-10-03,2024-09-16
ord_01706,cust_0293,processing,2024-12-03,2024-12-23,2024-12-27
ord_01707,cust_0260,delivered,2024-08-31,2024-09-20,2024-09-12
ord_01708,cust_0303,processing,2024-07-19,2024-07-30,2024-08-10
ord_01709,cust_0393,canceled,2024-11-11,2024-12-05,2024-11-29
ord_01710,cust_0303,delivered,2024-06-13,2024-06-17,2024-06-20
ord_01711,cust_0179,delivered,2024-03-06,2024-04-04,2024-03-24
ord_01712,cust_0050,processing,2024-11-16,2024-11-29,2024-12-05
ord_01713,cust_0180,delivered,2024-06-25,2024-07-09,2024-07-15
ord_01714,cust_0121,canceled,2024-12-04,2024-12-14,2024-12-18
ord_01715,cust_0445,canceled,2024-10-30,2024-11-04,2024-11-08
ord_01716,cust_0011,canceled,2024-02-28,2024-03-12,2024-03-11
ord_01717,cust_0291,processing,2024-01-20,2024-02-06,2024-02-09
ord_01718,cust_0302,delivered,2024-05-16,2024-05-19,2024-06-07
ord_01719,cust_0200,canceled,2024-06-11,2024-06-26,2024-07-06
ord_01720,cust_0052,shipped,2024-10-20,2024-10-26,2024-11-11
ord_01721,cust_0416,canceled,2024-06-21,2024-07-09,2024-07-14
ord_01722,cust_0187,processing,2024-03-26,2024-04-17,2024-04-11
ord_01723,cust_0431,shipped,2024-04-13,2024-05-01,2024-04-22
ord_01724,cust_0153,processing,2024-05-27,2024-06-07,2024-06-04
ord_01725,cust_0368,delivered,2024-04-25,2024-05-17,2024-05-04
ord_01726,cust_0035,processing,2024-10-30,2024-11-12,2024-11-14
ord_01727,cust_0408,delivered,2024-08-06,2024-08-15,2024-08-24
ord_01728,cust_0259,canceled,2024-11-29,2024-12-28,2024-12-15
ord_01729,cust_0161,shipped,2024-08-09,2024-09-02,2024-09-02
ord_01730,cust_0320,processing,2024-07-31,2024-08-15,2024-08-15
ord_01731,cust_0093,delivered,2024-12-09,2025-01-05,2025-01-02
ord_01732,cust_0442,shipped,2024-11-17,2024-12-12,2024-12-10
ord_01733,cust_0339,processing,2024-10-22,2024-11-09,2024-11-04
ord_01734,cust_0415,processing,2024-05-17,2024-06-09,2024-06-10
ord_01735,cust_0268,shipped,2024-10-16,2024-11-11,2024-10-24
ord_01736,cust_0124,shipped,2024-07-05,2024-07-22,2024-07-16
ord_01737,cust_0433,processing,2024-12-16,2025-01-12,2025-01-01
ord_01738,cust_0325,shipped,2024-07-29,2024-08-11,2024-08-07
ord_01739,cust_0331,shipped,2024-07-30,2024-08-10,2024-08-15
ord_01740,cust_0208,shipped,2024-05-11,2024-06-04,2024-05-25
ord_01741,cust_0015,shipped,2024-02-28,2024-03-06,2024-03-12
ord_01742,cust_0287,processing,2024-06-07,2024-06-24,2024-06-29
ord_01743,cust_0104,shipped,2024-08-04,2024-08-27,2024-08-12
ord_01744,cust_0133,canceled,2024-05-19,2024-05-26,2024-05-26
ord_01745,cust_0330,delivered,2024-12-03,2024-12-23,2024-12-15
ord_01746,cust_0029,delivered,2024-09-05,2024-10-03,2024-09-12
ord_01747,cust_0444,delivered,2024-06-09,2024-07-01,2024-06-25
ord_01748,cust_0204,shipped,2024-07-27,2024-08-10,2024-08-05
ord_01749,cust_0377,delivered,2024-04-30,2024-05-06,2024-05-25
ord_01750,cust_0487,canceled,2024-09-24,2024-10-18,2024-10-19
ord_01751,cust_0308,delivered,2024-09-11,2024-09-16,2024-09-25
ord_01752,cust_0378,processing,2024-06-09,2024-06-22,2024-07-04
ord_01753,cust_0074,delivered,2024-04-30,2024-05-16,2024-05-13
ord_01754,cust_0226,processing,2024-03-30,2024-04-08,2024-04-14
ord_01755,cust_0029,processing,2024-05-10,2024-06-09,2024-06-04
ord_01756,cust_0163,processing,2024-09-30,2024-10-14,2024-10-10
ord_01757,cust_0494,canceled,2024-08-31,2024-09-24,2024-09-14
ord_01758,cust_0367,canceled,2024-03-15,2024-03-29,2024-04-06
ord_01759,cust_0431,delivered,2024-06-06,2024-06-09,2024-06-14
ord_01760,cust_0130,processing,2024-12-19,2025-01-16,2025-01-02
ord_01761,cust_0463,delivered,2024-06-07,2024-06-30,2024-06-25
ord_01762,cust_0440,processing,2024-09-30,2024-10-30,2024-10-14
ord_01763,cust_0475,canceled,2024-07-17,2024-07-20,2024-08-05
ord_01764,cust_0153,shipped,2024-06-03,2024-06-08,2024-06-17
ord_01765,cust_0451,processing,2024-03-23,2024-04-09,2024-04-09
ord_01766,cust_0422,processing,2024-01-18,2024-01-29,2024-01-27
ord_01767,cust_0475,canceled,2024-08-29,2024-09-24,2024-09-18
ord_01768,cust_0423,shipped,2024-08-04,2024-09-02,2024-08-14
ord_01769,cust_0034,canceled,2024-12-23,2025-01-03,2025-01-15
ord_01770,cust_0378,canceled,2024-08-03,2024-08-25,2024-08-27
ord_01771,cust_0391,delivered,2024-08-20,2024-09-14,2024-08-27
ord_01772,cust_0323,processing,2024-11-24,2024-12-17,2024-12-06
ord_01773,cust_0206,shipped,2024-11-24,2024-12-01,2024-12-01
ord_01774,cust_0295,delivered,2024-11-17,2024-11-29,2024-12-04
ord_01775,cust_0265,shipped,2024-02-26,2024-03-05,2024-03-11
ord_01776,cust_0406,canceled,2024-10-31,2024-11-24,2024-11-20
ord_01777,cust_0134,shipped,2024-08-19,2024-09-06,2024-08-30
ord_01778,cust_0410,canceled,2024-12-17,2025-01-07,2025-01-03
ord_01779,cust_0189,shipped,2024-04-11,2024-04-16,2024-05-01
ord_01780,cust_0115,delivered,2024-07-20,2024-08-04,2024-08-14
ord_01781,cust_0465,delivered,2024-01-12,2024-02-01,2024-01-26
ord_01782,cust_0360,shipped,2024-08-24,2024-09-02,2024-09-08
ord_01783,cust_0308,canceled,2024-01-26,2024-02-10,2024-02-15
ord_01784,cust_0088,delivered,2024-03-17,2024-03-22,2024-04-04
ord_01785,cust_0223,processing,2024-01-08,2024-02-02,2024-01-31
ord_01786,cust_0115,shipped,2024-12-10,2024-12-28,2024-12-20
ord_01787,cust_0148,processing,2024-04-07,2024-05-07,2024-04-22
ord_01788,cust_0439,shipped,2024-07-14,2024-07-21,2024-08-03
ord_01789,cust_0373,shipped,2024-11-03,2024-11-12,2024-11-19
ord_01790,cust_0406,shipped,2024-08-02,2024-08-10,2024-08-22
ord_01791,cust_0121,processing,2024-01-15,2024-01-27,2024-01-30
ord_01792,cust_0351,processing,2024-05-07,2024-05-21,2024-06-01
ord_01793,cust_0069,canceled,2024-02-13,2024-02-16,2024-03-06
ord_01794,cust_0366,processing,2024-12-20,2025-01-04,2025-01-02
ord_01795,cust_0038,delivered,2024-12-28,2025-01-13,2025-01-12
ord_01796,cust_0171,shipped,2024-10-12,2024-10-16,2024-10-20
ord_01797,cust_0003,canceled,2024-08-29,2024-09-12,2024-09-06
ord_01798,cust_0155,processing,2024-09-15,2024-10-07,2024-10-04
ord_01799,cust_0496,delivered,2024-12-09,2024-12-23,2024-12-20
ord_01800,cust_0087,processing,2024-10-24,2024-11-01,2024-11-08
ord_01801,cust_0046,canceled,2024-06-22,2024-07-09,2024-07-03
ord_01802,cust_0073,canceled,2024-12-29,2025-01-17,2025-01-18
ord_01803,cust_0066,processing,2024-02-29,2024-03-13,2024-03-08
ord_01804,cust_0475,processing,2024-05-23,2024-06-18,2024-06-10
ord_01805,cust_0265,canceled,2024-05-24,2024-06-04,2024-06-08
ord_01806,cust_0378,processing,2024-08-11,2024-08-19,2024-08-28
ord_01807,cust_0028,shipped,2024-03-18,2024-04-07,2024-04-08
ord_01808,cust_0094,delivered,2024-03-17,2024-03-21,2024-03-31
ord_01809,cust_0362,processing,2024-08-28,2024-09-08,2024-09-09
ord_01810,cust_0021,processing,2024-08-11,2024-08-17,2024-09-02
ord_01811,cust_0249,processing,2024-07-01,2024-07-26,2024-07-25
ord_01812,cust_0064,canceled,2024-09-09,2024-09-15,2024-09-20
ord_01813,cust_0093,shipped,2024-02-17,2024-02-26,2024-03-04
ord_01814,cust_0289,shipped,2024-09-17,2024-10-16,2024-10-02
ord_01815,cust_0393,shipped,2024-10-25,2024-10-28,2024-11-17
ord_01816,cust_0394,processing,2024-08-01,2024-08-06,2024-08-15
ord_01817,cust_0014,canceled,2024-12-12,2024-12-18,2024-12-29
ord_01818,cust_0202,canceled,2024-12-14,2025-01-07,2024-12-24
ord_01819,cust_0079,delivered,2024-10-29,2024-11-04,2024-11-15
ord_01820,cust_0233,canceled,2024-02-11,2024-02-28,2024-03-04
ord_01821,cust_0169,delivered,2024-10-31,2024-11-24,2024-11-07
ord_01822,cust_0167,shipped,2024-12-01,2024-12-23,2024-12-22
ord_01823,cust_0411,canceled,2024-04-18,2024-05-18,2024-04-26
ord_01824,cust_0381,delivered,2024-06-14,2024-07-12,2024-06-22
ord_01825,cust_0048,processing,2024-10-07,2024-10-29,2024-10-26
ord_01826,cust_0495,processing,2024-05-10,2024-05-18,2024-05-24
ord_01827,cust_0084,processing,2024-02-15,2024-02-18,2024-02-28
ord_01828,cust_0062,canceled,2024-07-25,2024-08-06,2024-08-05
ord_01829,cust_0377,canceled,2024-09-08,2024-10-06,2024-09-28
ord_01830,cust_0184,delivered,2024-12-16,2025-01-07,2024-12-27
ord_01831,cust_0251,processing,2024-07-07,2024-07-26,2024-07-20
ord_01832,cust_0289,processing,2024-07-17,2024-08-04,2024-08-01
ord_01833,cust_0416,canceled,2024-02-16,2024-03-14,2024-03-07
ord_01834,cust_0323,processing,2024-11-10,2024-11-18,2024-11-30
ord_01835,cust_0175,processing,2024-02-17,2024-02-21,2024-03-11
ord_01836,cust_0477,processing,2024-12-12,2024-12-22,2024-12-23
ord_01837,cust_0043,canceled,2024-09-26,2024-10-19,2024-10-19
ord_01838,cust_0465,processing,2024-08-27,2024-09-12,2024-09-05
ord_01839,cust_0351,canceled,2024-06-02,2024-06-09,2024-06-13
ord_01840,cust_0152,delivered,2024-05-07,2024-05-26,2024-05-27
ord_01841,cust_0263,delivered,2024-10-09,2024-10-14,2024-10-17
ord_01842,cust_0049,processing,2024-09-18,2024-10-04,2024-10-08
ord_01843,cust_0417,canceled,2024-12-04,2024-12-30,2024-12-29
ord_01844,cust_0042,delivered,2024-06-30,2024-07-11,2024-07-25
ord_01845,cust_0092,shipped,2024-02-28,2024-03-25,2024-03-20
ord_01846,cust_0214,canceled,2024-07-20,2024-07-24,2024-07-29
ord_01847,cust_0388,processing,2024-06-09,2024-06-30,2024-06-30
ord_01848,cust_0175,shipped,2024-11-15,2024-12-13,2024-11-30
ord_01849,cust_0383,canceled,2024-04-18,2024-04-26,2024-04-27
ord_01850,cust_0274,delivered,2024-12-10,2024-12-16,2024-12-30
ord_01851,cust_0007,shipped,2024-01-03,2024-01-18,2024-01-13
ord_01852,cust_0355,processing,2024-12-01,2024-12-19,2024-12-22
ord_01853,cust_0156,canceled,2024-12-02,2024-12-28,2024-12-24
ord_01854,cust_0412,canceled,2024-12-19,2025-01-12,2025-01-07
ord_01855,cust_0008,shipped,2024-02-14,2024-02-21,2024-02-25
ord_01856,cust_0357,shipped,2024-02-27,2024-03-27,2024-03-05
ord_01857,cust_0333,shipped,2024-01-14,2024-01-23,2024-02-05
ord_01858,cust_0432,shipped,2024-11-28,2024-12-08,2024-12-18
ord_01859,cust_0076,processing,2024-02-14,2024-02-26,2024-03-06
ord_01860,cust_0086,shipped,2024-08-04,2024-08-07,2024-08-14
ord_01861,cust_0242,delivered,2024-12-25,2025-01-11,2025-01-16
ord_01862,cust_0104,canceled,2024-08-18,2024-09-08,2024-09-01
ord_01863,cust_0027,canceled,2024-10-18,2024-11-16,2024-11-06
ord_01864,cust_0213,processing,2024-01-05,2024-01-11,2024-01-25
ord_01865,cust_0149,delivered,2024-10-23,2024-11-14,2024-11-16
ord_01866,cust_0263,processing,2024-09-06,2024-09-21,2024-09-28
ord_01867,cust_0271,delivered,2024-04-28,2024-05-23,2024-05-06
ord_01868,cust_0284,delivered,2024-08-04,2024-08-25,2024-08-21
ord_01869,cust_0456,processing,2024-05-17,2024-06-09,2024-06-06
ord_01870,cust_0230,processing,2024-02-29,2024-03-18,2024-03-18
ord_01871,cust_0372,shipped,2024-01-11,2024-01-19,2024-01-27
ord_01872,cust_0119,shipped,2024-08-28,2024-09-11,2024-09-18
ord_01873,cust_0472,processing,2024-10-27,2024-11-20,2024-11-13
ord_01874,cust_0492,processing,2024-03-08,2024-03-20,2024-03-27
ord_01875,cust_0408,processing,2024-12-10,2025-01-02,2024-12-28
ord_01876,cust_0145,delivered,2024-03-23,2024-04-14,2024-04-05
ord_01877,cust_0089,shipped,2024-12-07,2024-12-25,2024-12-18
ord_01878,cust_0052,processing,2024-03-21,2024-04-12,2024-04-12
ord_01879,cust_0108,delivered,2024-09-09,2024-09-21,2024-09-23
ord_01880,cust_0183,shipped,2024-01-10,2024-01-24,2024-01-25
ord_01881,cust_0017,delivered,2024-03-30,2024-04-28,2024-04-22
ord_01882,cust_0317,shipped,2024-06-21,2024-07-07,2024-07-01
ord_01883,cust_0250,canceled,2024-03-02,2024-03-22,2024-03-16
ord_01884,cust_0394,delivered,2024-06-23,2024-07-21,2024-07-11
ord_01885,cust_0437,delivered,2024-10-12,2024-10-23,2024-10-23
ord_01886,cust_0410,processing,2024-12-27,2024-12-31,2025-01-17
ord_01887,cust_0422,delivered,2024-02-26,2024-03-03,2024-03-07
ord_01888,cust_0323,delivered,2024-09-16,2024-09-22,2024-09-28
ord_01889,cust_0373,canceled,2024-04-15,2024-04-29,2024-04-27
ord_01890,cust_0256,delivered,2024-12-28,2025-01-14,2025-01-20
ord_01891,cust_0172,shipped,2024-03-19,2024-04-11,2024-04-06
ord_01892,cust_0225,processing,2024-03-03,2024-04-02,2024-03-16
ord_01893,cust_0175,canceled,2024-01-04,2024-01-14,2024-01-26
ord_01894,cust_0137,canceled,2024-09-15,2024-09-23,2024-09-24
ord_01895,cust_0078,processing,2024-07-31,2024-08-14,2024-08-14
ord_01896,cust_0212,processing,2024-04-26,2024-05-03,2024-05-16
ord_01897,cust_0407,canceled,2024-08-22,2024-09-21,2024-09-14
ord_01898,cust_0395,delivered,2024-01-16,2024-02-02,2024-01-27
ord_01899,cust_0174,canceled,2024-09-21,2024-09-26,2024-09-30
ord_01900,cust_0223,delivered,2024-07-24,2024-08-20,2024-08-05
ord_01901,cust_0339,shipped,2024-07-20,2024-08-16,2024-07-28
ord_01902,cust_0499,canceled,2024-10-21,2024-10-25,2024-11-13
ord_01903,cust_0448,canceled,2024-08-02,2024-08-17,2024-08-26
ord_01904,cust_0424,canceled,2024-06-09,2024-06-23,2024-06-16
ord_01905,cust_0359,processing,2024-09-27,2024-10-19,2024-10-08
ord_01906,cust_0455,processing,2024-08-16,2024-09-08,2024-08-29
ord_01907,cust_0398,shipped,2024-12-23,2025-01-06,2025-01-11
ord_01908,cust_0276,canceled,2024-06-03,2024-06-08,2024-06-11
ord_01909,cust_0267,canceled,2024-07-18,2024-08-13,2024-07-29
ord_01910,cust_0283,canceled,2024-04-19,2024-04-24,2024-05-12
ord_01911,cust_0012,delivered,2024-09-23,2024-10-06,2024-10-05
ord_01912,cust_0124,canceled,2024-10-03,2024-10-24,2024-10-18
ord_01913,cust_0375,delivered,2024-08-04,2024-08-23,2024-08-14
ord_01914,cust_0182,delivered,2024-07-09,2024-07-20,2024-08-01
ord_01915,cust_0230,canceled,2024-01-25,2024-02-21,2024-02-04
ord_01916,cust_0233,canceled,2024-10-20,2024-11-15,2024-10-27
ord_01917,cust_0290,shipped,2024-04-30,2024-05-28,2024-05-25
ord_01918,cust_0342,shipped,2024-06-28,2024-07-10,2024-07-14
ord_01919,cust_0054,canceled,2024-07-12,2024-07-31,2024-07-26
ord_01920,cust_0422,canceled,2024-09-21,2024-10-12,2024-10-04
ord_01921,cust_0365,processing,2024-08-20,2024-08-26,2024-08-31
ord_01922,cust_0032,processing,2024-07-29,2024-08-03,2024-08-07
ord_01923,cust_0229,delivered,2024-03-07,2024-03-25,2024-03-20
ord_01924,cust_0207,processing,2024-07-08,2024-08-01,2024-07-31
ord_01925,cust_0326,processing,2024-05-15,2024-06-05,2024-06-06
ord_01926,cust_0375,processing,2024-08-13,2024-09-07,2024-09-04
ord_01927,cust_0066,processing,2024-03-24,2024-03-31,2024-04-16
ord_01928,cust_0496,delivered,2024-12-30,2025-01-16,2025-01-10
ord_01929,cust_0243,delivered,2024-12-21,2024-12-30,2025-01-11
ord_01930,cust_0472,delivered,2024-03-21,2024-04-10,2024-04-08
ord_01931,cust_0057,delivered,2024-11-04,2024-12-04,2024-11-24
ord_01932,cust_0021,shipped,2024-07-08,2024-07-29,2024-07-24
ord_01933,cust_0192,canceled,2024-03-01,2024-03-15,2024-03-17
ord_01934,cust_0406,shipped,2024-05-30,2024-06-17,2024-06-06
ord_01935,cust_0216,delivered,2024-03-13,2024-04-10,2024-04-07
ord_01936,cust_0094,processing,2024-06-05,2024-06-17,2024-06-18
ord_01937,cust_0179,delivered,2024-01-02,2024-01-08,2024-01-26
ord_01938,cust_0294,canceled,2024-01-23,2024-02-08,2024-02-14
ord_01939,cust_0401,processing,2024-10-16,2024-11-02,2024-11-02
ord_01940,cust_0391,shipped,2024-08-31,2024-09-29,2024-09-11
ord_01941,cust_0390,processing,2024-09-15,2024-10-08,2024-10-06
ord_01942,cust_0444,canceled,2024-12-07,2024-12-24,2024-12-18
ord_01943,cust_0199,shipped,2024-02-15,2024-03-14,2024-03-06
ord_01944,cust_0024,processing,2024-07-21,2024-08-03,2024-08-14
ord_01945,cust_0444,shipped,2024-05-22,2024-06-14,2024-05-31
ord_01946,cust_0323,canceled,2024-12-28,2024-12-31,2025-01-22
ord_01947,cust_0330,delivered,2024-10-14,2024-11-06,2024-10-24
ord_01948,cust_0296,delivered,2024-04-08,2024-04-30,2024-05-02
ord_01949,cust_0385,processing,2024-10-18,2024-11-06,2024-10-31
ord_01950,cust_0338,shipped,2024-09-14,2024-09-17,2024-09-24
ord_01951,cust_0126,processing,2024-01-10,2024-01-21,2024-01-23
ord_01952,cust_0311,canceled,2024-02-13,2024-03-12,2024-03-08
ord_01953,cust_0252,delivered,2024-07-24,2024-08-14,2024-08-01
ord_01954,cust_0213,delivered,2024-06-23,2024-07-09,2024-07-05
ord_01955,cust_0132,delivered,2024-09-27,2024-10-10,2024-10-16
ord_01956,cust_0087,canceled,2024-02-28,2024-03-05,2024-03-23
ord_01957,cust_0394,delivered,2024-03-14,2024-03-22,2024-03-29
ord_01958,cust_0348,shipped,2024-03-19,2024-03-31,2024-04-08
ord_01959,cust_0093,delivered,2024-01-31,2024-02-22,2024-02-17
ord_01960,cust_0051,canceled,2024-01-30,2024-02-11,2024-02-18
ord_01961,cust_0133,processing,2024-03-13,2024-03-29,2024-03-30
ord_01962,cust_0123,shipped,2024-03-02,2024-03-06,2024-03-15
ord_01963,cust_0198,delivered,2024-09-09,2024-09-28,2024-10-02
ord_01964,cust_0238,processing,2024-05-17,2024-05-21,2024-06-03
ord_01965,cust_0209,shipped,2024-02-03,2024-02-21,2024-02-10
ord_01966,cust_0494,delivered,2024-01-10,2024-01-21,2024-02-03
ord_01967,cust_0334,shipped,2024-05-06,2024-06-02,2024-05-30
ord_01968,cust_0229,delivered,2024-06-04,2024-06-25,2024-06-24
ord_01969,cust_0401,shipped,2024-11-21,2024-12-10,2024-12-04
ord_01970,cust_0401,shipped,2024-07-10,2024-07-30,2024-07-22
ord_01971,cust_0232,delivered,2024-10-02,2024-10-18,2024-10-26
ord_01972,cust_0493,canceled,2024-01-01,2024-01-30,2024-01-22
ord_01973,cust_0031,processing,2024-11-30,2024-12-08,2024-12-07
ord_01974,cust_0430,processing,2024-05-19,2024-06-10,2024-06-03
ord_01975,cust_0300,canceled,2024-06-28,2024-07-27,2024-07-11
ord_01976,cust_0289,delivered,2024-01-24,2024-02-01,2024-02-17
ord_01977,cust_0358,delivered,2024-06-02,2024-06-07,2024-06-21
ord_01978,cust_0144,processing,2024-03-12,2024-04-07,2024-04-05
ord_01979,cust_0491,canceled,2024-04-17,2024-05-09,2024-05-10
ord_01980,cust_0386,processing,2024-12-15,2024-12-28,2024-12-30
ord_01981,cust_0175,shipped,2024-05-19,2024-05-29,2024-06-05
ord_01982,cust_0009,shipped,2024-08-23,2024-09-14,2024-09-09
ord_01983,cust_0003,delivered,2024-11-26,2024-11-29,2024-12-18
ord_01984,cust_0285,processing,2024-12-10,2024-12-18,2024-12-30
ord_01985,cust_0404,delivered,2024-07-20,2024-08-09,2024-07-29
ord_01986,cust_0345,delivered,2024-10-02,2024-10-05,2024-10-23
ord_01987,cust_0424,canceled,2024-06-29,2024-07-28,2024-07-18
ord_01988,cust_0064,processing,2024-07-17,2024-07-25,2024-07-24
ord_01989,cust_0005,shipped,2024-07-08,2024-07-17,2024-07-29
ord_01990,cust_0349,canceled,2024-01-11,2024-02-07,2024-01-26
ord_01991,cust_0414,shipped,2024-04-08,2024-04-13,2024-04-24
ord_01992,cust_0019,canceled,2024-04-29,2024-05-17,2024-05-17
ord_01993,cust_0004,shipped,2024-09-09,2024-10-04,2024-09-22
ord_01994,cust_0446,canceled,2024-11-22,2024-12-07,2024-12-02
ord_01995,cust_0088,shipped,2024-10-18,2024-11-06,2024-11-09
ord_01996,cust_0345,shipped,2024-12-03,2024-12-29,2024-12-28
ord_01997,cust_0382,delivered,2024-02-03,2024-02-24,2024-02-14
ord_01998,cust_0439,shipped,2024-03-06,2024-03-17,2024-03-31
ord_01999,cust_0099,delivered,2024-09-24,2024-10-20,2024-10-09
ord_02000,cust_0315,canceled,2024-12-20,2025-01-13,2025-01-13
ord_02001,cust_0002,processing,2024-12-14,2025-01-03,2025-01-04
ord_02002,cust_0438,canceled,2024-11-24,2024-12-18,2024-12-02
ord_02003,cust_0141,delivered,2024-08-09,2024-09-08,2024-08-29
ord_02004,cust_0254,canceled,2024-12-14,2025-01-02,2025-01-04
ord_02005,cust_0453,shipped,2024-09-21,2024-10-18,2024-09-29
ord_02006,cust_0273,processing,2024-01-25,2024-02-05,2024-02-14
ord_02007,cust_0100,canceled,2024-06-10,2024-06-13,2024-06-29
ord_02008,cust_0378,shipped,2024-02-11,2024-03-03,2024-02-18
ord_02009,cust_0470,shipped,2024-12-19,2025-01-04,2024-12-28
ord_02010,cust_0160,delivered,2024-04-10,2024-04-18,2024-04-27
ord_02011,cust_0015,processing,2024-11-16,2024-12-09,2024-11-26
ord_02012,cust_0304,canceled,2024-08-09,2024-09-06,2024-08-16
ord_02013,cust_0243,shipped,2024-05-08,2024-05-18,2024-05-18
ord_02014,cust_0421,canceled,2024-06-23,2024-07-22,2024-07-01
ord_02015,cust_0484,delivered,2024-09-23,2024-10-21,2024-10-07
ord_02016,cust_0392,delivered,2024-11-03,2024-11-25,2024-11-24
ord_02017,cust_0064,delivered,2024-11-16,2024-12-03,2024-12-11
ord_02018,cust_0161,delivered,2024-02-01,2024-02-05,2024-02-20
ord_02019,cust_0029,canceled,2024-03-06,2024-03-10,2024-03-27
ord_02020,cust_0034,delivered,2024-11-08,2024-12-01,2024-11-28
ord_02021,cust_0027,canceled,2024-12-12,2024-12-16,2025-01-05
ord_02022,cust_0317,processing,2024-07-14,2024-07-29,2024-07-24
ord_02023,cust_0233,processing,2024-04-29,2024-05-29,2024-05-06
ord_02024,cust_0451,delivered,2024-08-25,2024-09-22,2024-09-14
ord_02025,cust_0233,canceled,2024-06-22,2024-07-15,2024-06-29
ord_02026,cust_0053,delivered,2024-10-27,2024-11-05,2024-11-06
ord_02027,cust_0304,shipped,2024-10-31,2024-11-25,2024-11-09
ord_02028,cust_0132,canceled,2024-10-20,2024-10-27,2024-11-12
ord_02029,cust_0096,shipped,2024-08-03,2024-08-21,2024-08-24
ord_02030,cust_0031,shipped,2024-03-11,2024-04-08,2024-03-19
ord_02031,cust_0263,canceled,2024-06-08,2024-06-29,2024-06-28
ord_02032,cust_0398,shipped,2024-06-08,2024-06-29,2024-07-02
ord_02033,cust_0309,canceled,2024-03-16,2024-04-03,2024-04-01
ord_02034,cust_0266,shipped,2024-05-29,2024-06-12,2024-06-05
ord_02035,cust_0420,delivered,2024-01-30,2024-02-09,2024-02-22
ord_02036,cust_0500,shipped,2024-08-04,2024-08-18,2024-08-17
ord_02037,cust_0175,shipped,2024-11-23,2024-12-02,2024-12-02
ord_02038,cust_0308,canceled,2024-12-07,2024-12-25,2024-12-28
ord_02039,cust_0316,canceled,2024-10-23,2024-11-13,2024-11-09
ord_02040,cust_0054,processing,2024-08-02,2024-08-15,2024-08-14
ord_02041,cust_0472,delivered,2024-01-22,2024-02-09,2024-02-05
ord_02042,cust_0239,shipped,2024-11-23,2024-12-03,2024-12-07
ord_02043,cust_0414,processing,2024-05-02,2024-05-20,2024-05-19
ord_02044,cust_0423,delivered,2024-04-15,2024-04-30,2024-04-27
ord_02045,cust_0184,delivered,2024-07-04,2024-07-07,2024-07-13
ord_02046,cust_0149,processing,2024-10-11,2024-10-17,2024-10-22
ord_02047,cust_0468,canceled,2024-04-09,2024-05-02,2024-05-04
ord_02048,cust_0102,canceled,2024-01-23,2024-01-26,2024-02-05
ord_02049,cust_0369,shipped,2024-03-30,2024-04-09,2024-04-14
ord_02050,cust_0126,shipped,2024-06-22,2024-07-22,2024-07-16
ord_02051,cust_0432,canceled,2024-04-10,2024-04-13,2024-04-22
ord_02052,cust_0195,delivered,2024-02-21,2024-02-24,2024-03-03
ord_02053,cust_0234,shipped,2024-06-22,2024-07-01,2024-07-08
ord_02054,cust_0339,shipped,2024-07-08,2024-08-05,2024-07-26
ord_02055,cust_0450,delivered,2024-09-26,2024-10-24,2024-10-16
ord_02056,cust_0407,shipped,2024-03-01,2024-03-08,2024-03-12
ord_02057,cust_0356,canceled,2024-04-08,2024-04-28,2024-04-27
ord_02058,cust_0326,shipped,2024-06-11,2024-07-03,2024-07-01
ord_02059,cust_0097,canceled,2024-01-24,2024-02-20,2024-02-18
ord_02060,cust_0028,canceled,2024-03-17,2024-03-30,2024-03-31
ord_02061,cust_0496,processing,2024-03-05,2024-04-04,2024-03-28
ord_02062,cust_0402,processing,2024-04-17,2024-05-13,2024-04-26
ord_02063,cust_0086,processing,2024-12-05,2024-12-27,2024-12-14
ord_02064,cust_0192,processing,2024-11-26,2024-12-23,2024-12-19
ord_02065,cust_0165,canceled,2024-09-22,2024-10-09,2024-10-04
ord_02066,cust_0367,processing,2024-09-26,2024-10-21,2024-10-18
ord_02067,cust_0206,delivered,2024-08-30,2024-09-10,2024-09-24
ord_02068,cust_0232,shipped,2024-04-16,2024-04-26,2024-04-29
ord_02069,cust_0218,processing,2024-07-21,2024-07-30,2024-08-06
ord_02070,cust_0131,delivered,2024-10-19,2024-10-27,2024-11-06
ord_02071,cust_0152,processing,2024-03-09,2024-04-05,2024-03-18
ord_02072,cust_0299,delivered,2024-09-22,2024-10-06,2024-10-06
ord_02073,cust_0219,processing,2024-08-26,2024-09-14,2024-09-12
ord_02074,cust_0189,processing,2024-08-27,2024-09-12,2024-09-16
ord_02075,cust_0013,shipped,2024-06-11,2024-06-22,2024-06-30
ord_02076,cust_0331,delivered,2024-08-14,2024-08-24,2024-08-29
ord_02077,cust_0432,delivered,2024-07-02,2024-07-07,2024-07-18
ord_02078,cust_0061,delivered,2024-05-21,2024-05-31,2024-05-31
ord_02079,cust_0103,canceled,2024-07-03,2024-07-07,2024-07-27
ord_02080,cust_0129,canceled,2024-04-10,2024-05-04,2024-04-27
ord_02081,cust_0098,shipped,2024-12-15,2025-01-14,2024-12-30
ord_02082,cust_0395,canceled,2024-10-05,2024-10-16,2024-10-12
ord_02083,cust_0401,processing,2024-05-24,2024-06-22,2024-06-11
ord_02084,cust_0388,delivered,2024-07-26,2024-08-24,2024-08-20
ord_02085,cust_0390,shipped,2024-08-29,2024-09-21,2024-09-21
ord_02086,cust_0371,shipped,2024-07-22,2024-08-01,2024-08-05
ord_02087,cust_0301,processing,2024-08-30,2024-09-09,2024-09-22
ord_02088,cust_0161,shipped,2024-08-24,2024-09-06,2024-09-02
ord_02089,cust_0108,processing,2024-08-07,2024-09-03,2024-08-27
ord_02090,cust_0016,canceled,2024-08-18,2024-09-17,2024-09-11
ord_02091,cust_0157,delivered,2024-03-12,2024-04-02,2024-03-23
ord_02092,cust_0174,shipped,2024-09-12,2024-10-10,2024-09-30
ord_02093,cust_0391,canceled,2024-08-02,2024-08-18,2024-08-21
ord_02094,cust_0291,delivered,2024-06-15,2024-07-06,2024-06-22
ord_02095,cust_0291,processing,2024-03-12,2024-03-19,2024-03-29
ord_02096,cust_0033,processing,2024-07-14,2024-07-23,2024-08-02
ord_02097,cust_0169,processing,2024-04-06,2024-04-24,2024-04-16
ord_02098,cust_0088,delivered,2024-11-23,2024-12-05,2024-12-02
ord_02099,cust_0017,processing,2024-12-11,2024-12-31,2024-12-23
ord_02100,cust_0036,processing,2024-01-14,2024-01-22,2024-01-27
ord_02101,cust_0150,delivered,2024-05-25,2024-06-03,2024-06-08
ord_02102,cust_0266,delivered,2024-08-20,2024-08-24,2024-09-07
ord_02103,cust_0201,shipped,2024-03-28,2024-04-10,2024-04-17
ord_02104,cust_0215,processing,2024-02-26,2024-03-04,2024-03-21
ord_02105,cust_0067,shipped,2024-02-05,2024-02-20,2024-02-18
ord_02106,cust_0082,canceled,2024-06-07,2024-06-23,2024-06-29
ord_02107,cust_0367,processing,2024-10-27,2024-11-05,2024-11-19
ord_02108,cust_0074,processing,2024-05-21,2024-05-30,2024-05-28
ord_02109,cust_0310,shipped,2024-02-02,2024-03-02,2024-02-21
ord_02110,cust_0451,processing,2024-09-26,2024-10-09,2024-10-21
ord_02111,cust_0021,delivered,2024-08-23,2024-09-09,2024-09-17
ord_02112,cust_0178,canceled,2024-05-27,2024-06-19,2024-06-17
ord_02113,cust_0213,shipped,2024-07-19,2024-08-10,2024-07-31
ord_02114,cust_0235,processing,2024-04-01,2024-04-23,2024-04-21
ord_02115,cust_0049,processing,2024-12-03,2024-12-11,2024-12-28
ord_02116,cust_0454,shipped,2024-12-23,2024-12-27,2025-01-06
ord_02117,cust_0150,delivered,2024-05-20,2024-06-12,2024-06-13
ord_02118,cust_0466,processing,2024-12-23,2025-01-18,2025-01-05
ord_02119,cust_0063,canceled,2024-07-29,2024-08-25,2024-08-22
ord_02120,cust_0259,canceled,2024-02-09,2024-03-07,2024-02-19
ord_02121,cust_0130,shipped,2024-07-28,2024-08-14,2024-08-09
ord_02122,cust_0014,delivered,2024-09-16,2024-09-20,2024-10-07
ord_02123,cust_0196,canceled,2024-11-23,2024-12-18,2024-12-14
ord_02124,cust_0204,delivered,2024-07-23,2024-08-22,2024-08-05
ord_02125,cust_0364,shipped,2024-01-06,2024-01-17,2024-01-16
ord_02126,cust_0249,processing,2024-06-16,2024-07-10,2024-07-07
ord_02127,cust_0337,shipped,2024-02-04,2024-02-09,2024-02-28
ord_02128,cust_0421,canceled,2024-08-12,2024-08-19,2024-09-03
ord_02129,cust_0311,delivered,2024-03-23,2024-03-31,2024-03-30
ord_02130,cust_0274,processing,2024-03-31,2024-04-12,2024-04-10
ord_02131,cust_0347,canceled,2024-03-27,2024-04-01,2024-04-03
ord_02132,cust_0092,shipped,2024-03-19,2024-04-05,2024-04-06
ord_02133,cust_0111,processing,2024-01-18,2024-02-11,2024-02-11
ord_02134,cust_0329,delivered,2024-12-22,2024-12-26,2025-01-14
ord_02135,cust_0228,delivered,2024-07-18,2024-08-12,2024-08-03
ord_02136,cust_0396,processing,2024-11-02,2024-11-05,2024-11-10
ord_02137,cust_0466,shipped,2024-04-13,2024-04-23,2024-05-01
ord_02138,cust_0216,delivered,2024-04-12,2024-04-17,2024-04-19
ord_02139,cust_0349,delivered,2024-01-08,2024-01-21,2024-01-21
ord_02140,cust_0371,shipped,2024-04-22,2024-04-28,2024-05-04
ord_02141,cust_0056,canceled,2024-01-23,2024-02-08,2024-02-15
ord_02142,cust_0320,shipped,2024-06-14,2024-07-04,2024-06-27
ord_02143,cust_0062,shipped,2024-10-04,2024-10-19,2024-10-24
ord_02144,cust_0166,shipped,2024-04-19,2024-04-25,2024-05-07
ord_02145,cust_0007,processing,2024-01-08,2024-01-23,2024-01-25
ord_02146,cust_0034,canceled,2024-04-18,2024-05-05,2024-05-02
ord_02147,cust_0023,delivered,2024-11-28,2024-12-20,2024-12-16
ord_02148,cust_0393,processing,2024-04-21,2024-05-07,2024-05-07
ord_02149,cust_0406,shipped,2024-02-22,2024-03-18,2024-03-17
ord_02150,cust_0324,processing,2024-05-08,2024-05-14,2024-05-25
ord_02151,cust_0171,shipped,2024-12-13,2025-01-09,2024-12-24
ord_02152,cust_0436,processing,2024-11-21,2024-12-18,2024-12-08
ord_02153,cust_0312,processing,2024-02-04,2024-02-17,2024-02-11
ord_02154,cust_0258,delivered,2024-07-14,2024-08-02,2024-07-28
ord_02155,cust_0159,shipped,2024-04-29,2024-05-02,2024-05-09
ord_02156,cust_0318,delivered,2024-08-07,2024-09-03,2024-08-21
ord_02157,cust_0256,canceled,2024-01-31,2024-02-07,2024-02-18
ord_02158,cust_0105,delivered,2024-04-13,2024-04-20,2024-05-02
ord_02159,cust_0379,canceled,2024-05-01,2024-05-27,2024-05-22
ord_02160,cust_0330,delivered,2024-03-09,2024-03-20,2024-03-26
ord_02161,cust_0332,canceled,2024-09-23,2024-10-21,2024-10-13
ord_02162,cust_0176,shipped,2024-01-13,2024-01-23,2024-01-30
ord_02163,cust_0465,shipped,2024-04-15,2024-05-05,2024-04-23
ord_02164,cust_0312,processing,2024-12-17,2025-01-11,2024-12-31
ord_02165,cust_0227,delivered,2024-09-23,2024-10-06,2024-10-05
ord_02166,cust_0036,shipped,2024-02-03,2024-03-04,2024-02-25
ord_02167,cust_0481,shipped,2024-01-27,2024-02-19,2024-02-07
ord_02168,cust_0304,shipped,2024-03-05,2024-03-10,2024-03-17
ord_02169,cust_0219,processing,2024-04-30,2024-05-19,2024-05-09
ord_02170,cust_0126,processing,2024-06-08,2024-06-16,2024-06-21
ord_02171,cust_0156,canceled,2024-03-31,2024-04-22,2024-04-14
ord_02172,cust_0140,processing,2024-10-22,2024-11-08,2024-11-04
ord_02173,cust_0194,shipped,2024-02-10,2024-02-24,2024-02-29
ord_02174,cust_0259,processing,2024-08-29,2024-09-15,2024-09-18
ord_02175,cust_0011,processing,2024-03-20,2024-04-18,2024-04-11
ord_02176,cust_0389,canceled,2024-08-06,2024-09-05,2024-08-15
ord_02177,cust_0284,shipped,2024-10-31,2024-11-20,2024-11-11
ord_02178,cust_0157,processing,2024-05-11,2024-05-26,2024-06-01
ord_02179,cust_0311,processing,2024-05-25,2024-06-09,2024-06-18
ord_02180,cust_0367,processing,2024-02-06,2024-02-19,2024-02-17
ord_02181,cust_0003,delivered,2024-04-10,2024-04-17,2024-04-23
ord_02182,cust_0252,processing,2024-09-13,2024-10-09,2024-10-01
ord_02183,cust_0197,processing,2024-07-31,2024-08-15,2024-08-18
ord_02184,cust_0037,processing,2024-06-06,2024-06-29,2024-07-01
ord_02185,cust_0478,shipped,2024-01-20,2024-01-26,2024-02-08
ord_02186,cust_0491,canceled,2024-04-09,2024-05-06,2024-04-29
ord_02187,cust_0326,canceled,2024-06-27,2024-07-16,2024-07-19
ord_02188,cust_0475,processing,2024-12-22,2024-12-26,2025-01-10
ord_02189,cust_0018,canceled,2024-05-06,2024-05-16,2024-05-28
ord_02190,cust_0358,shipped,2024-11-19,2024-12-14,2024-11-26
ord_02191,cust_0484,shipped,2024-05-13,2024-06-04,2024-06-03
ord_02192,cust_0488,shipped,2024-05-10,2024-05-20,2024-06-04
ord_02193,cust_0330,processing,2024-01-07,2024-01-13,2024-01-16
ord_02194,cust_0499,delivered,2024-07-22,2024-08-16,2024-08-16
ord_02195,cust_0085,processing,2024-09-22,2024-10-01,2024-10-12
ord_02196,cust_0257,processing,2024-05-09,2024-06-03,2024-05-25
ord_02197,cust_0386,delivered,2024-10-27,2024-11-08,2024-11-16
ord_02198,cust_0398,canceled,2024-02-25,2024-03-19,2024-03-21
ord_02199,cust_0477,processing,2024-03-14,2024-03-25,2024-03-27
ord_02200,cust_0087,processing,2024-12-23,2025-01-04,2024-12-30
ord_02201,cust_0397,processing,2024-01-01,2024-01-07,2024-01-10
ord_02202,cust_0376,processing,2024-09-25,2024-10-11,2024-10-11
ord_02203,cust_0096,shipped,2024-03-28,2024-04-05,2024-04-15
ord_02204,cust_0258,delivered,2024-04-11,2024-04-29,2024-04-23
ord_02205,cust_0096,shipped,2024-08-18,2024-09-08,2024-08-31
ord_02206,cust_0415,shipped,2024-01-31,2024-02-26,2024-02-12
ord_02207,cust_0226,delivered,2024-05-12,2024-06-11,2024-06-01
ord_02208,cust_0151,delivered,2024-11-21,2024-11-29,2024-11-30
ord_02209,cust_0033,canceled,2024-07-12,2024-07-18,2024-07-27
ord_02210,cust_0245,processing,2024-01-16,2024-02-06,2024-01-30
ord_02211,cust_0005,delivered,2024-12-10,2025-01-06,2024-12-20
ord_02212,cust_0341,delivered,2024-05-16,2024-06-12,2024-05-23
ord_02213,cust_0406,delivered,2024-02-19,2024-02-28,2024-03-13
ord_02214,cust_0493,canceled,2024-07-11,2024-08-02,2024-08-03
ord_02215,cust_0310,processing,2024-09-05,2024-09-23,2024-09-22
ord_02216,cust_0162,shipped,2024-06-21,2024-07-05,2024-07-08
ord_02217,cust_0194,delivered,2024-07-03,2024-07-27,2024-07-22
ord_02218,cust_0413,delivered,2024-07-01,2024-07-31,2024-07-18
ord_02219,cust_0372,shipped,2024-01-02,2024-01-19,2024-01-21
ord_02220,cust_0445,canceled,2024-01-14,2024-02-05,2024-01-24
ord_02221,cust_0189,processing,2024-12-24,2025-01-20,2025-01-07
ord_02222,cust_0264,processing,2024-11-12,2024-12-06,2024-12-04
ord_02223,cust_0327,canceled,2024-12-04,2024-12-13,2024-12-11
ord_02224,cust_0448,delivered,2024-01-09,2024-02-01,2024-01-27
ord_02225,cust_0120,processing,2024-06-15,2024-07-09,2024-07-06
ord_02226,cust_0179,processing,2024-07-23,2024-08-18,2024-08-01
ord_02227,cust_0376,processing,2024-08-31,2024-09-24,2024-09-10
ord_02228,cust_0365,shipped,2024-05-30,2024-06-21,2024-06-12
ord_02229,cust_0017,shipped,2024-09-23,2024-10-14,2024-10-16
ord_02230,cust_0155,processing,2024-09-11,2024-10-09,2024-09-20
ord_02231,cust_0247,shipped,2024-03-27,2024-04-13,2024-04-06
ord_02232,cust_0386,delivered,2024-05-04,2024-05-13,2024-05-16
ord_02233,cust_0083,canceled,2024-02-24,2024-03-11,2024-03-02
ord_02234,cust_0113,canceled,2024-07-15,2024-08-11,2024-07-30
ord_02235,cust_0341,shipped,2024-12-06,2024-12-24,2024-12-16
ord_02236,cust_0047,canceled,2024-09-30,2024-10-23,2024-10-22
ord_02237,cust_0330,canceled,2024-04-24,2024-05-15,2024-05-03
ord_02238,cust_0335,processing,2024-07-12,2024-08-06,2024-07-31
ord_02239,cust_0060,canceled,2024-04-29,2024-05-09,2024-05-14
ord_02240,cust_0175,shipped,2024-02-14,2024-02-20,2024-02-23
ord_02241,cust_0066,canceled,2024-02-29,2024-03-21,2024-03-18
ord_02242,cust_0160,delivered,2024-07-13,2024-08-03,2024-07-20
ord_02243,cust_0434,processing,2024-10-29,2024-11-18,2024-11-11
ord_02244,cust_0409,shipped,2024-08-04,2024-08-17,2024-08-22
ord_02245,cust_0114,delivered,2024-09-23,2024-10-17,2024-10-18
ord_02246,cust_0437,processing,2024-07-21,2024-07-24,2024-08-14
ord_02247,cust_0429,shipped,2024-06-10,2024-06-17,2024-06-26
ord_02248,cust_0076,canceled,2024-09-12,2024-10-06,2024-10-03
ord_02249,cust_0307,canceled,2024-03-15,2024-04-10,2024-03-23
ord_02250,cust_0141,processing,2024-06-07,2024-06-26,2024-06-17
ord_02251,cust_0254,canceled,2024-11-19,2024-12-18,2024-12-02
ord_02252,cust_0415,canceled,2024-12-26,2025-01-10,2025-01-03
ord_02253,cust_0435,shipped,2024-03-19,2024-04-17,2024-04-01
ord_02254,cust_0473,shipped,2024-12-24,2025-01-19,2025-01-01
ord_02255,cust_0154,shipped,2024-09-06,2024-10-02,2024-09-25
ord_02256,cust_0173,processing,2024-01-12,2024-02-01,2024-01-31
ord_02257,cust_0388,processing,2024-12-13,2024-12-31,2024-12-31
ord_02258,cust_0373,canceled,2024-07-19,2024-07-24,2024-08-11
ord_02259,cust_0359,processing,2024-05-24,2024-06-18,2024-06-06
ord_02260,cust_0386,delivered,2024-02-19,2024-02-26,2024-03-07
ord_02261,cust_0336,shipped,2024-12-29,2025-01-10,2025-01-19
ord_02262,cust_0357,processing,2024-10-22,2024-10-29,2024-11-12
ord_02263,cust_0112,shipped,2024-05-29,2024-06-05,2024-06-11
ord_02264,cust_0372,delivered,2024-11-29,2024-12-02,2024-12-17
ord_02265,cust_0193,processing,2024-12-13,2025-01-10,2024-12-24
ord_02266,cust_0475,delivered,2024-12-13,2025-01-11,2024-12-25
ord_02267,cust_0092,delivered,2024-02-19,2024-03-04,2024-03-12
ord_02268,cust_0304,processing,2024-03-01,2024-03-20,2024-03-18
ord_02269,cust_0126,delivered,2024-03-17,2024-04-09,2024-04-05
ord_02270,cust_0251,canceled,2024-03-01,2024-03-11,2024-03-20
ord_02271,cust_0335,processing,2024-12-18,2025-01-09,2024-12-30
ord_02272,cust_0399,processing,2024-12-20,2025-01-17,2024-12-29
ord_02273,cust_0324,processing,2024-11-28,2024-12-13,2024-12-13
ord_02274,cust_0060,delivered,2024-07-07,2024-07-10,2024-07-17
ord_02275,cust_0116,delivered,2024-03-03,2024-03-21,2024-03-26
ord_02276,cust_0246,canceled,2024-10-27,2024-11-17,2024-11-21
ord_02277,cust_0407,shipped,2024-12-21,2025-01-16,2024-12-31
ord_02278,cust_0153,shipped,2024-07-15,2024-08-02,2024-08-04
ord_02279,cust_0366,shipped,2024-02-20,2024-03-04,2024-02-29
ord_02280,cust_0202,processing,2024-07-26,2024-08-24,2024-08-02
ord_02281,cust_0276,delivered,2024-02-02,2024-02-21,2024-02-27
ord_02282,cust_0093,shipped,2024-04-16,2024-05-10,2024-04-26
ord_02283,cust_0410,canceled,2024-01-03,2024-01-23,2024-01-24
ord_02284,cust_0295,shipped,2024-03-03,2024-03-07,2024-03-14
ord_02285,cust_0288,canceled,2024-11-30,2024-12-08,2024-12-09
ord_02286,cust_0260,canceled,2024-01-18,2024-01-23,2024-01-28
ord_02287,cust_0217,delivered,2024-07-05,2024-07-25,2024-07-17
ord_02288,cust_0485,canceled,2024-05-07,2024-05-19,2024-05-15
ord_02289,cust_0072,processing,2024-12-03,2024-12-23,2024-12-24
ord_02290,cust_0467,canceled,2024-12-21,2025-01-03,2025-01-13
ord_02291,cust_0108,delivered,2024-11-06,2024-11-26,2024-11-29
ord_02292,cust_0122,delivered,2024-12-05,2025-01-03,2024-12-13
ord_02293,cust_0439,shipped,2024-04-06,2024-04-13,2024-04-22
ord_02294,cust_0111,canceled,2024-03-09,2024-03-31,2024-04-02
ord_02295,cust_0039,canceled,2024-05-22,2024-05-29,2024-06-11
ord_02296,cust_0205,processing,2024-05-13,2024-05-28,2024-05-25
ord_02297,cust_0482,shipped,2024-02-12,2024-02-23,2024-03-03
ord_02298,cust_0323,canceled,2024-10-01,2024-10-10,2024-10-10
ord_02299,cust_0366,canceled,2024-11-20,2024-12-15,2024-12-03
ord_02300,cust_0310,shipped,2024-10-15,2024-11-08,2024-11-07
ord_02301,cust_0162,processing,2024-08-02,2024-08-31,2024-08-13
ord_02302,cust_0040,canceled,2024-07-13,2024-07-16,2024-07-27
ord_02303,cust_0351,processing,2024-03-04,2024-03-24,2024-03-14
ord_02304,cust_0186,canceled,2024-02-03,2024-02-16,2024-02-12
ord_02305,cust_0141,delivered,2024-05-19,2024-05-26,2024-06-02
ord_02306,cust_0194,delivered,2024-02-20,2024-03-06,2024-03-05
ord_02307,cust_0373,canceled,2024-03-04,2024-03-12,2024-03-27
ord_02308,cust_0049,canceled,2024-10-28,2024-11-26,2024-11-19
ord_02309,cust_0283,canceled,2024-12-24,2025-01-14,2025-01-09
ord_02310,cust_0088,canceled,2024-11-07,2024-11-13,2024-11-15
ord_02311,cust_0413,processing,2024-07-18,2024-07-26,2024-08-05
ord_02312,cust_0133,delivered,2024-09-01,2024-09-22,2024-09-12
ord_02313,cust_0337,shipped,2024-12-17,2025-01-05,2024-12-28
ord_02314,cust_0377,canceled,2024-03-14,2024-03-29,2024-04-08
ord_02315,cust_0363,shipped,2024-01-28,2024-02-23,2024-02-15
ord_02316,cust_0362,processing,2024-12-13,2025-01-04,2025-01-02
ord_02317,cust_0409,processing,2024-04-03,2024-04-20,2024-04-21
ord_02318,cust_0488,processing,2024-09-14,2024-09-26,2024-09-29
ord_02319,cust_0157,delivered,2024-09-23,2024-10-18,2024-10-07
ord_02320,cust_0433,delivered,2024-06-05,2024-06-21,2024-06-22
ord_02321,cust_0374,shipped,2024-11-20,2024-11-25,2024-11-29
ord_02322,cust_0030,delivered,2024-02-17,2024-02-25,2024-03-13
ord_02323,cust_0414,delivered,2024-05-26,2024-06-15,2024-06-17
ord_02324,cust_0478,shipped,2024-08-05,2024-08-29,2024-08-28
ord_02325,cust_0351,delivered,2024-09-02,2024-09-20,2024-09-25
ord_02326,cust_0467,delivered,2024-07-26,2024-07-29,2024-08-08
ord_02327,cust_0384,canceled,2024-08-05,2024-08-30,2024-08-29
ord_02328,cust_0351,delivered,2024-05-05,2024-05-31,2024-05-28
ord_02329,cust_0346,shipped,2024-11-06,2024-11-23,2024-11-18
ord_02330,cust_0430,shipped,2024-03-30,2024-04-04,2024-04-17
ord_02331,cust_0217,processing,2024-09-20,2024-10-04,2024-09-28
ord_02332,cust_0497,delivered,2024-07-13,2024-07-21,2024-07-31
ord_02333,cust_0426,delivered,2024-06-22,2024-07-16,2024-07-06
ord_02334,cust_0151,canceled,2024-05-28,2024-06-09,2024-06-19
ord_02335,cust_0202,shipped,2024-04-19,2024-04-22,2024-05-14
ord_02336,cust_0423,delivered,2024-06-05,2024-06-28,2024-06-28
ord_02337,cust_0030,canceled,2024-08-25,2024-09-16,2024-09-16
ord_02338,cust_0169,canceled,2024-01-04,2024-01-26,2024-01-25
ord_02339,cust_0180,shipped,2024-06-30,2024-07-06,2024-07-07
ord_02340,cust_0052,processing,2024-07-24,2024-08-07,2024-07-31
ord_02341,cust_0271,shipped,2024-09-08,2024-09-17,2024-09-17
ord_02342,cust_0004,shipped,2024-07-29,2024-08-04,2024-08-20
ord_02343,cust_0241,processing,2024-12-02,2024-12-13,2024-12-16
ord_02344,cust_0220,shipped,2024-07-10,2024-07-22,2024-07-28
ord_02345,cust_0056,processing,2024-10-01,2024-10-29,2024-10-16
ord_02346,cust_0083,shipped,2024-12-02,2024-12-31,2024-12-23
ord_02347,cust_0003,canceled,2024-06-30,2024-07-26,2024-07-20
ord_02348,cust_0098,canceled,2024-12-29,2025-01-07,2025-01-08
ord_02349,cust_0216,canceled,2024-01-21,2024-01-28,2024-02-09
ord_02350,cust_0486,processing,2024-01-17,2024-01-25,2024-01-30
ord_02351,cust_0216,processing,2024-12-06,2024-12-17,2024-12-16
ord_02352,cust_0167,processing,2024-10-08,2024-10-26,2024-10-19
ord_02353,cust_0068,delivered,2024-09-13,2024-10-09,2024-10-02
ord_02354,cust_0065,shipped,2024-02-25,2024-03-24,2024-03-03
ord_02355,cust_0393,shipped,2024-06-25,2024-07-14,2024-07-02
ord_02356,cust_0220,delivered,2024-01-27,2024-02-20,2024-02-13
ord_02357,cust_0145,processing,2024-08-10,2024-08-28,2024-08-26
ord_02358,cust_0127,shipped,2024-02-12,2024-03-10,2024-03-03
ord_02359,cust_0144,delivered,2024-09-18,2024-09-26,2024-10-02
ord_02360,cust_0342,processing,2024-05-14,2024-06-08,2024-05-28
ord_02361,cust_0359,shipped,2024-04-11,2024-04-29,2024-04-21
ord_02362,cust_0323,shipped,2024-04-06,2024-05-06,2024-05-01
ord_02363,cust_0206,delivered,2024-04-27,2024-05-03,2024-05-08
ord_02364,cust_0219,delivered,2024-05-20,2024-05-29,2024-05-31
ord_02365,cust_0443,delivered,2024-11-11,2024-11-20,2024-11-20
ord_02366,cust_0157,shipped,2024-07-13,2024-07-29,2024-08-05
ord_02367,cust_0246,delivered,2024-04-23,2024-05-06,2024-05-13
ord_02368,cust_0156,delivered,2024-09-18,2024-10-04,2024-09-26
ord_02369,cust_0483,canceled,2024-05-17,2024-05-31,2024-06-01
ord_02370,cust_0164,delivered,2024-12-30,2025-01-15,2025-01-13
ord_02371,cust_0027,canceled,2024-04-03,2024-04-07,2024-04-10
ord_02372,cust_0144,delivered,2024-04-18,2024-04-30,2024-05-10
ord_02373,cust_0486,processing,2024-08-08,2024-08-16,2024-08-23
ord_02374,cust_0058,delivered,2024-07-05,2024-07-18,2024-07-21
ord_02375,cust_0395,shipped,2024-12-08,2024-12-11,2025-01-01
ord_02376,cust_0381,canceled,2024-06-18,2024-07-02,2024-07-06
ord_02377,cust_0108,processing,2024-05-01,2024-05-24,2024-05-16
ord_02378,cust_0323,delivered,2024-02-14,2024-02-20,2024-02-25
ord_02379,cust_0099,processing,2024-01-22,2024-02-12,2024-02-04
ord_02380,cust_0317,canceled,2024-02-20,2024-02-25,2024-03-15
ord_02381,cust_0390,shipped,2024-06-03,2024-06-29,2024-06-25
ord_02382,cust_0023,shipped,2024-09-30,2024-10-26,2024-10-11
ord_02383,cust_0365,canceled,2024-04-08,2024-04-24,2024-05-02
ord_02384,cust_0230,delivered,2024-10-13,2024-10-27,2024-10-31
ord_02385,cust_0215,delivered,2024-08-11,2024-08-16,2024-09-02
ord_02386,cust_0357,shipped,2024-03-26,2024-04-17,2024-04-10
ord_02387,cust_0032,shipped,2024-05-28,2024-06-01,2024-06-22
ord_02388,cust_0446,delivered,2024-07-22,2024-08-09,2024-08-15
ord_02389,cust_0197,processing,2024-03-25,2024-04-11,2024-04-17
ord_02390,cust_0106,shipped,2024-07-24,2024-08-15,2024-08-08
ord_02391,cust_0112,delivered,2024-01-02,2024-01-10,2024-01-27
ord_02392,cust_0363,canceled,2024-09-19,2024-10-06,2024-10-12
ord_02393,cust_0152,canceled,2024-06-04,2024-07-04,2024-06-18
ord_02394,cust_0115,delivered,2024-10-09,2024-10-15,2024-10-21
ord_02395,cust_0021,shipped,2024-09-30,2024-10-10,2024-10-16
ord_02396,cust_0448,delivered,2024-05-22,2024-05-29,2024-06-06
ord_02397,cust_0274,delivered,2024-11-24,2024-12-04,2024-12-07
ord_02398,cust_0324,canceled,2024-01-01,2024-01-24,2024-01-19
ord_02399,cust_0136,shipped,2024-06-15,2024-06-20,2024-07-09
ord_02400,cust_0167,delivered,2024-07-28,2024-08-19,2024-08-13
ord_02401,cust_0422,canceled,2024-11-16,2024-12-15,2024-11-23
ord_02402,cust_0091,canceled,2024-04-22,2024-05-18,2024-05-07
ord_02403,cust_0055,processing,2024-01-09,2024-01-29,2024-02-03
ord_02404,cust_0106,processing,2024-11-30,2024-12-11,2024-12-24
ord_02405,cust_0105,processing,2024-04-22,2024-05-05,2024-05-07
ord_02406,cust_0374,processing,2024-03-20,2024-04-06,2024-04-03
ord_02407,cust_0048,processing,2024-07-07,2024-07-14,2024-07-29
ord_02408,cust_0418,shipped,2024-04-02,2024-04-19,2024-04-14
ord_02409,cust_0483,shipped,2024-04-06,2024-04-27,2024-04-28
ord_02410,cust_0159,shipped,2024-11-27,2024-12-09,2024-12-04
ord_02411,cust_0352,shipped,2024-03-31,2024-04-29,2024-04-19
ord_02412,cust_0219,shipped,2024-02-05,2024-02-12,2024-02-14
ord_02413,cust_0052,shipped,2024-08-20,2024-09-12,2024-09-08
ord_02414,cust_0194,processing,2024-01-07,2024-01-29,2024-01-17
ord_02415,cust_0391,delivered,2024-01-11,2024-01-17,2024-01-18
ord_02416,cust_0138,shipped,2024-03-08,2024-03-18,2024-03-17
ord_02417,cust_0406,delivered,2024-11-17,2024-12-09,2024-11-24
ord_02418,cust_0437,delivered,2024-02-24,2024-03-15,2024-03-12
ord_02419,cust_0389,processing,2024-04-13,2024-04-20,2024-05-05
ord_02420,cust_0246,shipped,2024-03-24,2024-04-05,2024-04-10
ord_02421,cust_0355,canceled,2024-05-04,2024-05-08,2024-05-28
ord_02422,cust_0011,delivered,2024-11-17,2024-12-07,2024-11-27
ord_02423,cust_0053,processing,2024-02-22,2024-03-13,2024-03-09
ord_02424,cust_0013,shipped,2024-03-13,2024-03-16,2024-03-27
ord_02425,cust_0181,canceled,2024-08-06,2024-08-21,2024-08-17
ord_02426,cust_0352,delivered,2024-04-25,2024-05-19,2024-05-14
ord_02427,cust_0115,delivered,2024-09-08,2024-09-16,2024-09-18
ord_02428,cust_0316,canceled,2024-05-24,2024-06-07,2024-06-02
ord_02429,cust_0459,delivered,2024-03-01,2024-03-15,2024-03-10
ord_02430,cust_0220,canceled,2024-11-05,2024-11-12,2024-11-17
ord_02431,cust_0077,canceled,2024-11-03,2024-11-11,2024-11-23
ord_02432,cust_0179,delivered,2024-11-15,2024-12-14,2024-12-01
ord_02433,cust_0478,canceled,2024-05-18,2024-06-05,2024-06-05
ord_02434,cust_0404,delivered,2024-12-30,2025-01-27,2025-01-08
ord_02435,cust_0164,shipped,2024-03-17,2024-04-13,2024-03-28
ord_02436,cust_0418,delivered,2024-07-18,2024-08-04,2024-08-09
ord_02437,cust_0492,canceled,2024-02-27,2024-03-19,2024-03-18
ord_02438,cust_0066,shipped,2024-03-15,2024-03-20,2024-04-01
ord_02439,cust_0254,processing,2024-07-16,2024-07-30,2024-08-02
ord_02440,cust_0309,canceled,2024-09-03,2024-09-28,2024-09-23
ord_02441,cust_0197,processing,2024-03-11,2024-04-08,2024-03-25
ord_02442,cust_0274,processing,2024-10-08,2024-10-26,2024-11-01
ord_02443,cust_0197,delivered,2024-09-29,2024-10-19,2024-10-13
ord_02444,cust_0270,shipped,2024-10-24,2024-11-18,2024-11-13
ord_02445,cust_0186,delivered,2024-12-25,2024-12-30,2025-01-08
ord_02446,cust_0186,processing,2024-04-14,2024-05-14,2024-04-21
ord_02447,cust_0467,canceled,2024-03-09,2024-03-15,2024-03-17
ord_02448,cust_0151,processing,2024-07-03,2024-08-02,2024-07-14
ord_02449,cust_0498,processing,2024-03-14,2024-04-12,2024-04-07
ord_02450,cust_0029,shipped,2024-05-04,2024-05-13,2024-05-18
ord_02451,cust_0194,delivered,2024-03-01,2024-03-26,2024-03-12
ord_02452,cust_0028,delivered,2024-12-22,2025-01-07,2025-01-09
ord_02453,cust_0245,shipped,2024-12-05,2024-12-26,2024-12-14
ord_02454,cust_0073,delivered,2024-01-16,2024-01-23,2024-02-03
ord_02455,cust_0292,processing,2024-05-05,2024-05-10,2024-05-12
ord_02456,cust_0241,shipped,2024-03-17,2024-04-13,2024-03-29
ord_02457,cust_0241,processing,2024-09-27,2024-10-22,2024-10-13
ord_02458,cust_0147,delivered,2024-06-21,2024-07-08,2024-06-28
ord_02459,cust_0310,shipped,2024-03-20,2024-03-24,2024-03-28
ord_02460,cust_0203,processing,2024-09-14,2024-09-22,2024-09-21
ord_02461,cust_0365,canceled,2024-12-14,2024-12-31,2025-01-07
ord_02462,cust_0364,shipped,2024-10-19,2024-11-07,2024-11-04
ord_02463,cust_0499,delivered,2024-08-04,2024-08-12,2024-08-19
ord_02464,cust_0381,shipped,2024-09-24,2024-10-09,2024-10-05
ord_02465,cust_0113,processing,2024-07-24,2024-08-15,2024-08-01
ord_02466,cust_0310,delivered,2024-04-04,2024-05-03,2024-04-28
ord_02467,cust_0161,processing,2024-12-20,2025-01-06,2025-01-11
ord_02468,cust_0412,canceled,2024-07-13,2024-07-21,2024-07-21
ord_02469,cust_0139,delivered,2024-11-27,2024-12-13,2024-12-10
ord_02470,cust_0309,canceled,2024-02-23,2024-02-28,2024-03-12
ord_02471,cust_0084,delivered,2024-01-15,2024-01-25,2024-01-31
ord_02472,cust_0388,canceled,2024-02-03,2024-02-12,2024-02-10
ord_02473,cust_0327,delivered,2024-04-06,2024-04-26,2024-04-19
ord_02474,cust_0292,delivered,2024-05-03,2024-05-14,2024-05-12
ord_02475,cust_0024,delivered,2024-10-15,2024-11-12,2024-11-06
ord_02476,cust_0005,canceled,2024-06-10,2024-06-15,2024-06-26
ord_02477,cust_0100,canceled,2024-05-24,2024-06-08,2024-06-16
ord_02478,cust_0499,shipped,2024-07-19,2024-08-14,2024-08-06
ord_02479,cust_0170,processing,2024-12-25,2025-01-18,2025-01-04
ord_02480,cust_0414,shipped,2024-09-14,2024-09-20,2024-10-07
ord_02481,cust_0245,delivered,2024-01-13,2024-02-03,2024-02-01
ord_02482,cust_0350,processing,2024-05-28,2024-06-05,2024-06-08
ord_02483,cust_0488,shipped,2024-02-10,2024-03-04,2024-02-19
ord_02484,cust_0394,shipped,2024-04-20,2024-05-18,2024-05-01
ord_02485,cust_0477,canceled,2024-09-13,2024-10-02,2024-10-06
ord_02486,cust_0174,canceled,2024-08-17,2024-09-14,2024-08-28
ord_02487,cust_0021,processing,2024-07-03,2024-07-25,2024-07-23
ord_02488,cust_0491,shipped,2024-05-02,2024-05-11,2024-05-11
ord_02489,cust_0050,delivered,2024-10-17,2024-11-09,2024-11-08
ord_02490,cust_0281,delivered,2024-03-14,2024-04-10,2024-03-30
ord_02491,cust_0161,shipped,2024-09-12,2024-09-18,2024-10-03
ord_02492,cust_0144,canceled,2024-05-31,2024-06-08,2024-06-09
ord_02493,cust_0092,processing,2024-06-29,2024-07-04,2024-07-08
ord_02494,cust_0391,processing,2024-05-12,2024-05-30,2024-05-27
ord_02495,cust_0498,processing,2024-11-28,2024-12-05,2024-12-08
ord_02496,cust_0206,processing,2024-01-21,2024-02-04,2024-02-06
ord_02497,cust_0226,canceled,2024-11-13,2024-12-07,2024-11-24
ord_02498,cust_0192,delivered,2024-09-19,2024-10-19,2024-10-06
ord_02499,cust_0231,canceled,2024-12-15,2024-12-31,2025-01-07
ord_02500,cust_0380,shipped,2024-12-15,2024-12-19,2024-12-23
ord_02501,cust_0005,shipped,2024-12-24,2025-01-22,2025-01-17
ord_02502,cust_0082,processing,2024-02-23,2024-03-06,2024-03-13
ord_02503,cust_0448,processing,2024-02-07,2024-02-17,2024-02-26
ord_02504,cust_0239,processing,2024-12-08,2024-12-13,2024-12-26
ord_02505,cust_0056,delivered,2024-11-24,2024-12-14,2024-12-15
ord_02506,cust_0470,processing,2024-04-02,2024-04-28,2024-04-12
ord_02507,cust_0169,delivered,2024-08-09,2024-08-18,2024-08-28
ord_02508,cust_0109,processing,2024-06-11,2024-06-24,2024-07-03
ord_02509,cust_0020,shipped,2024-02-28,2024-03-10,2024-03-20
ord_02510,cust_0164,delivered,2024-08-28,2024-09-04,2024-09-10
ord_02511,cust_0032,canceled,2024-11-03,2024-11-30,2024-11-22
ord_02512,cust_0028,shipped,2024-08-08,2024-08-26,2024-08-21
ord_02513,cust_0139,canceled,2024-01-12,2024-02-08,2024-02-01
ord_02514,cust_0073,delivered,2024-11-21,2024-11-29,2024-11-30
ord_02515,cust_0153,processing,2024-05-20,2024-06-04,2024-05-29
ord_02516,cust_0343,canceled,2024-08-02,2024-08-21,2024-08-15
ord_02517,cust_0048,processing,2024-04-04,2024-05-03,2024-04-12
ord_02518,cust_0085,shipped,2024-06-24,2024-07-21,2024-07-10
ord_02519,cust_0244,shipped,2024-06-27,2024-07-13,2024-07-19
ord_02520,cust_0468,processing,2024-12-22,2025-01-07,2025-01-09
ord_02521,cust_0040,shipped,2024-01-06,2024-01-26,2024-01-19
ord_02522,cust_0008,shipped,2024-06-14,2024-07-08,2024-07-01
ord_02523,cust_0443,canceled,2024-08-22,2024-08-29,2024-09-13
ord_02524,cust_0135,delivered,2024-02-28,2024-03-27,2024-03-19
ord_02525,cust_0325,processing,2024-08-18,2024-09-16,2024-08-29
ord_02526,cust_0019,shipped,2024-11-23,2024-12-14,2024-12-03
ord_02527,cust_0397,shipped,2024-04-06,2024-04-22,2024-04-30
ord_02528,cust_0179,shipped,2024-11-03,2024-11-18,2024-11-16
ord_02529,cust_0490,delivered,2024-04-07,2024-05-01,2024-05-02
ord_02530,cust_0009,canceled,2024-07-08,2024-08-06,2024-07-26
ord_02531,cust_0359,processing,2024-06-06,2024-06-25,2024-06-16
ord_02532,cust_0211,canceled,2024-11-28,2024-12-15,2024-12-18
ord_02533,cust_0219,canceled,2024-06-29,2024-07-28,2024-07-23
ord_02534,cust_0220,canceled,2024-02-28,2024-03-07,2024-03-20
ord_02535,cust_0278,processing,2024-03-31,2024-04-20,2024-04-12
ord_02536,cust_0325,canceled,2024-07-14,2024-07-26,2024-08-03
ord_02537,cust_0045,delivered,2024-12-25,2025-01-16,2025-01-04
ord_02538,cust_0316,processing,2024-02-15,2024-03-09,2024-02-22
ord_02539,cust_0052,processing,2024-02-23,2024-03-12,2024-03-18
ord_02540,cust_0342,canceled,2024-09-14,2024-10-05,2024-09-22
ord_02541,cust_0398,processing,2024-08-03,2024-08-12,2024-08-17
ord_02542,cust_0101,processing,2024-10-09,2024-10-24,2024-10-19
ord_02543,cust_0212,processing,2024-03-04,2024-03-18,2024-03-25
ord_02544,cust_0260,canceled,2024-01-04,2024-01-18,2024-01-18
ord_02545,cust_0158,processing,2024-05-17,2024-06-10,2024-06-01
ord_02546,cust_0461,processing,2024-12-10,2024-12-20,2024-12-17
ord_02547,cust_0079,canceled,2024-01-17,2024-01-20,2024-01-24
ord_02548,cust_0172,shipped,2024-09-22,2024-10-21,2024-10-09
ord_02549,cust_0285,processing,2024-10-19,2024-11-04,2024-11-02
ord_02550,cust_0425,delivered,2024-04-08,2024-04-30,2024-04-27
ord_02551,cust_0481,processing,2024-10-22,2024-11-07,2024-11-02
ord_02552,cust_0265,shipped,2024-03-29,2024-04-13,2024-04-15
ord_02553,cust_0364,shipped,2024-08-11,2024-08-21,2024-08-21
ord_02554,cust_0402,processing,2024-09-15,2024-09-21,2024-10-10
ord_02555,cust_0082,canceled,2024-11-17,2024-11-28,2024-12-11
ord_02556,cust_0014,processing,2024-04-14,2024-04-19,2024-04-23
ord_02557,cust_0079,delivered,2024-01-06,2024-01-29,2024-01-31
ord_02558,cust_0472,delivered,2024-11-12,2024-12-07,2024-12-06
ord_02559,cust_0381,shipped,2024-10-19,2024-11-03,2024-10-26
ord_02560,cust_0096,shipped,2024-08-20,2024-09-12,2024-09-07
ord_02561,cust_0100,shipped,2024-11-30,2024-12-10,2024-12-16
ord_02562,cust_0338,delivered,2024-07-12,2024-08-08,2024-07-27
ord_02563,cust_0322,delivered,2024-05-20,2024-05-25,2024-05-31
ord_02564,cust_0057,processing,2024-11-22,2024-12-13,2024-12-02
ord_02565,cust_0073,canceled,2024-11-01,2024-11-07,2024-11-11
ord_02566,cust_0040,processing,2024-05-14,2024-05-22,2024-05-23
ord_02567,cust_0201,delivered,2024-07-04,2024-08-02,2024-07-17
ord_02568,cust_0212,delivered,2024-09-08,2024-10-06,2024-09-15
ord_02569,cust_0108,processing,2024-09-06,2024-09-29,2024-09-15
ord_02570,cust_0414,shipped,2024-07-11,2024-07-24,2024-08-01
ord_02571,cust_0463,shipped,2024-04-02,2024-04-14,2024-04-09
ord_02572,cust_0061,canceled,2024-12-03,2024-12-24,2024-12-11
ord_02573,cust_0003,shipped,2024-06-26,2024-07-14,2024-07-20
ord_02574,cust_0475,delivered,2024-09-24,2024-10-20,2024-10-09
ord_02575,cust_0275,delivered,2024-04-08,2024-04-30,2024-04-15
ord_02576,cust_0111,canceled,2024-09-22,2024-10-11,2024-10-03
ord_02577,cust_0168,shipped,2024-02-28,2024-03-08,2024-03-06
ord_02578,cust_0138,canceled,2024-04-22,2024-04-27,2024-05-03
ord_02579,cust_0179,canceled,2024-09-03,2024-09-12,2024-09-12
ord_02580,cust_0224,processing,2024-08-27,2024-09-22,2024-09-18
ord_02581,cust_0102,canceled,2024-04-08,2024-04-19,2024-04-20
ord_02582,cust_0407,canceled,2024-07-20,2024-07-26,2024-08-14
ord_02583,cust_0489,processing,2024-03-25,2024-04-22,2024-04-07
ord_02584,cust_0306,canceled,2024-08-09,2024-08-26,2024-08-29
ord_02585,cust_0311,processing,2024-06-12,2024-07-04,2024-06-22
ord_02586,cust_0181,canceled,2024-08-07,2024-08-16,2024-09-01
ord_02587,cust_0231,shipped,2024-11-19,2024-12-18,2024-11-28
ord_02588,cust_0301,processing,2024-01-18,2024-02-06,2024-02-02
ord_02589,cust_0181,processing,2024-05-30,2024-06-21,2024-06-22
ord_02590,cust_0415,canceled,2024-01-16,2024-01-22,2024-01-28
ord_02591,cust_0184,shipped,2024-08-07,2024-09-04,2024-08-19
ord_02592,cust_0191,shipped,2024-02-07,2024-02-16,2024-02-25
ord_02593,cust_0164,delivered,2024-06-09,2024-06-15,2024-06-16
ord_02594,cust_0291,canceled,2024-06-17,2024-06-26,2024-07-08
ord_02595,cust_0198,canceled,2024-04-29,2024-05-19,2024-05-08
ord_02596,cust_0112,delivered,2024-11-04,2024-11-13,2024-11-27
ord_02597,cust_0294,processing,2024-10-14,2024-10-25,2024-10-23
ord_02598,cust_0163,canceled,2024-12-15,2025-01-11,2025-01-04
ord_02599,cust_0411,processing,2024-04-11,2024-04-20,2024-04-19
ord_02600,cust_0216,delivered,2024-09-12,2024-09-16,2024-09-27
ord_02601,cust_0308,canceled,2024-03-04,2024-03-21,2024-03-16
ord_02602,cust_0296,delivered,2024-10-29,2024-11-13,2024-11-12
ord_02603,cust_0003,processing,2024-05-25,2024-05-28,2024-06-19
ord_02604,cust_0019,delivered,2024-05-25,2024-06-01,2024-06-13
ord_02605,cust_0036,processing,2024-06-21,2024-07-14,2024-06-28
ord_02606,cust_0371,canceled,2024-02-18,2024-03-18,2024-03-09
ord_02607,cust_0205,delivered,2024-05-20,2024-06-02,2024-06-07
ord_02608,cust_0253,delivered,2024-10-11,2024-11-07,2024-10-28
ord_02609,cust_0253,delivered,2024-07-20,2024-08-01,2024-08-10
ord_02610,cust_0015,shipped,2024-07-10,2024-08-01,2024-07-20
ord_02611,cust_0072,delivered,2024-01-25,2024-02-23,2024-02-01
ord_02612,cust_0116,shipped,2024-06-14,2024-07-14,2024-07-04
ord_02613,cust_0418,delivered,2024-02-15,2024-02-24,2024-03-04
ord_02614,cust_0133,delivered,2024-12-18,2025-01-17,2024-12-26
ord_02615,cust_0039,canceled,2024-02-26,2024-03-01,2024-03-13
ord_02616,cust_0139,shipped,2024-06-17,2024-07-12,2024-07-06
ord_02617,cust_0062,shipped,2024-03-11,2024-04-01,2024-04-01
ord_02618,cust_0386,processing,2024-06-12,2024-07-12,2024-06-23
ord_02619,cust_0268,shipped,2024-11-22,2024-12-09,2024-12-02
ord_02620,cust_0500,canceled,2024-10-22,2024-11-09,2024-11-13
ord_02621,cust_0116,delivered,2024-06-13,2024-07-10,2024-07-05
ord_02622,cust_0365,delivered,2024-05-15,2024-06-11,2024-05-31
ord_02623,cust_0338,shipped,2024-06-29,2024-07-19,2024-07-13
ord_02624,cust_0498,processing,2024-12-21,2024-12-26,2024-12-30
ord_02625,cust_0344,shipped,2024-01-31,2024-02-09,2024-02-07
ord_02626,cust_0097,processing,2024-08-27,2024-09-25,2024-09-15
ord_02627,cust_0417,canceled,2024-02-23,2024-03-07,2024-03-07
ord_02628,cust_0336,shipped,2024-06-08,2024-07-03,2024-06-29
ord_02629,cust_0113,canceled,2024-09-15,2024-09-21,2024-09-26
ord_02630,cust_0104,processing,2024-07-16,2024-08-02,2024-08-08
ord_02631,cust_0217,shipped,2024-04-06,2024-04-11,2024-04-21
ord_02632,cust_0332,delivered,2024-12-17,2024-12-29,2025-01-11
ord_02633,cust_0382,delivered,2024-03-16,2024-04-02,2024-03-26
ord_02634,cust_0096,canceled,2024-05-03,2024-05-06,2024-05-24
ord_02635,cust_0232,canceled,2024-01-15,2024-02-02,2024-02-07
ord_02636,cust_0044,canceled,2024-05-15,2024-05-21,2024-06-08
ord_02637,cust_0204,processing,2024-08-08,2024-08-17,2024-08-19
ord_02638,cust_0226,canceled,2024-09-17,2024-09-30,2024-09-25
ord_02639,cust_0333,processing,2024-07-08,2024-07-14,2024-07-16
ord_02640,cust_0097,processing,2024-08-04,2024-08-13,2024-08-20
ord_02641,cust_0272,processing,2024-03-31,2024-04-22,2024-04-15
ord_02642,cust_0349,delivered,2024-09-22,2024-10-08,2024-10-02
ord_02643,cust_0113,delivered,2024-11-26,2024-12-06,2024-12-06
ord_02644,cust_0137,shipped,2024-01-28,2024-02-01,2024-02-22
ord_02645,cust_0142,shipped,2024-02-03,2024-02-23,2024-02-13
ord_02646,cust_0201,processing,2024-11-13,2024-12-08,2024-12-02
ord_02647,cust_0254,shipped,2024-02-21,2024-03-02,2024-03-07
ord_02648,cust_0178,canceled,2024-03-28,2024-04-25,2024-04-10
ord_02649,cust_0376,delivered,2024-12-27,2025-01-18,2025-01-12
ord_02650,cust_0465,processing,2024-02-18,2024-02-26,2024-03-12
ord_02651,cust_0088,canceled,2024-06-05,2024-07-05,2024-06-19
ord_02652,cust_0096,canceled,2024-12-14,2024-12-19,2024-12-26
ord_02653,cust_0342,processing,2024-08-21,2024-08-28,2024-08-28
ord_02654,cust_0091,canceled,2024-08-07,2024-08-20,2024-08-14
ord_02655,cust_0305,canceled,2024-02-09,2024-02-17,2024-02-16
ord_02656,cust_0251,shipped,2024-08-30,2024-09-20,2024-09-06
ord_02657,cust_0420,delivered,2024-08-29,2024-09-04,2024-09-06
ord_02658,cust_0428,shipped,2024-10-17,2024-11-10,2024-11-02
ord_02659,cust_0387,shipped,2024-09-25,2024-10-14,2024-10-07
ord_02660,cust_0412,canceled,2024-02-18,2024-02-24,2024-03-05
ord_02661,cust_0280,canceled,2024-08-19,2024-09-06,2024-09-06
ord_02662,cust_0187,processing,2024-12-05,2024-12-23,2024-12-20
ord_02663,cust_0155,canceled,2024-01-07,2024-02-05,2024-01-25
ord_02664,cust_0058,canceled,2024-09-22,2024-10-19,2024-10-14
ord_02665,cust_0076,processing,2024-12-17,2025-01-05,2024-12-24
ord_02666,cust_0183,processing,2024-04-22,2024-05-16,2024-05-03
ord_02667,cust_0380,processing,2024-01-16,2024-01-26,2024-02-10
ord_02668,cust_0100,processing,2024-07-03,2024-07-12,2024-07-12
ord_02669,cust_0450,processing,2024-11-23,2024-11-29,2024-12-08
ord_02670,cust_0467,canceled,2024-09-26,2024-10-04,2024-10-11
ord_02671,cust_0214,canceled,2024-06-18,2024-07-03,2024-07-13
ord_02672,cust_0297,canceled,2024-06-07,2024-06-16,2024-06-15
ord_02673,cust_0408,processing,2024-11-09,2024-11-15,2024-11-29
ord_02674,cust_0148,delivered,2024-10-17,2024-11-14,2024-11-04
ord_02675,cust_0239,shipped,2024-01-05,2024-01-23,2024-01-16
ord_02676,cust_0341,shipped,2024-09-24,2024-10-06,2024-10-18
ord_02677,cust_0034,canceled,2024-06-04,2024-06-22,2024-06-20
ord_02678,cust_0112,canceled,2024-01-08,2024-01-25,2024-01-16
ord_02679,cust_0251,canceled,2024-10-30,2024-11-05,2024-11-07
ord_02680,cust_0339,delivered,2024-01-03,2024-01-19,2024-01-21
ord_02681,cust_0180,canceled,2024-01-26,2024-02-06,2024-02-06
ord_02682,cust_0080,delivered,2024-09-14,2024-10-08,2024-10-08
ord_02683,cust_0222,delivered,2024-05-18,2024-05-25,2024-05-31
ord_02684,cust_0243,canceled,2024-05-28,2024-06-07,2024-06-05
ord_02685,cust_0217,processing,2024-05-07,2024-06-04,2024-05-26
ord_02686,cust_0306,canceled,2024-02-20,2024-03-02,2024-03-07
ord_02687,cust_0348,canceled,2024-03-29,2024-04-19,2024-04-18
ord_02688,cust_0129,shipped,2024-10-23,2024-10-30,2024-11-05
ord_02689,cust_0155,canceled,2024-08-01,2024-08-21,2024-08-14
ord_02690,cust_0475,processing,2024-02-13,2024-02-25,2024-03-09
ord_02691,cust_0401,processing,2024-10-06,2024-10-14,2024-10-25
ord_02692,cust_0227,canceled,2024-02-19,2024-02-26,2024-03-13
ord_02693,cust_0240,canceled,2024-09-14,2024-10-08,2024-10-02
ord_02694,cust_0493,processing,2024-08-06,2024-08-23,2024-08-26
ord_02695,cust_0014,processing,2024-08-24,2024-08-27,2024-09-17
ord_02696,cust_0315,canceled,2024-02-15,2024-03-13,2024-02-26
ord_02697,cust_0192,shipped,2024-05-04,2024-05-25,2024-05-27
ord_02698,cust_0450,canceled,2024-11-13,2024-12-03,2024-12-08
ord_02699,cust_0065,processing,2024-01-28,2024-02-24,2024-02-16
ord_02700,cust_0414,processing,2024-12-09,2024-12-12,2024-12-30
ord_02701,cust_0139,delivered,2024-01-28,2024-02-02,2024-02-05
ord_02702,cust_0421,canceled,2024-06-19,2024-07-11,2024-06-29
ord_02703,cust_0443,delivered,2024-10-16,2024-11-03,2024-11-02
ord_02704,cust_0346,delivered,2024-03-03,2024-03-29,2024-03-28
ord_02705,cust_0074,processing,2024-12-25,2025-01-03,2025-01-17
ord_02706,cust_0155,canceled,2024-03-10,2024-03-20,2024-03-21
ord_02707,cust_0320,shipped,2024-01-04,2024-02-01,2024-01-26
ord_02708,cust_0079,delivered,2024-02-28,2024-03-04,2024-03-06
ord_02709,cust_0105,delivered,2024-09-23,2024-09-29,2024-10-07
ord_02710,cust_0228,processing,2024-08-30,2024-09-02,2024-09-22
ord_02711,cust_0208,processing,2024-01-29,2024-02-04,2024-02-14
ord_02712,cust_0431,canceled,2024-04-04,2024-05-03,2024-04-18
ord_02713,cust_0440,delivered,2024-11-09,2024-12-03,2024-11-30
ord_02714,cust_0095,shipped,2024-08-09,2024-08-16,2024-08-16
ord_02715,cust_0262,shipped,2024-12-02,2024-12-12,2024-12-14
ord_02716,cust_0149,delivered,2024-08-31,2024-09-18,2024-09-16
ord_02717,cust_0342,canceled,2024-10-28,2024-11-15,2024-11-15
ord_02718,cust_0238,processing,2024-07-19,2024-08-03,2024-07-29
ord_02719,cust_0146,processing,2024-08-05,2024-08-12,2024-08-12
ord_02720,cust_0006,canceled,2024-03-02,2024-03-23,2024-03-21
ord_02721,cust_0022,canceled,2024-01-18,2024-02-10,2024-02-08
ord_02722,cust_0142,delivered,2024-03-12,2024-03-29,2024-04-02
ord_02723,cust_0439,shipped,2024-03-22,2024-04-05,2024-04-14
ord_02724,cust_0200,delivered,2024-06-27,2024-07-22,2024-07-20
ord_02725,cust_0181,canceled,2024-03-30,2024-04-22,2024-04-10
ord_02726,cust_0143,canceled,2024-08-23,2024-09-17,2024-09-03
ord_02727,cust_0193,processing,2024-07-20,2024-07-25,2024-08-11
ord_02728,cust_0295,canceled,2024-11-06,2024-11-30,2024-11-18
ord_02729,cust_0302,canceled,2024-03-07,2024-04-01,2024-03-24
ord_02730,cust_0035,delivered,2024-10-26,2024-11-17,2024-11-14
ord_02731,cust_0119,delivered,2024-01-16,2024-02-15,2024-01-28
ord_02732,cust_0479,processing,2024-12-06,2024-12-12,2024-12-28
ord_02733,cust_0396,shipped,2024-06-14,2024-07-11,2024-06-28
ord_02734,cust_0387,processing,2024-02-23,2024-03-02,2024-03-13
ord_02735,cust_0059,delivered,2024-02-02,2024-02-06,2024-02-17
ord_02736,cust_0311,delivered,2024-02-07,2024-02-24,2024-02-25
ord_02737,cust_0358,processing,2024-03-30,2024-04-12,2024-04-09
ord_02738,cust_0285,shipped,2024-07-12,2024-07-19,2024-08-06
ord_02739,cust_0225,canceled,2024-04-10,2024-04-21,2024-05-02
ord_02740,cust_0223,shipped,2024-04-25,2024-05-04,2024-05-07
ord_02741,cust_0323,delivered,2024-02-14,2024-03-06,2024-02-21
ord_02742,cust_0458,delivered,2024-04-14,2024-04-18,2024-04-25
ord_02743,cust_0291,delivered,2024-07-03,2024-07-30,2024-07-23
ord_02744,cust_0255,shipped,2024-06-23,2024-07-01,2024-07-16
ord_02745,cust_0257,canceled,2024-04-16,2024-05-07,2024-05-08
ord_02746,cust_0437,shipped,2024-07-01,2024-07-23,2024-07-25
ord_02747,cust_0321,processing,2024-02-04,2024-02-21,2024-02-24
ord_02748,cust_0066,canceled,2024-02-06,2024-02-27,2024-02-15
ord_02749,cust_0119,delivered,2024-02-21,2024-02-27,2024-03-14
ord_02750,cust_0012,shipped,2024-11-03,2024-11-23,2024-11-20
ord_02751,cust_0200,canceled,2024-05-28,2024-06-26,2024-06-12
ord_02752,cust_0496,canceled,2024-02-04,2024-03-05,2024-02-16
ord_02753,cust_0124,canceled,2024-02-08,2024-02-28,2024-03-04
ord_02754,cust_0280,delivered,2024-07-23,2024-08-14,2024-07-31
ord_02755,cust_0335,delivered,2024-10-25,2024-11-12,2024-11-09
ord_02756,cust_0134,shipped,2024-01-17,2024-01-30,2024-02-06
ord_02757,cust_0072,shipped,2024-06-20,2024-07-17,2024-06-28
ord_02758,cust_0474,delivered,2024-10-07,2024-11-05,2024-10-24
ord_02759,cust_0413,delivered,2024-04-30,2024-05-18,2024-05-09
ord_02760,cust_0307,delivered,2024-06-26,2024-07-01,2024-07-16
ord_02761,cust_0139,delivered,2024-10-09,2024-10-27,2024-10-20
ord_02762,cust_0260,shipped,2024-02-23,2024-02-27,2024-03-16
ord_02763,cust_0245,canceled,2024-11-28,2024-12-12,2024-12-18
ord_02764,cust_0014,shipped,2024-04-26,2024-04-29,2024-05-04
ord_02765,cust_0350,delivered,2024-09-30,2024-10-22,2024-10-19
ord_02766,cust_0199,processing,2024-10-09,2024-10-27,2024-10-17
ord_02767,cust_0360,processing,2024-12-22,2024-12-29,2025-01-11
ord_02768,cust_0225,delivered,2024-10-08,2024-10-15,2024-10-18
ord_02769,cust_0100,canceled,2024-11-11,2024-11-25,2024-11-29
ord_02770,cust_0119,delivered,2024-08-11,2024-08-15,2024-08-25
ord_02771,cust_0212,delivered,2024-10-28,2024-10-31,2024-11-11
ord_02772,cust_0417,delivered,2024-01-08,2024-02-07,2024-01-22
ord_02773,cust_0225,shipped,2024-02-09,2024-02-13,2024-02-20
ord_02774,cust_0180,shipped,2024-05-24,2024-05-28,2024-06-10
ord_02775,cust_0246,delivered,2024-05-29,2024-06-05,2024-06-17
ord_02776,cust_0129,shipped,2024-12-02,2024-12-07,2024-12-11
ord_02777,cust_0460,shipped,2024-09-10,2024-10-05,2024-09-28
ord_02778,cust_0483,canceled,2024-08-15,2024-09-09,2024-08-31
ord_02779,cust_0270,canceled,2024-10-09,2024-10-21,2024-10-23
ord_02780,cust_0258,delivered,2024-06-12,2024-07-07,2024-07-06
ord_02781,cust_0362,processing,2024-01-28,2024-02-11,2024-02-17
ord_02782,cust_0467,shipped,2024-05-23,2024-05-28,2024-06-05
ord_02783,cust_0380,shipped,2024-09-23,2024-10-03,2024-10-09
ord_02784,cust_0019,shipped,2024-03-03,2024-03-17,2024-03-14
ord_02785,cust_0488,delivered,2024-12-23,2025-01-09,2025-01-13
ord_02786,cust_0139,canceled,2024-01-11,2024-01-29,2024-01-19
ord_02787,cust_0424,delivered,2024-10-28,2024-11-12,2024-11-13
ord_02788,cust_0254,delivered,2024-01-31,2024-02-11,2024-02-19
ord_02789,cust_0023,shipped,2024-07-14,2024-07-29,2024-08-04
ord_02790,cust_0338,processing,2024-04-15,2024-04-30,2024-04-27
ord_02791,cust_0017,canceled,2024-09-29,2024-10-03,2024-10-15
ord_02792,cust_0473,canceled,2024-01-14,2024-02-05,2024-01-31
ord_02793,cust_0175,processing,2024-10-29,2024-11-07,2024-11-05
ord_02794,cust_0414,delivered,2024-08-06,2024-09-03,2024-08-14
ord_02795,cust_0440,processing,2024-10-10,2024-10-25,2024-10-26
ord_02796,cust_0394,canceled,2024-08-05,2024-08-26,2024-08-30
ord_02797,cust_0382,shipped,2024-03-24,2024-04-08,2024-04-14
ord_02798,cust_0410,canceled,2024-03-08,2024-03-11,2024-03-23
ord_02799,cust_0152,canceled,2024-02-13,2024-02-23,2024-03-08
ord_02800,cust_0316,canceled,2024-10-19,2024-11-03,2024-10-27
ord_02801,cust_0401,delivered,2024-07-04,2024-07-15,2024-07-19
ord_02802,cust_0339,canceled,2024-03-04,2024-03-16,2024-03-29
ord_02803,cust_0228,processing,2024-05-15,2024-06-14,2024-05-27
ord_02804,cust_0239,delivered,2024-01-09,2024-01-26,2024-01-16
ord_02805,cust_0112,processing,2024-07-02,2024-07-20,2024-07-26
ord_02806,cust_0142,canceled,2024-01-30,2024-02-20,2024-02-08
ord_02807,cust_0133,canceled,2024-02-02,2024-02-19,2024-02-14
ord_02808,cust_0066,shipped,2024-05-12,2024-06-11,2024-06-03
ord_02809,cust_0447,delivered,2024-11-18,2024-11-26,2024-11-29
ord_02810,cust_0095,processing,2024-04-29,2024-05-05,2024-05-07
ord_02811,cust_0284,shipped,2024-10-23,2024-11-05,2024-10-31
ord_02812,cust_0500,canceled,2024-02-01,2024-02-26,2024-02-16
ord_02813,cust_0277,delivered,2024-01-09,2024-02-02,2024-01-27
ord_02814,cust_0056,delivered,2024-11-03,2024-11-13,2024-11-21
ord_02815,cust_0262,delivered,2024-09-16,2024-10-03,2024-09-26
ord_02816,cust_0293,canceled,2024-05-01,2024-05-10,2024-05-18
ord_02817,cust_0329,processing,2024-12-14,2024-12-30,2024-12-23
ord_02818,cust_0168,canceled,2024-05-24,2024-05-31,2024-05-31
ord_02819,cust_0241,canceled,2024-06-20,2024-07-06,2024-07-08
ord_02820,cust_0189,delivered,2024-11-14,2024-11-17,2024-11-26
ord_02821,cust_0014,delivered,2024-05-28,2024-06-04,2024-06-22
ord_02822,cust_0262,canceled,2024-11-07,2024-11-16,2024-11-24
ord_02823,cust_0017,shipped,2024-04-20,2024-05-05,2024-05-15
ord_02824,cust_0490,delivered,2024-07-14,2024-08-10,2024-07-23
ord_02825,cust_0295,processing,2024-04-24,2024-05-15,2024-05-17
ord_02826,cust_0434,delivered,2024-10-02,2024-10-28,2024-10-12
ord_02827,cust_0267,processing,2024-11-06,2024-11-24,2024-11-29
ord_02828,cust_0429,canceled,2024-06-11,2024-06-22,2024-06-24
ord_02829,cust_0410,canceled,2024-05-04,2024-05-17,2024-05-18
ord_02830,cust_0384,delivered,2024-04-28,2024-05-15,2024-05-15
ord_02831,cust_0376,processing,2024-12-20,2024-12-30,2025-01-10
ord_02832,cust_0287,delivered,2024-07-04,2024-07-09,2024-07-22
ord_02833,cust_0310,shipped,2024-07-04,2024-07-27,2024-07-26
ord_02834,cust_0118,shipped,2024-08-17,2024-09-14,2024-09-06
ord_02835,cust_0346,shipped,2024-10-02,2024-10-12,2024-10-22
ord_02836,cust_0175,canceled,2024-11-06,2024-11-17,2024-11-22
ord_02837,cust_0216,shipped,2024-03-01,2024-03-06,2024-03-21
ord_02838,cust_0461,shipped,2024-10-21,2024-11-08,2024-11-03
ord_02839,cust_0062,processing,2024-08-20,2024-08-23,2024-09-01
ord_02840,cust_0365,processing,2024-05-14,2024-06-10,2024-06-07
ord_02841,cust_0427,processing,2024-02-21,2024-02-28,2024-02-29
ord_02842,cust_0038,shipped,2024-01-13,2024-02-07,2024-01-25
ord_02843,cust_0471,processing,2024-09-20,2024-10-20,2024-10-13
ord_02844,cust_0206,shipped,2024-08-04,2024-08-18,2024-08-15
ord_02845,cust_0173,canceled,2024-12-30,2025-01-11,2025-01-09
ord_02846,cust_0370,delivered,2024-10-29,2024-11-20,2024-11-08
ord_02847,cust_0487,processing,2024-02-07,2024-03-04,2024-02-25
ord_02848,cust_0380,processing,2024-07-28,2024-08-20,2024-08-18
ord_02849,cust_0359,shipped,2024-05-28,2024-06-24,2024-06-19
ord_02850,cust_0470,delivered,2024-04-03,2024-04-29,2024-04-28
ord_02851,cust_0304,canceled,2024-03-18,2024-03-21,2024-04-12
ord_02852,cust_0195,canceled,2024-12-11,2025-01-03,2025-01-01
ord_02853,cust_0370,canceled,2024-08-12,2024-08-20,2024-09-04
ord_02854,cust_0253,canceled,2024-02-19,2024-02-29,2024-03-06
ord_02855,cust_0460,processing,2024-01-25,2024-02-15,2024-02-17
ord_02856,cust_0164,shipped,2024-05-26,2024-06-08,2024-06-14
ord_02857,cust_0221,canceled,2024-03-14,2024-03-18,2024-03-27
ord_02858,cust_0051,canceled,2024-10-21,2024-11-12,2024-11-07
ord_02859,cust_0148,canceled,2024-05-25,2024-06-02,2024-06-04
ord_02860,cust_0454,shipped,2024-09-06,2024-09-23,2024-09-20
ord_02861,cust_0474,shipped,2024-05-27,2024-06-07,2024-06-06
ord_02862,cust_0050,shipped,2024-12-07,2024-12-18,2024-12-18
ord_02863,cust_0387,shipped,2024-10-09,2024-11-07,2024-11-01
ord_02864,cust_0492,shipped,2024-01-15,2024-02-06,2024-01-23
ord_02865,cust_0190,shipped,2024-01-04,2024-01-22,2024-01-11
ord_02866,cust_0375,processing,2024-05-24,2024-06-14,2024-06-13
ord_02867,cust_0152,delivered,2024-09-23,2024-09-30,2024-10-14
ord_02868,cust_0228,processing,2024-12-27,2025-01-26,2025-01-06
ord_02869,cust_0443,shipped,2024-09-09,2024-09-20,2024-09-18
ord_02870,cust_0496,canceled,2024-05-22,2024-06-17,2024-06-01
ord_02871,cust_0373,delivered,2024-02-10,2024-03-07,2024-02-24
ord_02872,cust_0172,canceled,2024-06-16,2024-06-24,2024-07-09
ord_02873,cust_0345,delivered,2024-08-20,2024-09-12,2024-09-12
ord_02874,cust_0457,delivered,2024-12-27,2025-01-21,2025-01-13
ord_02875,cust_0163,shipped,2024-08-09,2024-08-15,2024-09-01
ord_02876,cust_0486,delivered,2024-10-12,2024-11-05,2024-10-20
ord_02877,cust_0193,shipped,2024-05-05,2024-05-12,2024-05-30
ord_02878,cust_0241,shipped,2024-12-10,2024-12-19,2024-12-25
ord_02879,cust_0376,processing,2024-09-05,2024-10-04,2024-09-17
ord_02880,cust_0326,delivered,2024-05-24,2024-05-31,2024-06-06
ord_02881,cust_0002,processing,2024-09-21,2024-10-21,2024-10-04
ord_02882,cust_0313,shipped,2024-02-04,2024-02-22,2024-02-28
ord_02883,cust_0215,canceled,2024-12-29,2025-01-06,2025-01-06
ord_02884,cust_0121,canceled,2024-11-10,2024-11-25,2024-12-05
ord_02885,cust_0450,canceled,2024-09-04,2024-09-23,2024-09-16
ord_02886,cust_0251,processing,2024-04-28,2024-05-10,2024-05-20
ord_02887,cust_0247,canceled,2024-11-02,2024-11-16,2024-11-26
ord_02888,cust_0494,canceled,2024-02-19,2024-02-29,2024-02-29
ord_02889,cust_0127,processing,2024-08-02,2024-08-19,2024-08-19
ord_02890,cust_0490,canceled,2024-02-29,2024-03-08,2024-03-21
ord_02891,cust_0357,processing,2024-12-04,2024-12-10,2024-12-22
ord_02892,cust_0431,processing,2024-12-26,2025-01-02,2025-01-17
ord_02893,cust_0015,canceled,2024-11-03,2024-11-19,2024-11-17
ord_02894,cust_0456,processing,2024-05-17,2024-06-05,2024-05-30
ord_02895,cust_0134,canceled,2024-02-01,2024-02-21,2024-02-18
ord_02896,cust_0218,processing,2024-07-29,2024-08-13,2024-08-19
ord_02897,cust_0249,shipped,2024-05-13,2024-05-17,2024-05-28
ord_02898,cust_0158,processing,2024-06-22,2024-07-15,2024-06-30
ord_02899,cust_0449,shipped,2024-07-28,2024-08-07,2024-08-22
ord_02900,cust_0486,canceled,2024-10-01,2024-10-10,2024-10-11
ord_02901,cust_0011,delivered,2024-03-07,2024-03-29,2024-03-31
ord_02902,cust_0468,canceled,2024-07-13,2024-07-18,2024-07-30
ord_02903,cust_0266,shipped,2024-10-10,2024-10-15,2024-10-18
ord_02904,cust_0081,processing,2024-07-04,2024-07-24,2024-07-17
ord_02905,cust_0467,canceled,2024-04-27,2024-05-09,2024-05-09
ord_02906,cust_0284,shipped,2024-06-18,2024-07-04,2024-07-01
ord_02907,cust_0387,delivered,2024-01-07,2024-01-11,2024-01-14
ord_02908,cust_0022,shipped,2024-09-13,2024-09-28,2024-10-05
ord_02909,cust_0118,shipped,2024-05-24,2024-06-05,2024-05-31
ord_02910,cust_0417,processing,2024-01-18,2024-01-29,2024-01-28
ord_02911,cust_0419,canceled,2024-12-01,2024-12-16,2024-12-12
ord_02912,cust_0259,processing,2024-02-13,2024-02-18,2024-02-22
ord_02913,cust_0310,shipped,2024-01-11,2024-01-14,2024-02-04
ord_02914,cust_0406,processing,2024-02-18,2024-03-15,2024-03-14
ord_02915,cust_0402,canceled,2024-04-09,2024-05-08,2024-04-25
ord_02916,cust_0155,canceled,2024-08-05,2024-08-24,2024-08-12
ord_02917,cust_0136,processing,2024-08-22,2024-08-31,2024-09-01
ord_02918,cust_0048,shipped,2024-07-11,2024-07-23,2024-07-31
ord_02919,cust_0248,canceled,2024-07-27,2024-08-16,2024-08-11
ord_02920,cust_0126,processing,2024-12-25,2025-01-14,2025-01-17
ord_02921,cust_0488,canceled,2024-01-09,2024-01-27,2024-01-28
ord_02922,cust_0232,shipped,2024-10-06,2024-10-31,2024-10-16
ord_02923,cust_0395,shipped,2024-10-22,2024-10-25,2024-11-10
ord_02924,cust_0289,delivered,2024-08-16,2024-08-30,2024-09-07
ord_02925,cust_0074,delivered,2024-11-25,2024-12-07,2024-12-12
ord_02926,cust_0107,processing,2024-02-18,2024-03-09,2024-03-01
ord_02927,cust_0073,processing,2024-10-30,2024-11-09,2024-11-08
ord_02928,cust_0268,shipped,2024-11-11,2024-12-10,2024-12-03
ord_02929,cust_0130,processing,2024-01-31,2024-02-27,2024-02-22
ord_02930,cust_0428,shipped,2024-06-08,2024-07-04,2024-06-25
ord_02931,cust_0307,processing,2024-01-19,2024-02-01,2024-02-13
ord_02932,cust_0387,processing,2024-01-03,2024-01-14,2024-01-16
ord_02933,cust_0492,shipped,2024-10-06,2024-10-24,2024-10-23
ord_02934,cust_0264,delivered,2024-06-13,2024-06-30,2024-07-05
ord_02935,cust_0193,shipped,2024-02-23,2024-03-10,2024-03-03
ord_02936,cust_0384,delivered,2024-01-07,2024-01-15,2024-01-30
ord_02937,cust_0446,delivered,2024-03-26,2024-04-04,2024-04-16
ord_02938,cust_0088,processing,2024-01-20,2024-02-05,2024-02-11
ord_02939,cust_0215,processing,2024-03-12,2024-04-07,2024-04-05
ord_02940,cust_0223,canceled,2024-01-05,2024-01-17,2024-01-15
ord_02941,cust_0166,canceled,2024-12-12,2024-12-23,2025-01-04
ord_02942,cust_0073,canceled,2024-10-15,2024-11-07,2024-10-27
ord_02943,cust_0412,canceled,2024-09-24,2024-10-18,2024-10-07
ord_02944,cust_0242,processing,2024-09-22,2024-10-14,2024-10-07
ord_02945,cust_0085,processing,2024-04-17,2024-04-30,2024-04-28
ord_02946,cust_0092,shipped,2024-01-06,2024-01-19,2024-01-26
ord_02947,cust_0160,shipped,2024-08-28,2024-09-02,2024-09-04
ord_02948,cust_0276,processing,2024-04-12,2024-05-07,2024-04-22
ord_02949,cust_0320,processing,2024-06-18,2024-06-24,2024-06-26
ord_02950,cust_0180,shipped,2024-10-31,2024-11-08,2024-11-09
ord_02951,cust_0476,shipped,2024-06-25,2024-07-18,2024-07-02
ord_02952,cust_0300,canceled,2024-05-20,2024-06-01,2024-06-09
ord_02953,cust_0479,canceled,2024-07-07,2024-07-29,2024-07-26
ord_02954,cust_0040,shipped,2024-10-14,2024-11-03,2024-10-27
ord_02955,cust_0144,shipped,2024-02-22,2024-03-19,2024-03-06
ord_02956,cust_0065,processing,2024-05-14,2024-06-04,2024-05-24
ord_02957,cust_0310,canceled,2024-06-18,2024-07-09,2024-07-13
ord_02958,cust_0108,shipped,2024-11-11,2024-12-05,2024-12-03
ord_02959,cust_0111,delivered,2024-01-02,2024-01-30,2024-01-16
ord_02960,cust_0085,processing,2024-11-10,2024-11-17,2024-11-21
ord_02961,cust_0459,delivered,2024-01-01,2024-01-14,2024-01-10
ord_02962,cust_0218,processing,2024-03-11,2024-03-30,2024-04-01
ord_02963,cust_0390,delivered,2024-06-16,2024-06-28,2024-07-09
ord_02964,cust_0194,processing,2024-05-03,2024-05-23,2024-05-22
ord_02965,cust_0160,canceled,2024-12-27,2025-01-14,2025-01-14
ord_02966,cust_0490,shipped,2024-09-28,2024-10-03,2024-10-11
ord_02967,cust_0365,shipped,2024-11-20,2024-12-19,2024-12-05
ord_02968,cust_0251,canceled,2024-08-11,2024-08-31,2024-09-01
ord_02969,cust_0461,processing,2024-12-16,2024-12-22,2025-01-09
ord_02970,cust_0013,canceled,2024-11-29,2024-12-13,2024-12-11
ord_02971,cust_0373,processing,2024-08-26,2024-09-22,2024-09-13
ord_02972,cust_0449,shipped,2024-04-19,2024-05-11,2024-05-13
ord_02973,cust_0478,delivered,2024-07-14,2024-07-28,2024-07-26
ord_02974,cust_0270,shipped,2024-04-10,2024-04-27,2024-04-28
ord_02975,cust_0169,delivered,2024-01-03,2024-01-24,2024-01-19
ord_02976,cust_0472,delivered,2024-07-07,2024-07-18,2024-07-30
ord_02977,cust_0332,canceled,2024-11-06,2024-11-17,2024-11-14
ord_02978,cust_0023,canceled,2024-11-24,2024-12-12,2024-12-13
ord_02979,cust_0498,delivered,2024-05-20,2024-06-12,2024-05-28
ord_02980,cust_0252,shipped,2024-08-29,2024-09-20,2024-09-19
ord_02981,cust_0414,delivered,2024-08-30,2024-09-25,2024-09-23
ord_02982,cust_0314,shipped,2024-01-20,2024-02-03,2024-01-27
ord_02983,cust_0446,shipped,2024-12-27,2025-01-22,2025-01-08
ord_02984,cust_0029,processing,2024-02-12,2024-02-28,2024-02-22
ord_02985,cust_0161,delivered,2024-11-22,2024-12-17,2024-11-30
ord_02986,cust_0336,delivered,2024-10-05,2024-10-16,2024-10-18
ord_02987,cust_0460,shipped,2024-06-19,2024-07-18,2024-07-06
ord_02988,cust_0265,delivered,2024-10-27,2024-11-22,2024-11-14
ord_02989,cust_0429,delivered,2024-12-06,2024-12-21,2024-12-26
ord_02990,cust_0076,canceled,2024-02-03,2024-02-12,2024-02-26
ord_02991,cust_0023,canceled,2024-02-12,2024-02-20,2024-03-04
ord_02992,cust_0210,shipped,2024-11-07,2024-11-16,2024-11-30
ord_02993,cust_0160,canceled,2024-11-21,2024-12-17,2024-11-28
ord_02994,cust_0175,processing,2024-10-14,2024-10-28,2024-10-24
ord_02995,cust_0290,processing,2024-10-17,2024-11-15,2024-10-26
ord_02996,cust_0094,delivered,2024-02-15,2024-02-21,2024-02-24
ord_02997,cust_0321,delivered,2024-04-05,2024-04-18,2024-04-30
ord_02998,cust_0112,canceled,2024-03-27,2024-04-24,2024-04-03
ord_02999,cust_0158,shipped,2024-08-23,2024-08-28,2024-09-06
ord_03000,cust_0195,canceled,2024-03-08,2024-03-20,2024-03-16
ord_03001,cust_0290,canceled,2024-04-01,2024-04-12,2024-04-12
ord_03002,cust_0140,shipped,2024-07-30,2024-08-09,2024-08-12
ord_03003,cust_0358,processing,2024-03-31,2024-04-12,2024-04-15
ord_03004,cust_0182,canceled,2024-05-15,2024-05-20,2024-06-06
ord_03005,cust_0231,shipped,2024-06-27,2024-07-24,2024-07-20
ord_03006,cust_0198,shipped,2024-01-19,2024-02-17,2024-02-13
ord_03007,cust_0360,processing,2024-10-02,2024-10-23,2024-10-15
ord_03008,cust_0107,canceled,2024-06-26,2024-07-19,2024-07-12
ord_03009,cust_0425,canceled,2024-12-24,2025-01-12,2025-01-17
ord_03010,cust_0133,shipped,2024-02-16,2024-03-06,2024-02-29
ord_03011,cust_0473,delivered,2024-08-27,2024-09-07,2024-09-04
ord_03012,cust_0244,shipped,2024-09-21,2024-10-15,2024-10-03
ord_03013,cust_0191,processing,2024-08-27,2024-09-17,2024-09-13
ord_03014,cust_0166,delivered,2024-12-03,2024-12-24,2024-12-11
ord_03015,cust_0082,processing,2024-11-18,2024-12-02,2024-11-25
ord_03016,cust_0332,delivered,2024-08-31,2024-09-13,2024-09-17
ord_03017,cust_0084,processing,2024-04-05,2024-04-19,2024-04-21
ord_03018,cust_0225,processing,2024-10-06,2024-10-14,2024-10-13
ord_03019,cust_0375,processing,2024-10-30,2024-11-20,2024-11-19
ord_03020,cust_0130,canceled,2024-08-30,2024-09-28,2024-09-13
ord_03021,cust_0348,processing,2024-11-03,2024-11-16,2024-11-25
ord_03022,cust_0391,delivered,2024-06-02,2024-06-06,2024-06-16
ord_03023,cust_0489,processing,2024-08-03,2024-08-19,2024-08-18
ord_03024,cust_0263,shipped,2024-10-30,2024-11-02,2024-11-11
ord_03025,cust_0102,shipped,2024-06-02,2024-06-24,2024-06-25
ord_03026,cust_0404,delivered,2024-03-07,2024-03-31,2024-03-24
ord_03027,cust_0411,canceled,2024-02-16,2024-02-28,2024-02-27
ord_03028,cust_0236,delivered,2024-08-22,2024-09-06,2024-09-03
ord_03029,cust_0453,shipped,2024-12-03,2024-12-10,2024-12-16
ord_03030,cust_0095,shipped,2024-06-03,2024-06-15,2024-06-12
ord_03031,cust_0371,shipped,2024-04-14,2024-04-30,2024-04-23
ord_03032,cust_0433,canceled,2024-03-19,2024-04-12,2024-04-12
ord_03033,cust_0177,delivered,2024-01-03,2024-01-21,2024-01-15
ord_03034,cust_0358,shipped,2024-08-29,2024-09-18,2024-09-17
ord_03035,cust_0426,processing,2024-08-29,2024-09-22,2024-09-17
ord_03036,cust_0199,shipped,2024-12-27,2025-01-06,2025-01-06
ord_03037,cust_0205,canceled,2024-06-11,2024-07-08,2024-06-22
ord_03038,cust_0306,processing,2024-05-24,2024-06-22,2024-06-13
ord_03039,cust_0251,delivered,2024-09-30,2024-10-05,2024-10-18
ord_03040,cust_0394,shipped,2024-04-23,2024-05-15,2024-05-05
ord_03041,cust_0257,delivered,2024-07-07,2024-07-21,2024-07-24
ord_03042,cust_0469,delivered,2024-11-08,2024-11-30,2024-11-27
ord_03043,cust_0256,shipped,2024-11-26,2024-12-06,2024-12-07
ord_03044,cust_0223,delivered,2024-01-23,2024-02-01,2024-02-08
ord_03045,cust_0218,shipped,2024-06-22,2024-07-07,2024-07-04
ord_03046,cust_0346,processing,2024-05-25,2024-06-06,2024-06-13
ord_03047,cust_0092,shipped,2024-01-18,2024-01-29,2024-02-07
ord_03048,cust_0428,delivered,2024-07-22,2024-08-15,2024-08-14
ord_03049,cust_0178,delivered,2024-08-26,2024-09-23,2024-09-04
ord_03050,cust_0412,delivered,2024-12-01,2024-12-31,2024-12-20
ord_03051,cust_0295,processing,2024-03-23,2024-04-05,2024-04-03
ord_03052,cust_0249,processing,2024-12-17,2025-01-03,2024-12-24
ord_03053,cust_0156,processing,2024-08-04,2024-08-31,2024-08-12
ord_03054,cust_0310,processing,2024-05-12,2024-06-07,2024-05-22
ord_03055,cust_0365,canceled,2024-09-14,2024-09-28,2024-10-06
ord_03056,cust_0403,shipped,2024-09-30,2024-10-14,2024-10-10
ord_03057,cust_0446,delivered,2024-08-05,2024-08-25,2024-08-24
ord_03058,cust_0486,canceled,2024-03-17,2024-03-20,2024-04-03
ord_03059,cust_0223,delivered,2024-04-11,2024-04-30,2024-05-02
ord_03060,cust_0063,processing,2024-08-25,2024-09-06,2024-09-02
ord_03061,cust_0456,canceled,2024-08-23,2024-09-06,2024-08-31
ord_03062,cust_0346,canceled,2024-05-09,2024-05-25,2024-05-26
ord_03063,cust_0092,canceled,2024-01-13,2024-02-02,2024-01-28
ord_03064,cust_0229,canceled,2024-07-01,2024-07-17,2024-07-08
ord_03065,cust_0306,delivered,2024-06-01,2024-06-24,2024-06-09
ord_03066,cust_0273,processing,2024-07-01,2024-07-27,2024-07-09
ord_03067,cust_0274,delivered,2024-05-07,2024-05-15,2024-05-16
ord_03068,cust_0325,processing,2024-03-05,2024-03-31,2024-03-16
ord_03069,cust_0498,processing,2024-08-08,2024-08-19,2024-08-26
ord_03070,cust_0471,processing,2024-12-18,2025-01-09,2025-01-01
ord_03071,cust_0191,delivered,2024-01-21,2024-01-26,2024-02-07
ord_03072,cust_0196,delivered,2024-03-16,2024-04-07,2024-03-26
ord_03073,cust_0217,processing,2024-06-21,2024-07-14,2024-07-07
ord_03074,cust_0370,delivered,2024-01-12,2024-01-20,2024-01-27
ord_03075,cust_0293,canceled,2024-08-09,2024-08-15,2024-08-22
ord_03076,cust_0277,shipped,2024-06-04,2024-06-26,2024-06-27
ord_03077,cust_0192,processing,2024-12-21,2025-01-18,2024-12-29
ord_03078,cust_0141,shipped,2024-04-20,2024-05-17,2024-05-10
ord_03079,cust_0310,processing,2024-05-21,2024-06-09,2024-05-29
ord_03080,cust_0140,delivered,2024-04-02,2024-04-26,2024-04-18
ord_03081,cust_0401,processing,2024-07-27,2024-08-05,2024-08-03
ord_03082,cust_0137,processing,2024-12-02,2024-12-09,2024-12-17
ord_03083,cust_0050,shipped,2024-11-02,2024-11-30,2024-11-19
ord_03084,cust_0114,delivered,2024-04-25,2024-04-28,2024-05-12
ord_03085,cust_0302,processing,2024-11-09,2024-11-21,2024-11-30
ord_03086,cust_0278,processing,2024-11-21,2024-12-13,2024-12-08
ord_03087,cust_0176,canceled,2024-08-31,2024-09-20,2024-09-07
ord_03088,cust_0078,processing,2024-06-12,2024-06-26,2024-07-03
ord_03089,cust_0358,shipped,2024-09-12,2024-09-21,2024-10-06
ord_03090,cust_0207,delivered,2024-12-10,2024-12-25,2024-12-25
ord_03091,cust_0496,delivered,2024-12-04,2025-01-03,2024-12-29
ord_03092,cust_0177,delivered,2024-11-19,2024-12-07,2024-12-13
ord_03093,cust_0190,canceled,2024-04-16,2024-05-12,2024-05-09
ord_03094,cust_0232,processing,2024-05-29,2024-06-25,2024-06-15
ord_03095,cust_0086,canceled,2024-01-16,2024-01-23,2024-02-10
ord_03096,cust_0392,delivered,2024-10-16,2024-11-01,2024-11-05
ord_03097,cust_0121,processing,2024-05-25,2024-06-14,2024-06-16
ord_03098,cust_0311,delivered,2024-10-02,2024-10-09,2024-10-21
ord_03099,cust_0109,delivered,2024-02-19,2024-03-05,2024-03-03
ord_03100,cust_0443,shipped,2024-10-19,2024-10-31,2024-10-31
ord_03101,cust_0181,shipped,2024-07-24,2024-08-13,2024-08-13
ord_03102,cust_0164,canceled,2024-08-02,2024-08-24,2024-08-17
ord_03103,cust_0258,processing,2024-11-18,2024-11-24,2024-12-05
ord_03104,cust_0254,processing,2024-04-25,2024-05-25,2024-05-14
ord_03105,cust_0081,shipped,2024-05-26,2024-06-24,2024-06-16
ord_03106,cust_0273,canceled,2024-07-23,2024-08-04,2024-07-30
ord_03107,cust_0350,delivered,2024-08-25,2024-09-17,2024-09-06
ord_03108,cust_0499,processing,2024-07-15,2024-08-05,2024-08-04
ord_03109,cust_0317,shipped,2024-07-29,2024-08-07,2024-08-05
ord_03110,cust_0042,processing,2024-03-11,2024-04-02,2024-04-03
ord_03111,cust_0086,processing,2024-01-12,2024-01-25,2024-01-26
ord_03112,cust_0012,processing,2024-12-16,2024-12-21,2025-01-03
ord_03113,cust_0436,shipped,2024-10-09,2024-10-28,2024-10-22
ord_03114,cust_0090,processing,2024-08-22,2024-09-05,2024-09-05
ord_03115,cust_0068,canceled,2024-12-30,2025-01-08,2025-01-16
ord_03116,cust_0296,processing,2024-02-03,2024-02-06,2024-02-16
ord_03117,cust_0124,shipped,2024-08-23,2024-09-02,2024-09-13
ord_03118,cust_0412,canceled,2024-08-24,2024-09-12,2024-09-03
ord_03119,cust_0370,delivered,2024-03-22,2024-04-01,2024-04-12
ord_03120,cust_0350,processing,2024-01-04,2024-01-30,2024-01-12
ord_03121,cust_0037,processing,2024-09-23,2024-10-11,2024-10-12
ord_03122,cust_0062,delivered,2024-05-13,2024-06-07,2024-06-06
ord_03123,cust_0150,processing,2024-08-12,2024-08-30,2024-08-20
ord_03124,cust_0367,processing,2024-01-21,2024-02-04,2024-02-09
ord_03125,cust_0054,shipped,2024-08-07,2024-09-04,2024-08-17
ord_03126,cust_0386,delivered,2024-05-14,2024-06-10,2024-06-08
ord_03127,cust_0337,canceled,2024-03-27,2024-04-10,2024-04-16
ord_03128,cust_0108,canceled,2024-03-13,2024-03-23,2024-04-04
ord_03129,cust_0235,processing,2024-02-19,2024-03-03,2024-02-28
ord_03130,cust_0176,canceled,2024-05-05,2024-06-01,2024-05-20
ord_03131,cust_0404,processing,2024-12-18,2025-01-04,2025-01-04
ord_03132,cust_0141,delivered,2024-12-24,2025-01-04,2025-01-18
ord_03133,cust_0148,delivered,2024-03-12,2024-03-19,2024-04-04
ord_03134,cust_0186,canceled,2024-04-23,2024-05-07,2024-05-18
ord_03135,cust_0291,canceled,2024-06-06,2024-07-01,2024-06-18
ord_03136,cust_0345,canceled,2024-08-31,2024-09-25,2024-09-21
ord_03137,cust_0076,canceled,2024-03-20,2024-04-15,2024-03-31
ord_03138,cust_0015,shipped,2024-07-15,2024-07-26,2024-07-29
ord_03139,cust_0300,delivered,2024-10-25,2024-11-06,2024-11-05
ord_03140,cust_0382,processing,2024-05-12,2024-05-26,2024-06-04
ord_03141,cust_0498,canceled,2024-09-01,2024-09-23,2024-09-13
ord_03142,cust_0437,canceled,2024-11-25,2024-12-02,2024-12-20
ord_03143,cust_0444,processing,2024-09-24,2024-10-08,2024-10-13
ord_03144,cust_0247,shipped,2024-11-27,2024-12-05,2024-12-20
ord_03145,cust_0343,delivered,2024-09-04,2024-09-19,2024-09-11
ord_03146,cust_0106,shipped,2024-06-24,2024-07-04,2024-07-10
ord_03147,cust_0333,shipped,2024-03-17,2024-03-28,2024-03-27
ord_03148,cust_0292,delivered,2024-07-01,2024-07-19,2024-07-22
ord_03149,cust_0187,delivered,2024-09-25,2024-10-05,2024-10-08
ord_03150,cust_0488,canceled,2024-07-23,2024-08-15,2024-08-02
ord_03151,cust_0284,delivered,2024-09-16,2024-09-21,2024-10-01
ord_03152,cust_0268,shipped,2024-01-29,2024-02-15,2024-02-23
ord_03153,cust_0354,shipped,2024-05-05,2024-05-16,2024-05-17
ord_03154,cust_0091,delivered,2024-04-26,2024-05-21,2024-05-17
ord_03155,cust_0143,delivered,2024-11-07,2024-11-18,2024-12-01
ord_03156,cust_0464,shipped,2024-04-07,2024-05-03,2024-04-16
ord_03157,cust_0107,shipped,2024-09-24,2024-10-06,2024-10-02
ord_03158,cust_0245,processing,2024-05-04,2024-05-25,2024-05-29
ord_03159,cust_0164,delivered,2024-02-20,2024-03-11,2024-02-28
ord_03160,cust_0227,delivered,2024-04-10,2024-04-28,2024-04-20
ord_03161,cust_0278,shipped,2024-08-31,2024-09-09,2024-09-10
ord_03162,cust_0292,delivered,2024-11-02,2024-11-20,2024-11-18
ord_03163,cust_0369,processing,2024-10-24,2024-11-09,2024-11-03
ord_03164,cust_0413,processing,2024-11-25,2024-12-04,2024-12-20
ord_03165,cust_0308,canceled,2024-01-01,2024-01-12,2024-01-21
ord_03166,cust_0169,processing,2024-09-09,2024-10-02,2024-09-21
ord_03167,cust_0136,shipped,2024-09-20,2024-10-02,2024-10-06
ord_03168,cust_0258,canceled,2024-06-23,2024-07-04,2024-07-17
ord_03169,cust_0388,shipped,2024-11-16,2024-12-03,2024-11-26
ord_03170,cust_0458,processing,2024-09-06,2024-09-09,2024-09-23
ord_03171,cust_0034,processing,2024-09-10,2024-09-18,2024-09-22
ord_03172,cust_0474,processing,2024-12-10,2024-12-22,2024-12-20
ord_03173,cust_0422,shipped,2024-06-24,2024-07-17,2024-07-18
ord_03174,cust_0391,shipped,2024-04-09,2024-05-06,2024-04-19
ord_03175,cust_0157,canceled,2024-04-19,2024-05-01,2024-05-12
ord_03176,cust_0351,canceled,2024-09-28,2024-10-16,2024-10-08
ord_03177,cust_0345,shipped,2024-11-08,2024-11-17,2024-12-03
ord_03178,cust_0393,processing,2024-06-14,2024-06-22,2024-06-27
ord_03179,cust_0313,shipped,2024-03-28,2024-04-27,2024-04-09
ord_03180,cust_0335,processing,2024-06-15,2024-07-04,2024-07-07
ord_03181,cust_0242,canceled,2024-05-17,2024-05-27,2024-06-01
ord_03182,cust_0171,canceled,2024-07-08,2024-07-15,2024-07-24
ord_03183,cust_0218,processing,2024-06-10,2024-06-27,2024-06-26
ord_03184,cust_0029,processing,2024-08-01,2024-08-04,2024-08-20
ord_03185,cust_0500,processing,2024-06-30,2024-07-23,2024-07-11
ord_03186,cust_0107,canceled,2024-05-20,2024-05-23,2024-06-02
ord_03187,cust_0013,canceled,2024-05-30,2024-06-28,2024-06-17
ord_03188,cust_0167,shipped,2024-08-06,2024-09-03,2024-08-25
ord_03189,cust_0226,canceled,2024-04-20,2024-05-12,2024-05-13
ord_03190,cust_0083,canceled,2024-02-24,2024-02-29,2024-03-09
ord_03191,cust_0241,delivered,2024-09-02,2024-09-28,2024-09-27
ord_03192,cust_0128,canceled,2024-12-03,2024-12-18,2024-12-25
ord_03193,cust_0031,delivered,2024-11-06,2024-11-27,2024-11-25
ord_03194,cust_0142,canceled,2024-01-29,2024-02-21,2024-02-15
ord_03195,cust_0242,shipped,2024-08-12,2024-08-24,2024-08-22
ord_03196,cust_0423,shipped,2024-02-07,2024-02-20,2024-02-27
ord_03197,cust_0294,shipped,2024-03-18,2024-04-08,2024-04-03
ord_03198,cust_0126,canceled,2024-10-14,2024-10-19,2024-11-04
ord_03199,cust_0286,canceled,2024-10-20,2024-11-09,2024-11-04
ord_03200,cust_0396,delivered,2024-12-19,2024-12-22,2024-12-30
ord_03201,cust_0491,canceled,2024-12-24,2025-01-18,2025-01-10
ord_03202,cust_0095,canceled,2024-08-16,2024-09-11,2024-08-29
ord_03203,cust_0186,canceled,2024-08-27,2024-09-06,2024-09-17
ord_03204,cust_0131,delivered,2024-04-11,2024-05-05,2024-04-26
ord_03205,cust_0219,processing,2024-03-12,2024-03-18,2024-04-01
ord_03206,cust_0426,delivered,2024-09-06,2024-10-04,2024-09-14
ord_03207,cust_0290,processing,2024-09-19,2024-10-03,2024-09-26
ord_03208,cust_0405,processing,2024-01-17,2024-02-05,2024-02-03
ord_03209,cust_0325,delivered,2024-05-24,2024-06-14,2024-06-10
ord_03210,cust_0499,delivered,2024-02-08,2024-02-29,2024-02-17
ord_03211,cust_0434,delivered,2024-09-29,2024-10-07,2024-10-22
ord_03212,cust_0385,delivered,2024-10-20,2024-11-06,2024-11-02
ord_03213,cust_0239,processing,2024-12-16,2025-01-01,2024-12-31
ord_03214,cust_0038,shipped,2024-03-18,2024-04-10,2024-04-04
ord_03215,cust_0233,processing,2024-11-27,2024-12-18,2024-12-14
ord_03216,cust_0151,delivered,2024-01-11,2024-01-26,2024-02-05
ord_03217,cust_0010,delivered,2024-11-15,2024-12-14,2024-12-04
ord_03218,cust_0078,canceled,2024-04-25,2024-05-08,2024-05-15
ord_03219,cust_0273,processing,2024-04-24,2024-05-15,2024-05-11
ord_03220,cust_0395,canceled,2024-11-30,2024-12-24,2024-12-13
ord_03221,cust_0396,shipped,2024-10-22,2024-10-29,2024-11-04
ord_03222,cust_0052,delivered,2024-04-15,2024-04-27,2024-04-27
ord_03223,cust_0400,shipped,2024-09-30,2024-10-22,2024-10-08
ord_03224,cust_0168,canceled,2024-10-03,2024-10-17,2024-10-12
ord_03225,cust_0104,canceled,2024-04-27,2024-05-21,2024-05-10
ord_03226,cust_0120,shipped,2024-03-24,2024-04-09,2024-04-08
ord_03227,cust_0450,processing,2024-06-30,2024-07-03,2024-07-11
ord_03228,cust_0014,processing,2024-03-04,2024-04-02,2024-03-23
ord_03229,cust_0229,processing,2024-04-16,2024-05-01,2024-04-24
ord_03230,cust_0395,processing,2024-07-23,2024-08-01,2024-08-05
ord_03231,cust_0048,shipped,2024-10-29,2024-11-27,2024-11-08
ord_03232,cust_0063,shipped,2024-09-16,2024-10-07,2024-10-09
ord_03233,cust_0380,canceled,2024-04-17,2024-04-23,2024-05-09
ord_03234,cust_0108,delivered,2024-06-11,2024-06-27,2024-06-24
ord_03235,cust_0131,delivered,2024-09-16,2024-09-30,2024-10-08
ord_03236,cust_0195,processing,2024-08-21,2024-08-24,2024-08-28
ord_03237,cust_0182,canceled,2024-07-23,2024-08-22,2024-08-02
ord_03238,cust_0223,canceled,2024-06-07,2024-07-06,2024-06-16
ord_03239,cust_0334,processing,2024-04-27,2024-05-22,2024-05-06
ord_03240,cust_0374,canceled,2024-08-29,2024-09-01,2024-09-13
ord_03241,cust_0091,delivered,2024-01-24,2024-01-31,2024-02-07
ord_03242,cust_0072,processing,2024-03-06,2024-03-25,2024-03-17
ord_03243,cust_0444,canceled,2024-01-20,2024-01-24,2024-02-02
ord_03244,cust_0422,shipped,2024-07-09,2024-07-31,2024-07-29
ord_03245,cust_0480,shipped,2024-08-02,2024-08-10,2024-08-14
ord_03246,cust_0451,delivered,2024-12-08,2024-12-16,2024-12-26
ord_03247,cust_0105,canceled,2024-03-24,2024-03-27,2024-04-15
ord_03248,cust_0466,canceled,2024-07-25,2024-08-17,2024-08-12
ord_03249,cust_0402,delivered,2024-11-14,2024-11-27,2024-11-21
ord_03250,cust_0018,shipped,2024-06-18,2024-06-21,2024-07-10
ord_03251,cust_0194,shipped,2024-07-27,2024-07-31,2024-08-20
ord_03252,cust_0179,shipped,2024-03-21,2024-03-27,2024-03-28
ord_03253,cust_0058,processing,2024-02-17,2024-03-04,2024-02-26
ord_03254,cust_0226,shipped,2024-08-25,2024-09-10,2024-09-18
ord_03255,cust_0160,processing,2024-11-04,2024-12-02,2024-11-11
ord_03256,cust_0166,canceled,2024-08-28,2024-09-08,2024-09-08
ord_03257,cust_0245,processing,2024-11-10,2024-12-04,2024-11-20
ord_03258,cust_0113,shipped,2024-10-19,2024-10-28,2024-10-30
ord_03259,cust_0381,delivered,2024-03-14,2024-03-24,2024-03-23
ord_03260,cust_0128,shipped,2024-07-25,2024-08-06,2024-08-04
ord_03261,cust_0169,processing,2024-05-08,2024-05-16,2024-05-24
ord_03262,cust_0265,canceled,2024-12-08,2024-12-29,2024-12-31
ord_03263,cust_0192,shipped,2024-03-08,2024-03-21,2024-03-28
ord_03264,cust_0383,processing,2024-10-23,2024-11-18,2024-10-31
ord_03265,cust_0094,delivered,2024-11-19,2024-11-23,2024-12-02
ord_03266,cust_0428,shipped,2024-03-14,2024-04-06,2024-03-22
ord_03267,cust_0006,processing,2024-03-23,2024-04-07,2024-04-09
ord_03268,cust_0097,processing,2024-09-04,2024-10-04,2024-09-22
ord_03269,cust_0319,canceled,2024-08-19,2024-08-28,2024-09-09
ord_03270,cust_0382,canceled,2024-10-06,2024-10-23,2024-10-16
ord_03271,cust_0474,canceled,2024-12-01,2024-12-28,2024-12-24
ord_03272,cust_0175,processing,2024-06-21,2024-06-29,2024-07-06
ord_03273,cust_0343,canceled,2024-10-08,2024-10-25,2024-10-18
ord_03274,cust_0401,canceled,2024-09-22,2024-10-03,2024-10-01
ord_03275,cust_0494,shipped,2024-08-06,2024-08-29,2024-08-13
ord_03276,cust_0425,delivered,2024-02-18,2024-02-28,2024-03-10
ord_03277,cust_0065,canceled,2024-03-02,2024-03-22,2024-03-18
ord_03278,cust_0284,delivered,2024-06-06,2024-06-23,2024-06-26
ord_03279,cust_0420,shipped,2024-09-15,2024-09-23,2024-10-04
ord_03280,cust_0398,delivered,2024-03-13,2024-04-11,2024-03-27
ord_03281,cust_0270,shipped,2024-04-11,2024-05-07,2024-04-29
ord_03282,cust_0269,delivered,2024-10-15,2024-11-14,2024-11-07
ord_03283,cust_0118,shipped,2024-09-29,2024-10-13,2024-10-23
ord_03284,cust_0349,shipped,2024-07-10,2024-07-18,2024-07-20
ord_03285,cust_0432,shipped,2024-11-21,2024-12-14,2024-12-05
ord_03286,cust_0440,shipped,2024-10-03,2024-10-25,2024-10-23
ord_03287,cust_0152,processing,2024-05-22,2024-05-26,2024-06-10
ord_03288,cust_0240,canceled,2024-09-24,2024-10-10,2024-10-16
ord_03289,cust_0001,delivered,2024-03-10,2024-04-05,2024-03-26
ord_03290,cust_0343,canceled,2024-05-08,2024-06-02,2024-06-01
ord_03291,cust_0031,processing,2024-04-16,2024-05-12,2024-04-25
ord_03292,cust_0422,shipped,2024-03-12,2024-03-19,2024-04-03
ord_03293,cust_0331,processing,2024-05-04,2024-05-19,2024-05-16
ord_03294,cust_0128,canceled,2024-07-19,2024-08-09,2024-08-01
ord_03295,cust_0072,processing,2024-02-06,2024-02-16,2024-02-21
ord_03296,cust_0484,shipped,2024-03-04,2024-03-30,2024-03-29
ord_03297,cust_0345,canceled,2024-04-15,2024-05-02,2024-04-26
ord_03298,cust_0267,canceled,2024-06-16,2024-06-19,2024-06-26
ord_03299,cust_0119,processing,2024-09-25,2024-10-01,2024-10-17
ord_03300,cust_0278,processing,2024-06-01,2024-06-30,2024-06-11
ord_03301,cust_0449,canceled,2024-03-19,2024-03-24,2024-04-05
ord_03302,cust_0058,processing,2024-01-21,2024-02-05,2024-02-05
ord_03303,cust_0449,processing,2024-08-06,2024-08-27,2024-08-18
ord_03304,cust_0053,delivered,2024-05-29,2024-06-08,2024-06-21
ord_03305,cust_0124,processing,2024-11-04,2024-11-26,2024-11-22
ord_03306,cust_0030,delivered,2024-12-25,2025-01-10,2025-01-14
ord_03307,cust_0464,canceled,2024-05-23,2024-06-21,2024-06-07
ord_03308,cust_0215,canceled,2024-11-23,2024-12-12,2024-12-10
ord_03309,cust_0052,processing,2024-07-01,2024-07-06,2024-07-08
ord_03310,cust_0114,processing,2024-05-04,2024-05-25,2024-05-26
ord_03311,cust_0400,processing,2024-12-06,2024-12-17,2024-12-16
ord_03312,cust_0193,processing,2024-10-14,2024-11-05,2024-11-08
ord_03313,cust_0303,delivered,2024-01-22,2024-02-13,2024-02-01
ord_03314,cust_0495,shipped,2024-10-21,2024-10-27,2024-10-31
ord_03315,cust_0418,processing,2024-07-03,2024-07-24,2024-07-23
ord_03316,cust_0437,processing,2024-01-21,2024-02-04,2024-02-11
ord_03317,cust_0020,processing,2024-10-20,2024-11-19,2024-11-12
ord_03318,cust_0343,delivered,2024-11-17,2024-12-13,2024-12-07
ord_03319,cust_0013,canceled,2024-04-20,2024-05-11,2024-05-02
ord_03320,cust_0411,delivered,2024-02-20,2024-03-03,2024-03-11
ord_03321,cust_0184,canceled,2024-08-21,2024-09-20,2024-09-05
ord_03322,cust_0229,delivered,2024-06-29,2024-07-09,2024-07-14
ord_03323,cust_0394,shipped,2024-06-15,2024-07-02,2024-06-30
ord_03324,cust_0332,canceled,2024-04-17,2024-05-07,2024-05-11
ord_03325,cust_0400,shipped,2024-07-24,2024-08-20,2024-08-11
ord_03326,cust_0171,canceled,2024-09-12,2024-10-12,2024-09-21
ord_03327,cust_0163,canceled,2024-11-11,2024-12-01,2024-11-25
ord_03328,cust_0328,processing,2024-02-21,2024-03-18,2024-03-01
ord_03329,cust_0328,shipped,2024-06-09,2024-07-01,2024-07-01
ord_03330,cust_0439,processing,2024-07-14,2024-07-23,2024-07-29
ord_03331,cust_0459,canceled,2024-06-28,2024-07-11,2024-07-19
ord_03332,cust_0009,delivered,2024-03-22,2024-03-30,2024-04-08
ord_03333,cust_0466,canceled,2024-04-07,2024-04-28,2024-04-23
ord_03334,cust_0204,delivered,2024-10-13,2024-11-02,2024-10-25
ord_03335,cust_0365,processing,2024-04-11,2024-04-16,2024-04-20
ord_03336,cust_0273,canceled,2024-05-14,2024-05-21,2024-05-31
ord_03337,cust_0054,canceled,2024-07-22,2024-07-29,2024-08-10
ord_03338,cust_0166,shipped,2024-11-10,2024-12-01,2024-11-19
ord_03339,cust_0126,shipped,2024-08-14,2024-09-12,2024-08-22
ord_03340,cust_0254,shipped,2024-12-07,2024-12-18,2024-12-14
ord_03341,cust_0449,shipped,2024-12-21,2024-12-31,2025-01-04
ord_03342,cust_0075,delivered,2024-08-13,2024-09-05,2024-08-26
ord_03343,cust_0440,processing,2024-05-31,2024-06-10,2024-06-07
ord_03344,cust_0283,shipped,2024-08-12,2024-08-28,2024-09-05
ord_03345,cust_0298,processing,2024-07-30,2024-08-07,2024-08-22
ord_03346,cust_0383,canceled,2024-11-17,2024-12-08,2024-12-06
ord_03347,cust_0412,canceled,2024-12-27,2025-01-24,2025-01-14
ord_03348,cust_0461,shipped,2024-08-08,2024-08-22,2024-08-26
ord_03349,cust_0040,shipped,2024-06-12,2024-07-02,2024-06-30
ord_03350,cust_0408,shipped,2024-06-13,2024-07-13,2024-06-27
ord_03351,cust_0363,processing,2024-02-19,2024-03-18,2024-03-13
ord_03352,cust_0414,shipped,2024-10-01,2024-10-14,2024-10-11
ord_03353,cust_0421,shipped,2024-06-27,2024-07-22,2024-07-21
ord_03354,cust_0429,delivered,2024-08-26,2024-09-06,2024-09-20
ord_03355,cust_0255,processing,2024-08-23,2024-09-14,2024-09-13
ord_03356,cust_0287,processing,2024-02-03,2024-02-11,2024-02-10
ord_03357,cust_0459,canceled,2024-10-13,2024-11-05,2024-10-21
ord_03358,cust_0033,canceled,2024-09-01,2024-10-01,2024-09-12
ord_03359,cust_0292,canceled,2024-02-03,2024-02-29,2024-02-18
ord_03360,cust_0221,shipped,2024-01-15,2024-02-09,2024-02-06
ord_03361,cust_0159,canceled,2024-07-21,2024-07-30,2024-08-11
ord_03362,cust_0409,processing,2024-06-18,2024-06-28,2024-07-13
ord_03363,cust_0349,canceled,2024-03-14,2024-04-10,2024-04-07
ord_03364,cust_0365,canceled,2024-01-04,2024-01-26,2024-01-12
ord_03365,cust_0315,delivered,2024-10-27,2024-11-02,2024-11-05
ord_03366,cust_0376,shipped,2024-09-28,2024-10-14,2024-10-10
ord_03367,cust_0428,shipped,2024-05-07,2024-05-29,2024-05-19
ord_03368,cust_0374,delivered,2024-01-16,2024-02-08,2024-02-07
ord_03369,cust_0485,processing,2024-06-18,2024-06-23,2024-06-28
ord_03370,cust_0413,processing,2024-10-20,2024-11-14,2024-11-08
ord_03371,cust_0071,canceled,2024-07-14,2024-08-08,2024-08-05
ord_03372,cust_0182,shipped,2024-04-03,2024-04-09,2024-04-19
ord_03373,cust_0256,delivered,2024-12-28,2025-01-13,2025-01-12
ord_03374,cust_0103,shipped,2024-04-04,2024-04-15,2024-04-23
ord_03375,cust_0174,processing,2024-06-28,2024-07-21,2024-07-07
ord_03376,cust_0011,delivered,2024-02-18,2024-03-08,2024-03-04
ord_03377,cust_0049,shipped,2024-10-12,2024-10-16,2024-10-30
ord_03378,cust_0003,canceled,2024-01-01,2024-01-20,2024-01-08
ord_03379,cust_0410,canceled,2024-07-15,2024-07-27,2024-07-22
ord_03380,cust_0326,processing,2024-02-05,2024-02-13,2024-02-18
ord_03381,cust_0500,canceled,2024-04-03,2024-04-23,2024-04-16
ord_03382,cust_0308,canceled,2024-02-19,2024-03-20,2024-03-01
ord_03383,cust_0362,shipped,2024-10-20,2024-10-28,2024-11-10
ord_03384,cust_0016,delivered,2024-09-16,2024-09-23,2024-10-07
ord_03385,cust_0414,canceled,2024-10-02,2024-10-30,2024-10-12
ord_03386,cust_0350,shipped,2024-05-29,2024-06-04,2024-06-16
ord_03387,cust_0461,delivered,2024-10-29,2024-11-17,2024-11-10
ord_03388,cust_0314,canceled,2024-09-11,2024-09-20,2024-09-22
ord_03389,cust_0426,processing,2024-08-20,2024-09-13,2024-09-13
ord_03390,cust_0034,canceled,2024-08-17,2024-08-23,2024-09-10
ord_03391,cust_0123,processing,2024-05-06,2024-05-20,2024-05-17
ord_03392,cust_0022,canceled,2024-04-06,2024-05-04,2024-04-25
ord_03393,cust_0051,delivered,2024-01-31,2024-02-18,2024-02-25
ord_03394,cust_0467,processing,2024-12-05,2024-12-28,2024-12-22
ord_03395,cust_0145,canceled,2024-10-06,2024-10-29,2024-10-19
ord_03396,cust_0150,processing,2024-03-10,2024-03-27,2024-03-23
ord_03397,cust_0043,processing,2024-07-25,2024-08-10,2024-08-13
ord_03398,cust_0165,processing,2024-01-13,2024-01-31,2024-01-23
ord_03399,cust_0255,canceled,2024-11-08,2024-11-23,2024-11-24
ord_03400,cust_0271,delivered,2024-12-16,2025-01-10,2024-12-24
ord_03401,cust_0457,shipped,2024-04-06,2024-04-11,2024-04-22
ord_03402,cust_0274,delivered,2024-11-24,2024-12-07,2024-12-02
ord_03403,cust_0097,canceled,2024-01-25,2024-02-06,2024-02-13
ord_03404,cust_0379,shipped,2024-10-02,2024-10-06,2024-10-22
ord_03405,cust_0467,shipped,2024-09-17,2024-10-01,2024-09-25
ord_03406,cust_0457,shipped,2024-02-20,2024-03-08,2024-03-03
ord_03407,cust_0366,shipped,2024-12-30,2025-01-12,2025-01-08
ord_03408,cust_0328,delivered,2024-09-10,2024-09-19,2024-10-05
ord_03409,cust_0461,delivered,2024-01-24,2024-02-08,2024-02-06
ord_03410,cust_0338,canceled,2024-05-28,2024-05-31,2024-06-11
ord_03411,cust_0191,processing,2024-03-31,2024-04-15,2024-04-14
ord_03412,cust_0307,shipped,2024-01-23,2024-01-30,2024-02-03
ord_03413,cust_0452,processing,2024-11-14,2024-12-08,2024-11-29
ord_03414,cust_0105,canceled,2024-12-14,2025-01-04,2024-12-30
ord_03415,cust_0213,processing,2024-07-28,2024-08-22,2024-08-04
ord_03416,cust_0419,processing,2024-07-12,2024-07-23,2024-07-25
ord_03417,cust_0321,processing,2024-05-09,2024-05-31,2024-05-16
ord_03418,cust_0066,shipped,2024-01-22,2024-02-16,2024-02-12
ord_03419,cust_0060,shipped,2024-02-06,2024-02-29,2024-02-16
ord_03420,cust_0275,canceled,2024-09-07,2024-09-12,2024-09-19
ord_03421,cust_0490,processing,2024-03-26,2024-04-21,2024-04-10
ord_03422,cust_0146,canceled,2024-05-25,2024-06-14,2024-06-10
ord_03423,cust_0203,shipped,2024-02-25,2024-03-23,2024-03-06
ord_03424,cust_0103,shipped,2024-02-14,2024-03-05,2024-03-07
ord_03425,cust_0246,delivered,2024-09-22,2024-09-26,2024-10-14
ord_03426,cust_0427,processing,2024-02-27,2024-03-08,2024-03-06
ord_03427,cust_0124,processing,2024-04-04,2024-04-09,2024-04-13
ord_03428,cust_0379,shipped,2024-11-11,2024-11-25,2024-12-02
ord_03429,cust_0340,shipped,2024-08-14,2024-09-05,2024-08-22
ord_03430,cust_0023,delivered,2024-04-17,2024-05-13,2024-05-04
ord_03431,cust_0472,shipped,2024-03-19,2024-04-01,2024-04-03
ord_03432,cust_0462,delivered,2024-06-28,2024-07-15,2024-07-11
ord_03433,cust_0485,canceled,2024-07-19,2024-08-03,2024-07-30
ord_03434,cust_0095,shipped,2024-09-15,2024-09-20,2024-09-29
ord_03435,cust_0013,processing,2024-06-20,2024-07-14,2024-07-11
ord_03436,cust_0309,canceled,2024-02-05,2024-03-05,2024-02-19
ord_03437,cust_0281,canceled,2024-10-12,2024-10-20,2024-10-23
ord_03438,cust_0210,delivered,2024-01-30,2024-02-05,2024-02-08
ord_03439,cust_0371,canceled,2024-11-12,2024-12-08,2024-11-24
ord_03440,cust_0462,delivered,2024-07-08,2024-07-12,2024-07-19
ord_03441,cust_0196,delivered,2024-12-16,2024-12-26,2024-12-23
ord_03442,cust_0394,delivered,2024-10-15,2024-10-19,2024-11-03
ord_03443,cust_0289,delivered,2024-04-24,2024-05-21,2024-05-02
ord_03444,cust_0480,processing,2024-01-11,2024-02-03,2024-02-02
ord_03445,cust_0231,shipped,2024-05-24,2024-06-17,2024-06-12
ord_03446,cust_0177,processing,2024-12-15,2025-01-02,2024-12-30
ord_03447,cust_0275,canceled,2024-09-02,2024-09-09,2024-09-23
ord_03448,cust_0327,shipped,2024-04-24,2024-05-01,2024-05-10
ord_03449,cust_0189,delivered,2024-07-17,2024-07-28,2024-07-29
ord_03450,cust_0074,delivered,2024-08-09,2024-09-06,2024-08-25
ord_03451,cust_0437,shipped,2024-08-23,2024-09-08,2024-09-16
ord_03452,cust_0107,processing,2024-07-24,2024-07-31,2024-08-11
ord_03453,cust_0376,processing,2024-08-03,2024-08-19,2024-08-24
ord_03454,cust_0187,canceled,2024-08-15,2024-08-30,2024-09-05
ord_03455,cust_0069,shipped,2024-06-15,2024-07-09,2024-07-04
ord_03456,cust_0292,shipped,2024-05-05,2024-05-14,2024-05-18
ord_03457,cust_0461,processing,2024-12-03,2024-12-31,2024-12-21
ord_03458,cust_0192,canceled,2024-10-07,2024-11-06,2024-10-27
ord_03459,cust_0241,delivered,2024-04-19,2024-05-04,2024-04-30
ord_03460,cust_0154,processing,2024-10-04,2024-10-27,2024-10-25
ord_03461,cust_0173,shipped,2024-01-27,2024-02-05,2024-02-09
ord_03462,cust_0222,shipped,2024-12-03,2024-12-18,2024-12-26
ord_03463,cust_0198,shipped,2024-08-14,2024-08-17,2024-08-27
ord_03464,cust_0394,shipped,2024-05-19,2024-06-14,2024-06-13
ord_03465,cust_0401,shipped,2024-11-24,2024-12-09,2024-12-19
ord_03466,cust_0240,shipped,2024-03-18,2024-04-03,2024-04-04
ord_03467,cust_0162,delivered,2024-03-07,2024-04-03,2024-03-29
ord_03468,cust_0044,delivered,2024-12-12,2024-12-18,2024-12-21
ord_03469,cust_0170,delivered,2024-01-05,2024-02-04,2024-01-13
ord_03470,cust_0381,shipped,2024-06-09,2024-06-23,2024-06-22
ord_03471,cust_0186,canceled,2024-04-19,2024-05-01,2024-04-28
ord_03472,cust_0244,canceled,2024-10-25,2024-11-23,2024-11-15
ord_03473,cust_0156,delivered,2024-12-26,2025-01-03,2025-01-11
ord_03474,cust_0084,processing,2024-10-14,2024-10-22,2024-10-25
ord_03475,cust_0082,processing,2024-03-01,2024-03-21,2024-03-21
ord_03476,cust_0500,delivered,2024-12-24,2025-01-04,2025-01-07
ord_03477,cust_0050,delivered,2024-12-05,2024-12-12,2024-12-26
ord_03478,cust_0195,processing,2024-03-10,2024-03-25,2024-04-01
ord_03479,cust_0301,canceled,2024-03-28,2024-04-24,2024-04-04
ord_03480,cust_0094,processing,2024-08-13,2024-09-03,2024-09-07
ord_03481,cust_0177,canceled,2024-01-11,2024-01-29,2024-02-05
ord_03482,cust_0091,shipped,2024-02-13,2024-02-27,2024-02-22
ord_03483,cust_0470,shipped,2024-11-15,2024-11-27,2024-12-04
ord_03484,cust_0493,canceled,2024-02-26,2024-03-25,2024-03-10
ord_03485,cust_0182,processing,2024-05-29,2024-06-23,2024-06-07
ord_03486,cust_0214,shipped,2024-01-09,2024-01-31,2024-02-03
ord_03487,cust_0099,canceled,2024-07-05,2024-08-04,2024-07-20
ord_03488,cust_0164,shipped,2024-09-23,2024-09-26,2024-10-15
ord_03489,cust_0359,canceled,2024-01-27,2024-02-19,2024-02-10
ord_03490,cust_0173,delivered,2024-05-14,2024-05-31,2024-06-03
ord_03491,cust_0338,delivered,2024-05-19,2024-06-14,2024-06-09
ord_03492,cust_0067,delivered,2024-06-19,2024-07-09,2024-06-27
ord_03493,cust_0195,shipped,2024-10-20,2024-10-23,2024-11-05
ord_03494,cust_0019,canceled,2024-08-28,2024-09-12,2024-09-16
ord_03495,cust_0188,processing,2024-12-22,2025-01-06,2025-01-08
ord_03496,cust_0068,canceled,2024-07-27,2024-08-21,2024-08-13
ord_03497,cust_0251,canceled,2024-05-13,2024-06-02,2024-05-26
ord_03498,cust_0471,delivered,2024-05-16,2024-05-21,2024-06-06
ord_03499,cust_0459,delivered,2024-12-07,2024-12-20,2024-12-30
ord_03500,cust_0413,delivered,2024-01-12,2024-02-09,2024-01-23
ord_03501,cust_0192,delivered,2024-05-04,2024-05-09,2024-05-16
ord_03502,cust_0399,delivered,2024-03-19,2024-04-09,2024-04-02
ord_03503,cust_0378,canceled,2024-02-08,2024-02-11,2024-02-15
ord_03504,cust_0299,processing,2024-11-12,2024-11-17,2024-11-23
ord_03505,cust_0403,delivered,2024-11-19,2024-12-19,2024-12-06
ord_03506,cust_0361,shipped,2024-11-09,2024-11-15,2024-11-17
ord_03507,cust_0096,delivered,2024-04-12,2024-05-08,2024-04-21
ord_03508,cust_0406,shipped,2024-02-16,2024-02-19,2024-03-07
ord_03509,cust_0199,canceled,2024-04-17,2024-04-21,2024-04-26
ord_03510,cust_0244,shipped,2024-11-16,2024-12-05,2024-11-29
ord_03511,cust_0241,canceled,2024-12-28,2025-01-15,2025-01-09
ord_03512,cust_0227,shipped,2024-12-12,2025-01-02,2024-12-20
ord_03513,cust_0091,shipped,2024-09-16,2024-09-19,2024-09-25
ord_03514,cust_0295,shipped,2024-05-14,2024-05-21,2024-06-07
ord_03515,cust_0097,shipped,2024-12-24,2024-12-30,2025-01-02
ord_03516,cust_0084,processing,2024-06-13,2024-07-10,2024-06-27
ord_03517,cust_0152,processing,2024-11-21,2024-12-20,2024-12-16
ord_03518,cust_0112,processing,2024-09-16,2024-10-09,2024-10-02
ord_03519,cust_0377,shipped,2024-05-08,2024-06-06,2024-05-26
ord_03520,cust_0145,shipped,2024-09-28,2024-10-01,2024-10-13
ord_03521,cust_0253,canceled,2024-02-03,2024-02-07,2024-02-12
ord_03522,cust_0041,processing,2024-01-31,2024-02-22,2024-02-20
ord_03523,cust_0164,canceled,2024-01-07,2024-02-02,2024-01-16
ord_03524,cust_0292,canceled,2024-12-23,2025-01-16,2025-01-01
ord_03525,cust_0381,processing,2024-06-12,2024-06-29,2024-06-30
ord_03526,cust_0391,processing,2024-07-08,2024-07-26,2024-07-24
ord_03527,cust_0117,shipped,2024-06-09,2024-06-29,2024-06-22
ord_03528,cust_0210,processing,2024-01-22,2024-02-16,2024-02-09
ord_03529,cust_0238,processing,2024-08-24,2024-09-06,2024-09-12
ord_03530,cust_0378,processing,2024-08-19,2024-08-26,2024-08-30
ord_03531,cust_0404,canceled,2024-08-02,2024-08-05,2024-08-13
ord_03532,cust_0205,canceled,2024-07-14,2024-08-13,2024-07-25
ord_03533,cust_0078,shipped,2024-01-08,2024-01-24,2024-01-20
ord_03534,cust_0201,processing,2024-04-21,2024-04-27,2024-04-28
ord_03535,cust_0102,delivered,2024-03-17,2024-03-28,2024-04-03
ord_03536,cust_0156,canceled,2024-09-11,2024-09-26,2024-09-23
ord_03537,cust_0311,processing,2024-04-26,2024-05-05,2024-05-18
ord_03538,cust_0250,delivered,2024-08-09,2024-08-25,2024-08-21
ord_03539,cust_0488,canceled,2024-06-29,2024-07-05,2024-07-08
ord_03540,cust_0073,shipped,2024-12-27,2025-01-14,2025-01-12
ord_03541,cust_0214,processing,2024-09-22,2024-10-10,2024-10-05
ord_03542,cust_0174,canceled,2024-01-07,2024-01-19,2024-01-19
ord_03543,cust_0314,delivered,2024-12-16,2025-01-07,2025-01-05
ord_03544,cust_0145,canceled,2024-11-02,2024-11-09,2024-11-25
ord_03545,cust_0190,processing,2024-07-10,2024-08-07,2024-07-21
ord_03546,cust_0190,processing,2024-02-02,2024-02-05,2024-02-23
ord_03547,cust_0353,shipped,2024-05-06,2024-05-15,2024-05-23
ord_03548,cust_0403,canceled,2024-06-09,2024-07-02,2024-07-01
ord_03549,cust_0407,canceled,2024-10-11,2024-10-24,2024-11-05
ord_03550,cust_0495,canceled,2024-12-23,2025-01-01,2025-01-03
ord_03551,cust_0363,shipped,2024-11-19,2024-12-10,2024-12-03
ord_03552,cust_0241,delivered,2024-05-07,2024-05-25,2024-06-01
ord_03553,cust_0197,shipped,2024-06-09,2024-06-28,2024-06-19
ord_03554,cust_0271,processing,2024-11-15,2024-11-28,2024-11-24
ord_03555,cust_0035,processing,2024-08-24,2024-09-15,2024-09-08
ord_03556,cust_0406,canceled,2024-07-18,2024-08-14,2024-07-31
ord_03557,cust_0435,delivered,2024-12-30,2025-01-06,2025-01-17
ord_03558,cust_0325,delivered,2024-08-30,2024-09-09,2024-09-13
ord_03559,cust_0288,shipped,2024-06-16,2024-06-30,2024-07-08
ord_03560,cust_0161,shipped,2024-05-19,2024-06-01,2024-06-10
ord_03561,cust_0152,delivered,2024-11-26,2024-12-05,2024-12-06
ord_03562,cust_0145,shipped,2024-04-09,2024-04-28,2024-05-02
ord_03563,cust_0153,canceled,2024-07-11,2024-07-27,2024-07-18
ord_03564,cust_0013,delivered,2024-04-14,2024-04-21,2024-04-30
ord_03565,cust_0041,canceled,2024-11-29,2024-12-22,2024-12-19
ord_03566,cust_0229,processing,2024-08-26,2024-09-22,2024-09-06
ord_03567,cust_0389,canceled,2024-10-11,2024-10-19,2024-11-01
ord_03568,cust_0142,shipped,2024-02-25,2024-03-07,2024-03-17
ord_03569,cust_0146,shipped,2024-12-27,2025-01-18,2025-01-17
ord_03570,cust_0490,delivered,2024-10-27,2024-11-03,2024-11-13
ord_03571,cust_0283,processing,2024-03-04,2024-03-08,2024-03-21
ord_03572,cust_0426,processing,2024-07-07,2024-07-14,2024-07-24
ord_03573,cust_0331,canceled,2024-10-08,2024-10-11,2024-10-28
ord_03574,cust_0314,delivered,2024-07-21,2024-07-29,2024-08-07
ord_03575,cust_0290,delivered,2024-11-25,2024-12-07,2024-12-12
ord_03576,cust_0255,delivered,2024-09-18,2024-09-22,2024-09-29
ord_03577,cust_0053,shipped,2024-02-04,2024-02-11,2024-02-15
ord_03578,cust_0498,canceled,2024-04-30,2024-05-05,2024-05-18
ord_03579,cust_0176,delivered,2024-06-22,2024-06-27,2024-07-12
ord_03580,cust_0032,processing,2024-09-09,2024-09-24,2024-10-03
ord_03581,cust_0356,shipped,2024-11-24,2024-12-22,2024-12-13
ord_03582,cust_0417,shipped,2024-10-07,2024-11-05,2024-10-16
ord_03583,cust_0391,canceled,2024-08-17,2024-08-25,2024-08-27
ord_03584,cust_0331,delivered,2024-04-26,2024-05-06,2024-05-04
ord_03585,cust_0246,delivered,2024-01-27,2024-02-19,2024-02-10
ord_03586,cust_0487,shipped,2024-01-22,2024-02-01,2024-02-05
ord_03587,cust_0166,processing,2024-03-11,2024-03-30,2024-03-28
ord_03588,cust_0010,canceled,2024-11-20,2024-12-14,2024-12-09
ord_03589,cust_0282,delivered,2024-09-09,2024-09-12,2024-09-29
ord_03590,cust_0019,shipped,2024-01-21,2024-01-30,2024-02-15
ord_03591,cust_0004,canceled,2024-04-27,2024-05-18,2024-05-19
ord_03592,cust_0452,canceled,2024-12-25,2024-12-30,2025-01-19
ord_03593,cust_0204,shipped,2024-09-17,2024-10-16,2024-09-29
ord_03594,cust_0469,canceled,2024-03-18,2024-04-07,2024-03-25
ord_03595,cust_0262,processing,2024-05-16,2024-06-05,2024-06-03
ord_03596,cust_0387,canceled,2024-03-22,2024-04-20,2024-04-04
ord_03597,cust_0460,canceled,2024-06-20,2024-06-29,2024-07-07
ord_03598,cust_0232,delivered,2024-07-20,2024-07-26,2024-08-05
ord_03599,cust_0395,processing,2024-08-16,2024-09-07,2024-09-08
ord_03600,cust_0022,processing,2024-04-14,2024-04-22,2024-04-24
ord_03601,cust_0103,canceled,2024-02-24,2024-03-21,2024-03-08
ord_03602,cust_0454,canceled,2024-12-19,2025-01-12,2025-01-01
ord_03603,cust_0332,shipped,2024-07-03,2024-07-20,2024-07-11
ord_03604,cust_0112,delivered,2024-10-17,2024-11-15,2024-11-01
ord_03605,cust_0425,shipped,2024-06-07,2024-06-10,2024-06-20
ord_03606,cust_0485,processing,2024-06-19,2024-06-28,2024-07-11
ord_03607,cust_0309,shipped,2024-06-16,2024-07-03,2024-07-05
ord_03608,cust_0306,canceled,2024-09-08,2024-09-26,2024-10-02
ord_03609,cust_0040,delivered,2024-12-07,2025-01-06,2024-12-21
ord_03610,cust_0318,delivered,2024-01-01,2024-01-31,2024-01-08
ord_03611,cust_0156,processing,2024-01-06,2024-01-17,2024-01-13
ord_03612,cust_0493,shipped,2024-07-14,2024-08-09,2024-08-08
ord_03613,cust_0111,shipped,2024-02-19,2024-02-23,2024-03-08
ord_03614,cust_0039,canceled,2024-08-04,2024-08-30,2024-08-22
ord_03615,cust_0153,delivered,2024-08-01,2024-08-24,2024-08-08
ord_03616,cust_0135,processing,2024-03-02,2024-03-14,2024-03-13
ord_03617,cust_0451,processing,2024-04-14,2024-04-20,2024-04-21
ord_03618,cust_0045,shipped,2024-03-30,2024-04-02,2024-04-09
ord_03619,cust_0356,canceled,2024-08-21,2024-09-20,2024-09-15
ord_03620,cust_0246,delivered,2024-05-18,2024-05-21,2024-06-12
ord_03621,cust_0034,processing,2024-12-20,2024-12-27,2025-01-02
ord_03622,cust_0020,processing,2024-12-13,2024-12-28,2024-12-20
ord_03623,cust_0212,shipped,2024-08-09,2024-09-07,2024-08-30
ord_03624,cust_0337,delivered,2024-01-07,2024-01-28,2024-01-15
ord_03625,cust_0369,processing,2024-05-23,2024-06-17,2024-06-08
ord_03626,cust_0013,canceled,2024-04-13,2024-05-11,2024-04-28
ord_03627,cust_0415,delivered,2024-04-06,2024-04-16,2024-04-27
ord_03628,cust_0428,processing,2024-11-28,2024-12-02,2024-12-23
ord_03629,cust_0406,shipped,2024-10-13,2024-11-07,2024-11-04
ord_03630,cust_0046,canceled,2024-01-25,2024-02-06,2024-02-12
ord_03631,cust_0279,shipped,2024-08-21,2024-09-19,2024-09-12
ord_03632,cust_0372,shipped,2024-07-10,2024-08-03,2024-07-28
ord_03633,cust_0209,shipped,2024-06-13,2024-07-09,2024-07-01
ord_03634,cust_0240,canceled,2024-10-24,2024-11-08,2024-11-11
ord_03635,cust_0346,processing,2024-05-29,2024-06-05,2024-06-20
ord_03636,cust_0309,canceled,2024-07-03,2024-07-19,2024-07-12
ord_03637,cust_0331,processing,2024-03-11,2024-03-24,2024-03-29
ord_03638,cust_0442,shipped,2024-08-18,2024-09-14,2024-09-11
ord_03639,cust_0471,shipped,2024-01-22,2024-02-04,2024-02-14
ord_03640,cust_0324,shipped,2024-11-02,2024-11-15,2024-11-26
ord_03641,cust_0423,processing,2024-10-20,2024-10-27,2024-11-02
ord_03642,cust_0451,delivered,2024-02-11,2024-03-11,2024-03-02
ord_03643,cust_0267,delivered,2024-09-13,2024-10-03,2024-09-21
ord_03644,cust_0479,shipped,2024-10-21,2024-10-24,2024-11-05
ord_03645,cust_0251,delivered,2024-04-26,2024-05-20,2024-05-13
ord_03646,cust_0281,processing,2024-06-15,2024-07-11,2024-07-03
ord_03647,cust_0113,canceled,2024-09-24,2024-10-18,2024-10-13
ord_03648,cust_0116,processing,2024-07-27,2024-08-21,2024-08-06
ord_03649,cust_0367,delivered,2024-03-20,2024-04-18,2024-04-02
ord_03650,cust_0254,shipped,2024-09-15,2024-10-13,2024-09-25
ord_03651,cust_0124,processing,2024-02-06,2024-03-02,2024-02-22
ord_03652,cust_0278,delivered,2024-06-04,2024-07-03,2024-06-17
ord_03653,cust_0016,canceled,2024-04-07,2024-04-10,2024-04-14
ord_03654,cust_0424,delivered,2024-03-02,2024-03-11,2024-03-14
ord_03655,cust_0487,delivered,2024-02-04,2024-02-15,2024-02-25
ord_03656,cust_0006,canceled,2024-08-04,2024-08-18,2024-08-23
ord_03657,cust_0107,canceled,2024-06-24,2024-07-09,2024-07-12
ord_03658,cust_0471,processing,2024-08-07,2024-08-29,2024-09-01
ord_03659,cust_0022,processing,2024-11-21,2024-12-13,2024-12-16
ord_03660,cust_0180,delivered,2024-01-17,2024-02-04,2024-02-03
ord_03661,cust_0441,processing,2024-05-10,2024-06-04,2024-06-01
ord_03662,cust_0217,canceled,2024-10-02,2024-10-29,2024-10-12
ord_03663,cust_0195,delivered,2024-12-16,2025-01-03,2024-12-23
ord_03664,cust_0244,canceled,2024-09-06,2024-10-03,2024-09-15
ord_03665,cust_0126,delivered,2024-10-05,2024-10-10,2024-10-14
ord_03666,cust_0124,processing,2024-08-20,2024-09-04,2024-09-06
ord_03667,cust_0283,processing,2024-01-18,2024-01-31,2024-02-03
ord_03668,cust_0049,delivered,2024-04-20,2024-05-12,2024-05-10
ord_03669,cust_0442,delivered,2024-12-16,2024-12-23,2025-01-10
ord_03670,cust_0258,shipped,2024-09-16,2024-10-03,2024-09-25
ord_03671,cust_0199,delivered,2024-08-25,2024-09-05,2024-09-19
ord_03672,cust_0358,processing,2024-05-09,2024-05-30,2024-05-19
ord_03673,cust_0438,shipped,2024-03-30,2024-04-16,2024-04-15
ord_03674,cust_0219,delivered,2024-01-21,2024-02-02,2024-02-07
ord_03675,cust_0102,processing,2024-12-17,2024-12-24,2024-12-26
ord_03676,cust_0199,shipped,2024-09-05,2024-09-15,2024-09-12
ord_03677,cust_0094,shipped,2024-07-11,2024-07-15,2024-07-27
ord_03678,cust_0433,processing,2024-06-23,2024-07-23,2024-07-18
ord_03679,cust_0414,delivered,2024-04-27,2024-05-22,2024-05-18
ord_03680,cust_0068,delivered,2024-02-21,2024-02-29,2024-03-03
ord_03681,cust_0407,processing,2024-08-12,2024-08-30,2024-08-30
ord_03682,cust_0460,canceled,2024-01-11,2024-02-05,2024-02-03
ord_03683,cust_0215,processing,2024-11-21,2024-12-11,2024-12-01
ord_03684,cust_0286,processing,2024-01-18,2024-01-29,2024-02-07
ord_03685,cust_0135,canceled,2024-02-04,2024-02-09,2024-02-13
ord_03686,cust_0471,shipped,2024-08-31,2024-09-15,2024-09-23
ord_03687,cust_0083,delivered,2024-03-11,2024-03-17,2024-03-18
ord_03688,cust_0229,canceled,2024-10-19,2024-10-27,2024-11-01
ord_03689,cust_0035,shipped,2024-10-12,2024-10-23,2024-11-03
ord_03690,cust_0287,delivered,2024-10-25,2024-11-10,2024-11-04
ord_03691,cust_0154,shipped,2024-04-28,2024-05-07,2024-05-09
ord_03692,cust_0191,delivered,2024-12-25,2025-01-09,2025-01-01
ord_03693,cust_0058,canceled,2024-09-18,2024-10-16,2024-09-25
ord_03694,cust_0156,shipped,2024-10-26,2024-11-14,2024-11-02
ord_03695,cust_0411,shipped,2024-06-12,2024-06-22,2024-07-04
ord_03696,cust_0245,processing,2024-04-06,2024-04-30,2024-04-28
ord_03697,cust_0199,delivered,2024-04-19,2024-04-25,2024-05-01
ord_03698,cust_0440,shipped,2024-03-15,2024-04-08,2024-03-26
ord_03699,cust_0038,shipped,2024-02-04,2024-02-22,2024-02-27
ord_03700,cust_0430,canceled,2024-05-06,2024-05-29,2024-05-26
ord_03701,cust_0209,delivered,2024-04-25,2024-05-24,2024-05-10
ord_03702,cust_0400,processing,2024-08-09,2024-08-13,2024-08-26
ord_03703,cust_0201,processing,2024-01-15,2024-01-24,2024-02-02
ord_03704,cust_0384,shipped,2024-11-06,2024-12-05,2024-11-20
ord_03705,cust_0456,processing,2024-09-02,2024-09-24,2024-09-25
ord_03706,cust_0124,canceled,2024-11-26,2024-12-26,2024-12-08
ord_03707,cust_0222,delivered,2024-09-11,2024-10-08,2024-09-20
ord_03708,cust_0044,shipped,2024-08-01,2024-08-06,2024-08-25
ord_03709,cust_0143,processing,2024-11-24,2024-11-28,2024-12-12
ord_03710,cust_0156,canceled,2024-05-23,2024-06-09,2024-06-09
ord_03711,cust_0262,processing,2024-06-06,2024-07-06,2024-06-28
ord_03712,cust_0356,shipped,2024-07-16,2024-08-12,2024-08-10
ord_03713,cust_0355,processing,2024-08-28,2024-09-10,2024-09-06
ord_03714,cust_0316,delivered,2024-06-24,2024-07-14,2024-07-17
ord_03715,cust_0479,canceled,2024-05-08,2024-05-31,2024-05-23
ord_03716,cust_0117,canceled,2024-05-27,2024-06-18,2024-06-19
ord_03717,cust_0098,canceled,2024-06-14,2024-06-24,2024-07-09
ord_03718,cust_0266,processing,2024-06-05,2024-06-14,2024-06-22
ord_03719,cust_0343,shipped,2024-05-22,2024-06-02,2024-06-11
ord_03720,cust_0411,canceled,2024-11-09,2024-12-07,2024-11-20
ord_03721,cust_0365,canceled,2024-04-07,2024-05-01,2024-04-25
ord_03722,cust_0298,shipped,2024-04-14,2024-05-12,2024-05-05
ord_03723,cust_0327,shipped,2024-03-01,2024-03-27,2024-03-17
ord_03724,cust_0094,processing,2024-04-15,2024-05-07,2024-05-02
ord_03725,cust_0248,canceled,2024-07-10,2024-07-20,2024-07-29
ord_03726,cust_0175,shipped,2024-10-17,2024-11-03,2024-11-10
ord_03727,cust_0130,delivered,2024-05-10,2024-06-01,2024-05-19
ord_03728,cust_0202,delivered,2024-07-11,2024-08-09,2024-08-04
ord_03729,cust_0476,processing,2024-02-04,2024-02-13,2024-02-19
ord_03730,cust_0421,canceled,2024-08-20,2024-09-09,2024-09-14
ord_03731,cust_0102,canceled,2024-09-18,2024-10-09,2024-10-08
ord_03732,cust_0305,delivered,2024-01-27,2024-02-12,2024-02-18
ord_03733,cust_0161,delivered,2024-08-31,2024-09-16,2024-09-19
ord_03734,cust_0186,delivered,2024-03-12,2024-03-20,2024-03-22
ord_03735,cust_0143,delivered,2024-01-22,2024-02-21,2024-01-31
ord_03736,cust_0066,delivered,2024-10-07,2024-10-27,2024-10-22
ord_03737,cust_0021,delivered,2024-12-17,2025-01-02,2024-12-30
ord_03738,cust_0320,canceled,2024-01-06,2024-01-12,2024-01-23
ord_03739,cust_0119,shipped,2024-05-25,2024-06-10,2024-06-08
ord_03740,cust_0385,canceled,2024-11-12,2024-12-04,2024-12-07
ord_03741,cust_0078,delivered,2024-10-09,2024-10-23,2024-10-23
ord_03742,cust_0391,shipped,2024-10-10,2024-10-31,2024-10-27
ord_03743,cust_0105,delivered,2024-03-28,2024-04-25,2024-04-16
ord_03744,cust_0380,canceled,2024-03-23,2024-03-28,2024-04-17
ord_03745,cust_0127,processing,2024-09-05,2024-09-11,2024-09-15
ord_03746,cust_0313,shipped,2024-04-23,2024-05-03,2024-05-14
ord_03747,cust_0055,delivered,2024-03-29,2024-04-08,2024-04-13
ord_03748,cust_0223,processing,2024-05-02,2024-05-26,2024-05-18
ord_03749,cust_0052,delivered,2024-08-16,2024-08-25,2024-08-30
ord_03750,cust_0227,shipped,2024-07-28,2024-08-22,2024-08-18
ord_03751,cust_0012,canceled,2024-07-15,2024-08-14,2024-08-03
ord_03752,cust_0224,canceled,2024-04-15,2024-05-09,2024-05-07
ord_03753,cust_0260,processing,2024-06-13,2024-06-16,2024-07-05
ord_03754,cust_0191,shipped,2024-08-14,2024-09-05,2024-08-27
ord_03755,cust_0087,processing,2024-12-26,2024-12-31,2025-01-14
ord_03756,cust_0181,processing,2024-04-16,2024-04-25,2024-05-03
ord_03757,cust_0461,shipped,2024-05-20,2024-05-30,2024-06-05
ord_03758,cust_0492,delivered,2024-07-13,2024-08-04,2024-08-04
ord_03759,cust_0331,delivered,2024-12-17,2025-01-07,2024-12-31
ord_03760,cust_0200,canceled,2024-08-19,2024-09-13,2024-08-26
ord_03761,cust_0252,processing,2024-07-03,2024-07-18,2024-07-10
ord_03762,cust_0224,canceled,2024-08-16,2024-09-01,2024-08-25
ord_03763,cust_0188,canceled,2024-06-27,2024-07-07,2024-07-12
ord_03764,cust_0113,shipped,2024-09-02,2024-09-10,2024-09-14
ord_03765,cust_0025,shipped,2024-01-19,2024-02-03,2024-02-06
ord_03766,cust_0048,delivered,2024-02-16,2024-03-12,2024-02-28
ord_03767,cust_0478,canceled,2024-05-08,2024-05-13,2024-05-31
ord_03768,cust_0073,processing,2024-08-19,2024-08-26,2024-09-04
ord_03769,cust_0118,processing,2024-05-22,2024-06-21,2024-06-03
ord_03770,cust_0035,shipped,2024-06-08,2024-06-16,2024-07-01
ord_03771,cust_0294,shipped,2024-02-17,2024-03-10,2024-02-25
ord_03772,cust_0483,processing,2024-05-27,2024-06-16,2024-06-18
ord_03773,cust_0414,shipped,2024-03-26,2024-04-05,2024-04-02
ord_03774,cust_0035,delivered,2024-11-04,2024-11-29,2024-11-13
ord_03775,cust_0274,delivered,2024-05-17,2024-06-15,2024-05-29
ord_03776,cust_0371,shipped,2024-08-24,2024-09-13,2024-09-11
ord_03777,cust_0126,delivered,2024-03-19,2024-04-08,2024-03-31
ord_03778,cust_0393,canceled,2024-06-15,2024-07-15,2024-06-27
ord_03779,cust_0257,delivered,2024-09-19,2024-10-18,2024-09-26
ord_03780,cust_0025,processing,2024-07-20,2024-07-27,2024-08-01
ord_03781,cust_0124,canceled,2024-03-20,2024-04-19,2024-03-31
ord_03782,cust_0237,shipped,2024-10-20,2024-11-17,2024-11-04
ord_03783,cust_0366,shipped,2024-08-20,2024-08-28,2024-08-30
ord_03784,cust_0035,processing,2024-03-23,2024-04-15,2024-03-31
ord_03785,cust_0236,processing,2024-03-10,2024-03-13,2024-03-26
ord_03786,cust_0282,processing,2024-12-12,2025-01-08,2024-12-31
ord_03787,cust_0182,processing,2024-09-25,2024-10-12,2024-10-18
ord_03788,cust_0086,processing,2024-05-08,2024-05-27,2024-05-28
ord_03789,cust_0106,delivered,2024-03-05,2024-04-02,2024-03-13
ord_03790,cust_0060,processing,2024-11-03,2024-11-17,2024-11-19
ord_03791,cust_0192,delivered,2024-07-14,2024-07-29,2024-07-30
ord_03792,cust_0385,delivered,2024-06-10,2024-06-28,2024-06-23
ord_03793,cust_0231,shipped,2024-04-20,2024-05-06,2024-05-01
ord_03794,cust_0203,shipped,2024-11-28,2024-12-26,2024-12-14
ord_03795,cust_0463,processing,2024-03-13,2024-03-16,2024-03-27
ord_03796,cust_0239,processing,2024-05-09,2024-05-27,2024-05-28
ord_03797,cust_0067,processing,2024-07-09,2024-07-18,2024-07-30
ord_03798,cust_0460,delivered,2024-01-27,2024-02-06,2024-02-07
ord_03799,cust_0180,processing,2024-05-31,2024-06-14,2024-06-08
ord_03800,cust_0040,canceled,2024-07-16,2024-08-08,2024-08-05
ord_03801,cust_0283,processing,2024-06-30,2024-07-29,2024-07-23
ord_03802,cust_0035,canceled,2024-01-21,2024-02-20,2024-02-12
ord_03803,cust_0473,shipped,2024-06-18,2024-06-27,2024-07-04
ord_03804,cust_0382,canceled,2024-01-06,2024-01-12,2024-01-17
ord_03805,cust_0112,canceled,2024-01-31,2024-02-03,2024-02-23
ord_03806,cust_0172,processing,2024-01-13,2024-01-30,2024-02-01
ord_03807,cust_0146,canceled,2024-06-26,2024-07-18,2024-07-13
ord_03808,cust_0300,delivered,2024-01-27,2024-02-24,2024-02-19
ord_03809,cust_0222,delivered,2024-08-12,2024-09-08,2024-09-03
ord_03810,cust_0374,delivered,2024-12-07,2025-01-03,2024-12-31
ord_03811,cust_0170,processing,2024-03-19,2024-04-17,2024-04-07
ord_03812,cust_0073,shipped,2024-11-21,2024-12-02,2024-12-02
ord_03813,cust_0142,processing,2024-02-17,2024-03-10,2024-03-07
ord_03814,cust_0156,delivered,2024-04-22,2024-04-26,2024-04-30
ord_03815,cust_0292,shipped,2024-03-09,2024-03-18,2024-03-29
ord_03816,cust_0219,canceled,2024-08-01,2024-08-29,2024-08-12
ord_03817,cust_0084,delivered,2024-04-17,2024-04-20,2024-04-26
ord_03818,cust_0403,delivered,2024-05-15,2024-06-10,2024-06-06
ord_03819,cust_0474,processing,2024-04-22,2024-05-09,2024-05-04
ord_03820,cust_0416,canceled,2024-02-28,2024-03-04,2024-03-20
ord_03821,cust_0436,processing,2024-11-11,2024-12-07,2024-11-29
ord_03822,cust_0281,canceled,2024-05-12,2024-06-02,2024-06-05
ord_03823,cust_0270,shipped,2024-11-19,2024-12-13,2024-12-06
ord_03824,cust_0267,canceled,2024-12-07,2024-12-31,2025-01-01
ord_03825,cust_0116,delivered,2024-10-31,2024-11-27,2024-11-14
ord_03826,cust_0169,canceled,2024-08-10,2024-08-28,2024-08-25
ord_03827,cust_0027,canceled,2024-09-12,2024-10-08,2024-10-01
ord_03828,cust_0285,shipped,2024-05-11,2024-05-17,2024-05-22
ord_03829,cust_0464,shipped,2024-04-22,2024-05-02,2024-05-13
ord_03830,cust_0259,canceled,2024-02-20,2024-03-16,2024-03-15
ord_03831,cust_0215,canceled,2024-07-30,2024-08-25,2024-08-18
ord_03832,cust_0084,processing,2024-06-02,2024-06-07,2024-06-16
ord_03833,cust_0475,delivered,2024-12-05,2024-12-10,2024-12-22
ord_03834,cust_0079,processing,2024-08-11,2024-08-26,2024-08-31
ord_03835,cust_0481,canceled,2024-08-30,2024-09-02,2024-09-16
ord_03836,cust_0250,processing,2024-03-01,2024-03-13,2024-03-15
ord_03837,cust_0208,processing,2024-07-21,2024-08-11,2024-08-03
ord_03838,cust_0313,shipped,2024-04-30,2024-05-12,2024-05-14
ord_03839,cust_0304,processing,2024-06-21,2024-06-29,2024-07-08
ord_03840,cust_0043,delivered,2024-02-12,2024-02-18,2024-02-21
ord_03841,cust_0253,delivered,2024-03-17,2024-04-06,2024-04-06
ord_03842,cust_0027,delivered,2024-12-23,2025-01-15,2025-01-03
ord_03843,cust_0069,canceled,2024-08-29,2024-09-06,2024-09-06
ord_03844,cust_0342,delivered,2024-07-06,2024-07-30,2024-07-24
ord_03845,cust_0170,delivered,2024-01-21,2024-01-29,2024-02-06
ord_03846,cust_0021,delivered,2024-01-20,2024-02-10,2024-01-29
ord_03847,cust_0460,processing,2024-04-08,2024-05-06,2024-04-20
ord_03848,cust_0304,canceled,2024-09-08,2024-09-14,2024-09-23
ord_03849,cust_0037,canceled,2024-11-11,2024-12-10,2024-12-04
ord_03850,cust_0311,canceled,2024-03-11,2024-03-16,2024-04-01
ord_03851,cust_0050,processing,2024-03-21,2024-04-13,2024-04-13
ord_03852,cust_0017,processing,2024-11-06,2024-11-16,2024-11-22
ord_03853,cust_0356,processing,2024-06-22,2024-07-16,2024-07-04
ord_03854,cust_0157,canceled,2024-08-19,2024-09-02,2024-09-11
ord_03855,cust_0215,shipped,2024-11-30,2024-12-25,2024-12-19
ord_03856,cust_0108,shipped,2024-06-07,2024-07-01,2024-06-24
ord_03857,cust_0019,delivered,2024-08-24,2024-08-31,2024-09-04
ord_03858,cust_0076,delivered,2024-01-31,2024-02-21,2024-02-10
ord_03859,cust_0371,delivered,2024-08-17,2024-08-24,2024-08-28
ord_03860,cust_0353,canceled,2024-05-24,2024-06-20,2024-06-10
ord_03861,cust_0223,processing,2024-10-23,2024-11-02,2024-11-14
ord_03862,cust_0374,canceled,2024-03-03,2024-03-26,2024-03-27
ord_03863,cust_0336,delivered,2024-12-29,2025-01-07,2025-01-20
ord_03864,cust_0099,canceled,2024-07-05,2024-07-13,2024-07-24
ord_03865,cust_0431,canceled,2024-02-03,2024-02-07,2024-02-11
ord_03866,cust_0238,processing,2024-07-18,2024-07-26,2024-08-09
ord_03867,cust_0231,shipped,2024-12-29,2025-01-28,2025-01-15
ord_03868,cust_0338,canceled,2024-06-16,2024-07-12,2024-07-06
ord_03869,cust_0004,shipped,2024-10-17,2024-11-16,2024-10-29
ord_03870,cust_0250,canceled,2024-05-08,2024-05-24,2024-05-17
ord_03871,cust_0123,processing,2024-03-16,2024-03-20,2024-03-27
ord_03872,cust_0214,delivered,2024-05-22,2024-05-31,2024-06-03
ord_03873,cust_0365,canceled,2024-01-05,2024-01-28,2024-01-23
ord_03874,cust_0002,delivered,2024-11-10,2024-11-24,2024-11-27
ord_03875,cust_0104,shipped,2024-09-04,2024-10-01,2024-09-27
ord_03876,cust_0141,processing,2024-03-16,2024-03-29,2024-04-08
ord_03877,cust_0223,delivered,2024-09-27,2024-10-18,2024-10-10
ord_03878,cust_0281,canceled,2024-08-20,2024-09-15,2024-09-14
ord_03879,cust_0023,canceled,2024-10-02,2024-10-29,2024-10-23
ord_03880,cust_0302,delivered,2024-06-19,2024-06-22,2024-07-09
ord_03881,cust_0476,processing,2024-08-30,2024-09-28,2024-09-19
ord_03882,cust_0473,canceled,2024-11-07,2024-11-28,2024-11-21
ord_03883,cust_0136,canceled,2024-10-29,2024-11-08,2024-11-19
ord_03884,cust_0419,shipped,2024-11-29,2024-12-29,2024-12-07
ord_03885,cust_0203,canceled,2024-12-08,2024-12-29,2024-12-23
ord_03886,cust_0021,shipped,2024-01-03,2024-01-22,2024-01-17
ord_03887,cust_0002,processing,2024-08-18,2024-08-28,2024-09-06
ord_03888,cust_0275,processing,2024-01-25,2024-01-30,2024-02-09
ord_03889,cust_0394,delivered,2024-01-09,2024-01-28,2024-01-25
ord_03890,cust_0274,canceled,2024-09-11,2024-10-02,2024-09-24
ord_03891,cust_0474,processing,2024-02-29,2024-03-30,2024-03-14
ord_03892,cust_0091,shipped,2024-10-14,2024-11-09,2024-10-31
ord_03893,cust_0041,canceled,2024-01-08,2024-02-01,2024-01-28
ord_03894,cust_0011,delivered,2024-11-27,2024-12-07,2024-12-19
ord_03895,cust_0087,canceled,2024-03-07,2024-04-02,2024-03-22
ord_03896,cust_0083,processing,2024-12-09,2024-12-20,2024-12-29
ord_03897,cust_0186,delivered,2024-04-14,2024-05-10,2024-04-26
ord_03898,cust_0355,delivered,2024-05-27,2024-06-08,2024-06-20
ord_03899,cust_0437,delivered,2024-02-09,2024-02-16,2024-02-19
ord_03900,cust_0495,shipped,2024-05-02,2024-05-07,2024-05-17
ord_03901,cust_0173,delivered,2024-02-28,2024-03-26,2024-03-20
ord_03902,cust_0239,delivered,2024-09-13,2024-10-10,2024-10-07
ord_03903,cust_0403,delivered,2024-09-03,2024-09-27,2024-09-18
ord_03904,cust_0181,shipped,2024-07-01,2024-07-29,2024-07-10
ord_03905,cust_0280,canceled,2024-07-17,2024-08-14,2024-07-30
ord_03906,cust_0033,shipped,2024-01-10,2024-02-01,2024-01-19
ord_03907,cust_0268,shipped,2024-03-15,2024-03-28,2024-03-27
ord_03908,cust_0016,canceled,2024-09-02,2024-09-29,2024-09-20
ord_03909,cust_0054,processing,2024-07-18,2024-08-15,2024-08-07
ord_03910,cust_0318,processing,2024-04-18,2024-04-26,2024-05-01
ord_03911,cust_0500,shipped,2024-10-27,2024-11-22,2024-11-05
ord_03912,cust_0286,processing,2024-12-02,2024-12-29,2024-12-24
ord_03913,cust_0102,delivered,2024-07-17,2024-07-30,2024-08-04
ord_03914,cust_0002,canceled,2024-01-19,2024-02-05,2024-02-01
ord_03915,cust_0333,canceled,2024-01-09,2024-02-02,2024-01-27
ord_03916,cust_0497,canceled,2024-07-31,2024-08-26,2024-08-07
ord_03917,cust_0432,delivered,2024-08-25,2024-08-30,2024-09-05
ord_03918,cust_0393,delivered,2024-10-31,2024-11-19,2024-11-24
ord_03919,cust_0254,canceled,2024-10-30,2024-11-06,2024-11-21
ord_03920,cust_0403,canceled,2024-03-02,2024-03-24,2024-03-10
ord_03921,cust_0421,processing,2024-05-05,2024-05-17,2024-05-29
ord_03922,cust_0029,canceled,2024-05-30,2024-06-03,2024-06-09
ord_03923,cust_0418,processing,2024-12-06,2024-12-13,2024-12-21
ord_03924,cust_0436,processing,2024-03-19,2024-03-30,2024-04-05
ord_03925,cust_0039,processing,2024-02-08,2024-02-27,2024-02-26
ord_03926,cust_0209,delivered,2024-06-06,2024-07-02,2024-06-22
ord_03927,cust_0095,delivered,2024-01-14,2024-01-26,2024-01-31
ord_03928,cust_0186,delivered,2024-03-11,2024-03-30,2024-03-21
ord_03929,cust_0163,delivered,2024-02-18,2024-02-29,2024-03-06
ord_03930,cust_0299,delivered,2024-04-03,2024-04-24,2024-04-16
ord_03931,cust_0160,delivered,2024-04-28,2024-05-02,2024-05-13
ord_03932,cust_0446,canceled,2024-12-30,2025-01-19,2025-01-24
ord_03933,cust_0052,processing,2024-10-09,2024-11-02,2024-10-25
ord_03934,cust_0048,canceled,2024-01-21,2024-02-02,2024-02-10
ord_03935,cust_0071,delivered,2024-05-17,2024-06-12,2024-05-25
ord_03936,cust_0055,processing,2024-02-18,2024-03-10,2024-02-25
ord_03937,cust_0208,delivered,2024-01-22,2024-02-09,2024-02-09
ord_03938,cust_0482,shipped,2024-05-15,2024-05-23,2024-06-09
ord_03939,cust_0095,delivered,2024-02-11,2024-02-24,2024-02-23
ord_03940,cust_0241,shipped,2024-11-18,2024-12-16,2024-11-25
ord_03941,cust_0378,shipped,2024-12-28,2025-01-04,2025-01-09
ord_03942,cust_0449,canceled,2024-07-27,2024-07-30,2024-08-19
ord_03943,cust_0253,shipped,2024-10-22,2024-11-19,2024-11-04
ord_03944,cust_0314,processing,2024-01-31,2024-02-16,2024-02-13
ord_03945,cust_0150,canceled,2024-04-08,2024-05-07,2024-05-01
ord_03946,cust_0211,canceled,2024-03-10,2024-03-25,2024-04-04
ord_03947,cust_0362,processing,2024-05-17,2024-05-27,2024-05-27
ord_03948,cust_0001,delivered,2024-05-10,2024-06-02,2024-06-01
ord_03949,cust_0383,canceled,2024-07-26,2024-08-16,2024-08-08
ord_03950,cust_0095,delivered,2024-12-19,2024-12-26,2025-01-13
ord_03951,cust_0365,delivered,2024-12-09,2024-12-19,2024-12-20
ord_03952,cust_0375,delivered,2024-04-28,2024-05-08,2024-05-06
ord_03953,cust_0495,shipped,2024-12-16,2024-12-31,2024-12-27
ord_03954,cust_0002,shipped,2024-05-21,2024-05-27,2024-06-15
ord_03955,cust_0212,delivered,2024-02-26,2024-03-26,2024-03-04
ord_03956,cust_0074,shipped,2024-06-23,2024-07-02,2024-07-14
ord_03957,cust_0445,canceled,2024-11-27,2024-12-25,2024-12-07
ord_03958,cust_0338,canceled,2024-06-15,2024-07-01,2024-07-04
ord_03959,cust_0440,shipped,2024-08-15,2024-09-08,2024-08-28
ord_03960,cust_0097,shipped,2024-04-15,2024-04-30,2024-05-03
ord_03961,cust_0224,delivered,2024-09-07,2024-09-25,2024-09-22
ord_03962,cust_0238,shipped,2024-05-09,2024-05-12,2024-05-29
ord_03963,cust_0384,processing,2024-02-01,2024-02-29,2024-02-09
ord_03964,cust_0212,delivered,2024-09-25,2024-10-07,2024-10-08
ord_03965,cust_0144,shipped,2024-05-27,2024-06-03,2024-06-12
ord_03966,cust_0243,delivered,2024-08-06,2024-09-02,2024-08-13
ord_03967,cust_0156,shipped,2024-10-27,2024-11-13,2024-11-14
ord_03968,cust_0430,processing,2024-08-18,2024-08-27,2024-09-02
ord_03969,cust_0246,shipped,2024-07-18,2024-07-29,2024-07-30
ord_03970,cust_0400,shipped,2024-08-12,2024-08-19,2024-08-19
ord_03971,cust_0113,shipped,2024-11-26,2024-12-14,2024-12-15
ord_03972,cust_0268,canceled,2024-02-26,2024-03-08,2024-03-15
ord_03973,cust_0442,canceled,2024-12-19,2024-12-25,2025-01-03
ord_03974,cust_0291,delivered,2024-07-25,2024-07-28,2024-08-03
ord_03975,cust_0415,shipped,2024-05-03,2024-05-15,2024-05-18
ord_03976,cust_0410,shipped,2024-12-08,2024-12-28,2025-01-02
ord_03977,cust_0002,shipped,2024-11-17,2024-12-05,2024-12-10
ord_03978,cust_0215,canceled,2024-01-11,2024-01-24,2024-02-04
ord_03979,cust_0096,delivered,2024-01-01,2024-01-19,2024-01-14
ord_03980,cust_0129,canceled,2024-06-05,2024-07-01,2024-06-25
ord_03981,cust_0343,canceled,2024-10-27,2024-11-05,2024-11-15
ord_03982,cust_0320,shipped,2024-02-19,2024-03-05,2024-03-12
ord_03983,cust_0440,canceled,2024-05-05,2024-05-18,2024-05-13
ord_03984,cust_0273,canceled,2024-07-01,2024-07-19,2024-07-15
ord_03985,cust_0491,delivered,2024-09-09,2024-09-19,2024-09-29
ord_03986,cust_0290,shipped,2024-12-19,2024-12-24,2024-12-29
ord_03987,cust_0105,processing,2024-04-28,2024-05-14,2024-05-06
ord_03988,cust_0053,processing,2024-07-30,2024-08-19,2024-08-08
ord_03989,cust_0112,canceled,2024-03-10,2024-03-20,2024-03-23
ord_03990,cust_0006,processing,2024-02-19,2024-02-23,2024-03-05
ord_03991,cust_0456,processing,2024-03-02,2024-03-13,2024-03-27
ord_03992,cust_0473,shipped,2024-04-17,2024-04-22,2024-05-04
ord_03993,cust_0413,canceled,2024-11-09,2024-11-15,2024-11-18
ord_03994,cust_0023,processing,2024-11-02,2024-11-22,2024-11-16
ord_03995,cust_0086,delivered,2024-12-18,2024-12-29,2025-01-11
ord_03996,cust_0408,processing,2024-09-07,2024-10-06,2024-09-20
ord_03997,cust_0258,shipped,2024-06-18,2024-06-24,2024-06-27
ord_03998,cust_0219,canceled,2024-10-21,2024-11-01,2024-10-28
ord_03999,cust_0285,shipped,2024-07-01,2024-07-28,2024-07-22
ord_04000,cust_0322,delivered,2024-01-14,2024-02-09,2024-01-24
ord_04001,cust_0089,shipped,2024-12-07,2024-12-18,2024-12-20
ord_04002,cust_0376,shipped,2024-04-29,2024-05-25,2024-05-07
ord_04003,cust_0102,shipped,2024-04-10,2024-05-09,2024-04-23
ord_04004,cust_0339,processing,2024-05-31,2024-06-17,2024-06-08
ord_04005,cust_0017,delivered,2024-04-25,2024-05-17,2024-05-06
ord_04006,cust_0428,processing,2024-04-14,2024-04-28,2024-04-30
ord_04007,cust_0427,shipped,2024-03-19,2024-04-13,2024-03-28
ord_04008,cust_0088,canceled,2024-08-30,2024-09-14,2024-09-06
ord_04009,cust_0351,processing,2024-01-18,2024-02-07,2024-01-30
ord_04010,cust_0109,delivered,2024-02-25,2024-03-01,2024-03-08
ord_04011,cust_0223,shipped,2024-03-19,2024-04-04,2024-03-29
ord_04012,cust_0137,canceled,2024-12-24,2025-01-22,2025-01-05
ord_04013,cust_0339,shipped,2024-08-19,2024-08-27,2024-09-12
ord_04014,cust_0313,processing,2024-08-17,2024-09-02,2024-08-29
ord_04015,cust_0311,shipped,2024-05-22,2024-06-04,2024-06-06
ord_04016,cust_0152,processing,2024-01-11,2024-01-20,2024-01-30
ord_04017,cust_0448,delivered,2024-10-01,2024-10-18,2024-10-10
ord_04018,cust_0118,delivered,2024-12-21,2024-12-28,2024-12-29
ord_04019,cust_0466,shipped,2024-10-13,2024-10-31,2024-11-01
ord_04020,cust_0276,shipped,2024-01-28,2024-02-16,2024-02-09
ord_04021,cust_0261,delivered,2024-03-05,2024-03-15,2024-03-13
ord_04022,cust_0043,canceled,2024-05-03,2024-05-23,2024-05-27
ord_04023,cust_0133,canceled,2024-09-25,2024-10-15,2024-10-04
ord_04024,cust_0424,shipped,2024-06-19,2024-07-09,2024-06-30
ord_04025,cust_0436,shipped,2024-01-23,2024-02-08,2024-02-14
ord_04026,cust_0358,delivered,2024-03-12,2024-04-09,2024-03-26
ord_04027,cust_0037,processing,2024-09-22,2024-09-29,2024-10-13
ord_04028,cust_0378,canceled,2024-11-20,2024-12-10,2024-11-29
ord_04029,cust_0434,canceled,2024-08-23,2024-08-31,2024-09-07
ord_04030,cust_0400,delivered,2024-01-16,2024-01-20,2024-01-23
ord_04031,cust_0442,delivered,2024-12-06,2024-12-31,2024-12-13
ord_04032,cust_0388,delivered,2024-02-12,2024-02-25,2024-02-24
ord_04033,cust_0247,delivered,2024-02-12,2024-03-08,2024-02-25
ord_04034,cust_0332,canceled,2024-08-12,2024-09-09,2024-09-05
ord_04035,cust_0369,shipped,2024-01-30,2024-02-27,2024-02-06
ord_04036,cust_0345,delivered,2024-06-29,2024-07-12,2024-07-18
ord_04037,cust_0386,canceled,2024-09-15,2024-10-08,2024-10-01
ord_04038,cust_0280,shipped,2024-05-13,2024-05-21,2024-05-22
ord_04039,cust_0277,processing,2024-11-03,2024-11-27,2024-11-28
ord_04040,cust_0467,delivered,2024-05-27,2024-06-14,2024-06-19
ord_04041,cust_0257,delivered,2024-03-18,2024-03-26,2024-04-03
ord_04042,cust_0021,processing,2024-06-09,2024-06-24,2024-07-01
ord_04043,cust_0307,delivered,2024-08-27,2024-08-30,2024-09-04
ord_04044,cust_0454,shipped,2024-01-02,2024-01-26,2024-01-17
ord_04045,cust_0046,canceled,2024-07-12,2024-07-26,2024-07-29
ord_04046,cust_0077,processing,2024-09-21,2024-10-02,2024-10-14
ord_04047,cust_0121,processing,2024-07-12,2024-08-02,2024-07-22
ord_04048,cust_0262,shipped,2024-03-17,2024-04-14,2024-04-01
ord_04049,cust_0188,canceled,2024-06-13,2024-06-27,2024-06-21
ord_04050,cust_0193,delivered,2024-03-28,2024-04-25,2024-04-22
ord_04051,cust_0321,processing,2024-10-09,2024-11-03,2024-10-17
ord_04052,cust_0124,processing,2024-01-28,2024-02-13,2024-02-10
ord_04053,cust_0236,canceled,2024-11-04,2024-12-04,2024-11-28
ord_04054,cust_0095,shipped,2024-01-09,2024-02-05,2024-02-01
ord_04055,cust_0411,delivered,2024-02-03,2024-02-07,2024-02-18
ord_04056,cust_0130,delivered,2024-03-03,2024-04-02,2024-03-22
ord_04057,cust_0134,canceled,2024-10-11,2024-10-30,2024-10-18
ord_04058,cust_0486,processing,2024-11-25,2024-12-03,2024-12-19
ord_04059,cust_0100,processing,2024-09-12,2024-09-22,2024-10-05
ord_04060,cust_0205,canceled,2024-04-06,2024-04-25,2024-04-15
ord_04061,cust_0073,processing,2024-05-04,2024-05-11,2024-05-13
ord_04062,cust_0372,shipped,2024-11-12,2024-12-06,2024-11-28
ord_04063,cust_0209,canceled,2024-09-24,2024-10-15,2024-10-10
ord_04064,cust_0451,processing,2024-03-22,2024-03-25,2024-04-05
ord_04065,cust_0221,shipped,2024-03-07,2024-03-21,2024-03-30
ord_04066,cust_0043,processing,2024-02-23,2024-03-06,2024-03-09
ord_04067,cust_0150,processing,2024-01-21,2024-02-19,2024-02-09
ord_04068,cust_0388,canceled,2024-03-21,2024-04-04,2024-04-08
ord_04069,cust_0404,shipped,2024-01-22,2024-01-30,2024-02-10
ord_04070,cust_0279,shipped,2024-12-11,2024-12-25,2024-12-28
ord_04071,cust_0343,delivered,2024-05-30,2024-06-08,2024-06-06
ord_04072,cust_0211,canceled,2024-08-28,2024-09-12,2024-09-13
ord_04073,cust_0492,delivered,2024-05-28,2024-06-16,2024-06-22
ord_04074,cust_0189,shipped,2024-04-25,2024-05-21,2024-05-05
ord_04075,cust_0266,shipped,2024-10-11,2024-11-05,2024-11-03
ord_04076,cust_0239,delivered,2024-05-21,2024-06-03,2024-06-01
ord_04077,cust_0020,canceled,2024-12-10,2025-01-04,2024-12-27
ord_04078,cust_0437,canceled,2024-12-17,2025-01-09,2024-12-25
ord_04079,cust_0107,canceled,2024-05-02,2024-05-11,2024-05-15
ord_04080,cust_0132,canceled,2024-04-09,2024-05-08,2024-05-02
ord_04081,cust_0373,shipped,2024-12-28,2025-01-03,2025-01-16
ord_04082,cust_0047,delivered,2024-03-13,2024-04-10,2024-03-23
ord_04083,cust_0270,processing,2024-12-30,2025-01-21,2025-01-20
ord_04084,cust_0311,shipped,2024-03-04,2024-03-24,2024-03-12
ord_04085,cust_0324,shipped,2024-05-03,2024-05-24,2024-05-12
ord_04086,cust_0208,canceled,2024-09-09,2024-09-18,2024-09-20
ord_04087,cust_0438,delivered,2024-04-25,2024-04-29,2024-05-15
ord_04088,cust_0255,canceled,2024-02-09,2024-02-14,2024-03-03
ord_04089,cust_0492,processing,2024-07-18,2024-07-24,2024-08-08
ord_04090,cust_0457,delivered,2024-10-09,2024-11-04,2024-11-01
ord_04091,cust_0421,delivered,2024-01-06,2024-01-14,2024-01-19
ord_04092,cust_0172,processing,2024-01-16,2024-02-06,2024-01-26
ord_04093,cust_0429,delivered,2024-02-27,2024-03-18,2024-03-09
ord_04094,cust_0171,processing,2024-05-05,2024-05-30,2024-05-24
ord_04095,cust_0136,canceled,2024-11-22,2024-12-17,2024-12-14
ord_04096,cust_0470,delivered,2024-11-01,2024-11-07,2024-11-21
ord_04097,cust_0201,canceled,2024-11-13,2024-12-07,2024-11-26
ord_04098,cust_0069,delivered,2024-11-08,2024-12-06,2024-11-26
ord_04099,cust_0414,delivered,2024-02-09,2024-02-21,2024-02-18
ord_04100,cust_0147,delivered,2024-09-26,2024-10-19,2024-10-21
ord_04101,cust_0119,processing,2024-10-03,2024-10-15,2024-10-17
ord_04102,cust_0430,delivered,2024-09-28,2024-10-16,2024-10-15
ord_04103,cust_0100,shipped,2024-10-27,2024-11-03,2024-11-16
ord_04104,cust_0076,delivered,2024-03-21,2024-03-30,2024-04-13
ord_04105,cust_0172,canceled,2024-05-02,2024-05-19,2024-05-17
ord_04106,cust_0131,delivered,2024-08-02,2024-08-07,2024-08-11
ord_04107,cust_0067,processing,2024-12-22,2025-01-17,2025-01-07
ord_04108,cust_0323,delivered,2024-01-22,2024-02-20,2024-02-09
ord_04109,cust_0480,processing,2024-06-21,2024-07-01,2024-07-13
ord_04110,cust_0266,delivered,2024-08-07,2024-08-23,2024-08-15
ord_04111,cust_0219,delivered,2024-02-29,2024-03-26,2024-03-11
ord_04112,cust_0267,shipped,2024-01-22,2024-01-31,2024-01-30
ord_04113,cust_0453,delivered,2024-07-03,2024-07-18,2024-07-22
ord_04114,cust_0351,processing,2024-01-14,2024-01-29,2024-01-25
ord_04115,cust_0052,shipped,2024-02-07,2024-02-20,2024-02-20
ord_04116,cust_0183,delivered,2024-04-21,2024-05-02,2024-05-08
ord_04117,cust_0094,processing,2024-08-08,2024-08-27,2024-09-01
ord_04118,cust_0321,processing,2024-10-19,2024-10-25,2024-11-10
ord_04119,cust_0330,shipped,2024-08-05,2024-09-01,2024-08-29
ord_04120,cust_0426,canceled,2024-11-14,2024-11-23,2024-12-07
ord_04121,cust_0060,shipped,2024-05-28,2024-06-23,2024-06-05
ord_04122,cust_0407,processing,2024-06-04,2024-06-24,2024-06-11
ord_04123,cust_0122,processing,2024-04-09,2024-04-22,2024-04-25
ord_04124,cust_0070,processing,2024-12-07,2024-12-27,2024-12-30
ord_04125,cust_0331,canceled,2024-01-24,2024-02-02,2024-02-07
ord_04126,cust_0028,delivered,2024-11-10,2024-12-06,2024-11-20
ord_04127,cust_0354,delivered,2024-12-07,2024-12-21,2024-12-28
ord_04128,cust_0260,canceled,2024-11-06,2024-12-05,2024-11-14
ord_04129,cust_0412,canceled,2024-10-16,2024-11-06,2024-10-25
ord_04130,cust_0479,delivered,2024-05-26,2024-06-16,2024-06-07
ord_04131,cust_0414,shipped,2024-08-19,2024-08-30,2024-09-13
ord_04132,cust_0320,processing,2024-07-25,2024-08-21,2024-08-19
ord_04133,cust_0446,canceled,2024-11-15,2024-12-06,2024-12-04
ord_04134,cust_0046,canceled,2024-10-09,2024-11-01,2024-10-30
ord_04135,cust_0297,processing,2024-03-15,2024-04-04,2024-04-02
ord_04136,cust_0076,canceled,2024-11-22,2024-12-13,2024-12-06
ord_04137,cust_0011,canceled,2024-10-16,2024-10-22,2024-11-01
ord_04138,cust_0489,shipped,2024-10-18,2024-11-09,2024-10-31
ord_04139,cust_0430,shipped,2024-04-07,2024-04-13,2024-04-19
ord_04140,cust_0398,processing,2024-05-30,2024-06-26,2024-06-10
ord_04141,cust_0492,delivered,2024-07-25,2024-08-15,2024-08-18
ord_04142,cust_0286,processing,2024-07-27,2024-08-18,2024-08-03
ord_04143,cust_0235,processing,2024-03-20,2024-04-04,2024-03-30
ord_04144,cust_0090,shipped,2024-01-16,2024-02-08,2024-02-06
ord_04145,cust_0267,shipped,2024-06-07,2024-06-27,2024-06-21
ord_04146,cust_0333,shipped,2024-06-15,2024-07-09,2024-07-03
ord_04147,cust_0388,delivered,2024-09-23,2024-09-30,2024-10-17
ord_04148,cust_0460,canceled,2024-05-25,2024-06-23,2024-06-01
ord_04149,cust_0073,processing,2024-07-27,2024-08-20,2024-08-06
ord_04150,cust_0412,shipped,2024-06-23,2024-06-26,2024-07-17
ord_04151,cust_0279,shipped,2024-07-26,2024-08-16,2024-08-13
ord_04152,cust_0048,processing,2024-08-10,2024-09-03,2024-08-25
ord_04153,cust_0209,delivered,2024-10-20,2024-11-04,2024-11-07
ord_04154,cust_0247,processing,2024-04-20,2024-04-23,2024-05-14
ord_04155,cust_0393,shipped,2024-02-20,2024-03-15,2024-03-02
ord_04156,cust_0173,delivered,2024-09-27,2024-10-10,2024-10-22
ord_04157,cust_0398,canceled,2024-05-08,2024-06-06,2024-05-21
ord_04158,cust_0124,canceled,2024-07-23,2024-08-12,2024-08-03
ord_04159,cust_0438,delivered,2024-09-17,2024-09-28,2024-09-25
ord_04160,cust_0001,delivered,2024-03-25,2024-04-12,2024-04-08
ord_04161,cust_0223,processing,2024-12-07,2025-01-06,2024-12-30
ord_04162,cust_0060,processing,2024-07-18,2024-07-23,2024-07-26
ord_04163,cust_0042,shipped,2024-09-14,2024-09-23,2024-09-23
ord_04164,cust_0025,delivered,2024-11-09,2024-11-22,2024-11-16
ord_04165,cust_0314,canceled,2024-07-11,2024-07-30,2024-07-19
ord_04166,cust_0440,canceled,2024-02-11,2024-02-23,2024-02-20
ord_04167,cust_0397,shipped,2024-01-28,2024-02-14,2024-02-17
ord_04168,cust_0447,processing,2024-11-18,2024-12-07,2024-12-01
ord_04169,cust_0026,canceled,2024-11-24,2024-12-10,2024-12-05
ord_04170,cust_0139,delivered,2024-04-22,2024-05-15,2024-05-07
ord_04171,cust_0307,canceled,2024-09-10,2024-09-27,2024-10-01
ord_04172,cust_0366,processing,2024-07-19,2024-07-27,2024-07-27
ord_04173,cust_0391,processing,2024-03-12,2024-04-07,2024-03-31
ord_04174,cust_0177,delivered,2024-12-09,2024-12-16,2024-12-20
ord_04175,cust_0382,processing,2024-10-11,2024-11-08,2024-10-20
ord_04176,cust_0473,processing,2024-11-16,2024-12-15,2024-12-08
ord_04177,cust_0359,delivered,2024-01-25,2024-02-02,2024-02-19
ord_04178,cust_0480,canceled,2024-05-14,2024-05-17,2024-06-02
ord_04179,cust_0104,processing,2024-02-04,2024-02-13,2024-02-17
ord_04180,cust_0489,canceled,2024-04-28,2024-05-03,2024-05-09
ord_04181,cust_0104,canceled,2024-07-02,2024-07-27,2024-07-14
ord_04182,cust_0279,delivered,2024-07-24,2024-07-30,2024-08-14
ord_04183,cust_0435,shipped,2024-08-25,2024-08-28,2024-09-07
ord_04184,cust_0309,shipped,2024-12-13,2024-12-19,2024-12-22
ord_04185,cust_0113,processing,2024-01-01,2024-01-16,2024-01-11
ord_04186,cust_0343,canceled,2024-05-01,2024-05-30,2024-05-24
ord_04187,cust_0280,canceled,2024-03-08,2024-03-25,2024-03-30
ord_04188,cust_0112,processing,2024-07-11,2024-07-17,2024-07-24
ord_04189,cust_0152,canceled,2024-02-08,2024-03-03,2024-03-03
ord_04190,cust_0372,shipped,2024-05-15,2024-06-05,2024-05-23
ord_04191,cust_0073,processing,2024-10-23,2024-11-05,2024-10-31
ord_04192,cust_0499,delivered,2024-05-30,2024-06-18,2024-06-07
ord_04193,cust_0028,shipped,2024-08-08,2024-08-19,2024-08-24
ord_04194,cust_0426,delivered,2024-08-19,2024-08-28,2024-09-03
ord_04195,cust_0056,shipped,2024-07-22,2024-08-09,2024-08-15
ord_04196,cust_0342,shipped,2024-08-25,2024-09-20,2024-09-16
ord_04197,cust_0427,shipped,2024-04-05,2024-04-10,2024-04-12
ord_04198,cust_0458,shipped,2024-11-23,2024-11-28,2024-12-15
ord_04199,cust_0134,processing,2024-02-22,2024-03-16,2024-03-06
ord_04200,cust_0175,processing,2024-03-28,2024-04-18,2024-04-21
ord_04201,cust_0120,processing,2024-12-17,2025-01-08,2025-01-07
ord_04202,cust_0125,delivered,2024-04-28,2024-05-28,2024-05-22
ord_04203,cust_0349,canceled,2024-09-20,2024-09-28,2024-10-14
ord_04204,cust_0118,processing,2024-07-28,2024-07-31,2024-08-14
ord_04205,cust_0279,processing,2024-01-12,2024-01-30,2024-02-06
ord_04206,cust_0233,processing,2024-07-25,2024-08-18,2024-08-04
ord_04207,cust_0441,processing,2024-12-24,2024-12-28,2025-01-12
ord_04208,cust_0400,shipped,2024-04-30,2024-05-15,2024-05-23
ord_04209,cust_0193,shipped,2024-01-08,2024-01-22,2024-01-15
ord_04210,cust_0093,shipped,2024-02-13,2024-03-08,2024-02-25
ord_04211,cust_0346,shipped,2024-11-18,2024-12-02,2024-12-05
ord_04212,cust_0008,canceled,2024-02-14,2024-02-29,2024-03-03
ord_04213,cust_0352,canceled,2024-10-03,2024-10-20,2024-10-13
ord_04214,cust_0376,delivered,2024-07-26,2024-08-16,2024-08-06
ord_04215,cust_0038,shipped,2024-09-24,2024-10-17,2024-10-06
ord_04216,cust_0497,processing,2024-06-16,2024-07-07,2024-07-05
ord_04217,cust_0303,canceled,2024-10-31,2024-11-04,2024-11-24
ord_04218,cust_0148,delivered,2024-04-30,2024-05-16,2024-05-24
ord_04219,cust_0436,canceled,2024-03-22,2024-03-29,2024-03-30
ord_04220,cust_0340,processing,2024-01-18,2024-02-09,2024-02-01
ord_04221,cust_0260,canceled,2024-11-02,2024-11-27,2024-11-17
ord_04222,cust_0452,canceled,2024-11-27,2024-12-04,2024-12-13
ord_04223,cust_0323,delivered,2024-11-08,2024-11-27,2024-12-02
ord_04224,cust_0178,processing,2024-11-27,2024-12-02,2024-12-13
ord_04225,cust_0235,delivered,2024-11-16,2024-12-06,2024-12-09
ord_04226,cust_0047,canceled,2024-12-21,2025-01-13,2025-01-11
ord_04227,cust_0206,processing,2024-04-01,2024-04-11,2024-04-25
ord_04228,cust_0277,shipped,2024-07-18,2024-08-05,2024-07-31
ord_04229,cust_0141,processing,2024-01-14,2024-02-05,2024-02-04
ord_04230,cust_0369,processing,2024-02-09,2024-03-02,2024-02-18
ord_04231,cust_0253,processing,2024-09-10,2024-10-02,2024-10-04
ord_04232,cust_0469,processing,2024-10-04,2024-10-11,2024-10-29
ord_04233,cust_0429,shipped,2024-09-15,2024-10-03,2024-09-26
ord_04234,cust_0101,processing,2024-06-12,2024-07-01,2024-07-07
ord_04235,cust_0163,delivered,2024-01-20,2024-02-17,2024-02-13
ord_04236,cust_0350,shipped,2024-07-23,2024-08-15,2024-08-04
ord_04237,cust_0453,delivered,2024-07-07,2024-07-11,2024-07-22
ord_04238,cust_0387,processing,2024-12-05,2025-01-04,2024-12-23
ord_04239,cust_0352,processing,2024-07-14,2024-08-09,2024-07-31
ord_04240,cust_0345,delivered,2024-10-18,2024-10-22,2024-10-25
ord_04241,cust_0091,canceled,2024-03-26,2024-04-06,2024-04-19
ord_04242,cust_0094,processing,2024-07-10,2024-07-21,2024-07-25
ord_04243,cust_0101,shipped,2024-08-23,2024-09-13,2024-09-11
ord_04244,cust_0096,shipped,2024-06-29,2024-07-28,2024-07-15
ord_04245,cust_0379,canceled,2024-11-20,2024-11-27,2024-12-14
ord_04246,cust_0444,shipped,2024-07-19,2024-08-17,2024-08-02
ord_04247,cust_0175,processing,2024-10-06,2024-10-27,2024-10-16
ord_04248,cust_0351,canceled,2024-03-25,2024-04-05,2024-04-03
ord_04249,cust_0370,processing,2024-04-05,2024-04-25,2024-04-22
ord_04250,cust_0086,shipped,2024-04-01,2024-04-14,2024-04-20
ord_04251,cust_0445,shipped,2024-07-25,2024-08-15,2024-08-08
ord_04252,cust_0053,shipped,2024-06-24,2024-07-13,2024-07-12
ord_04253,cust_0364,processing,2024-09-15,2024-09-21,2024-10-09
ord_04254,cust_0488,processing,2024-07-08,2024-07-22,2024-07-15
ord_04255,cust_0487,canceled,2024-09-22,2024-10-03,2024-10-11
ord_04256,cust_0388,processing,2024-01-09,2024-01-31,2024-01-26
ord_04257,cust_0115,delivered,2024-12-14,2024-12-26,2024-12-29
ord_04258,cust_0450,delivered,2024-04-09,2024-04-21,2024-04-19
ord_04259,cust_0085,delivered,2024-02-27,2024-03-16,2024-03-20
ord_04260,cust_0298,shipped,2024-04-11,2024-04-30,2024-04-28
ord_04261,cust_0045,canceled,2024-05-17,2024-06-14,2024-05-25
ord_04262,cust_0046,canceled,2024-04-17,2024-05-02,2024-05-03
ord_04263,cust_0168,canceled,2024-05-30,2024-06-16,2024-06-09
ord_04264,cust_0374,shipped,2024-04-13,2024-04-19,2024-04-26
ord_04265,cust_0419,processing,2024-07-06,2024-07-28,2024-07-19
ord_04266,cust_0050,shipped,2024-08-31,2024-09-26,2024-09-23
ord_04267,cust_0024,delivered,2024-08-06,2024-08-23,2024-08-23
ord_04268,cust_0357,delivered,2024-11-13,2024-11-24,2024-11-24
ord_04269,cust_0019,canceled,2024-05-25,2024-06-21,2024-06-03
ord_04270,cust_0316,delivered,2024-03-31,2024-04-17,2024-04-19
ord_04271,cust_0243,delivered,2024-12-22,2025-01-12,2025-01-14
ord_04272,cust_0388,processing,2024-11-05,2024-12-01,2024-11-16
ord_04273,cust_0067,shipped,2024-01-04,2024-01-15,2024-01-22
ord_04274,cust_0439,canceled,2024-09-20,2024-10-09,2024-10-14
ord_04275,cust_0479,canceled,2024-07-24,2024-08-01,2024-08-04
ord_04276,cust_0214,delivered,2024-10-12,2024-11-09,2024-11-01
ord_04277,cust_0260,processing,2024-06-15,2024-07-15,2024-07-10
ord_04278,cust_0144,canceled,2024-08-18,2024-09-07,2024-09-08
ord_04279,cust_0362,canceled,2024-03-26,2024-04-02,2024-04-17
ord_04280,cust_0278,canceled,2024-09-18,2024-10-01,2024-10-03
ord_04281,cust_0408,canceled,2024-10-28,2024-11-13,2024-11-15
ord_04282,cust_0092,shipped,2024-12-30,2025-01-28,2025-01-15
ord_04283,cust_0496,delivered,2024-06-04,2024-06-26,2024-06-14
ord_04284,cust_0014,shipped,2024-12-20,2025-01-05,2025-01-06
ord_04285,cust_0080,canceled,2024-01-04,2024-01-08,2024-01-12
ord_04286,cust_0301,shipped,2024-07-09,2024-08-01,2024-07-23
ord_04287,cust_0330,delivered,2024-02-07,2024-02-17,2024-02-18
ord_04288,cust_0036,shipped,2024-06-15,2024-07-15,2024-07-02
ord_04289,cust_0247,delivered,2024-01-03,2024-01-16,2024-01-20
ord_04290,cust_0285,shipped,2024-09-24,2024-10-03,2024-10-14
ord_04291,cust_0156,canceled,2024-12-15,2024-12-21,2024-12-31
ord_04292,cust_0198,processing,2024-09-23,2024-10-12,2024-10-12
ord_04293,cust_0217,processing,2024-03-14,2024-04-01,2024-03-28
ord_04294,cust_0369,canceled,2024-11-22,2024-12-20,2024-12-13
ord_04295,cust_0383,delivered,2024-11-25,2024-12-11,2024-12-06
ord_04296,cust_0379,shipped,2024-03-07,2024-03-21,2024-03-30
ord_04297,cust_0487,delivered,2024-07-07,2024-07-19,2024-07-20
ord_04298,cust_0363,delivered,2024-09-26,2024-10-05,2024-10-08
ord_04299,cust_0065,shipped,2024-03-09,2024-03-18,2024-03-18
ord_04300,cust_0321,canceled,2024-11-06,2024-11-13,2024-11-13
ord_04301,cust_0194,delivered,2024-11-15,2024-11-20,2024-11-23
ord_04302,cust_0213,canceled,2024-02-16,2024-03-06,2024-03-01
ord_04303,cust_0368,processing,2024-09-07,2024-09-15,2024-09-20
ord_04304,cust_0085,processing,2024-06-25,2024-06-28,2024-07-19
ord_04305,cust_0341,processing,2024-07-25,2024-08-13,2024-08-03
ord_04306,cust_0461,canceled,2024-03-31,2024-04-28,2024-04-12
ord_04307,cust_0134,canceled,2024-09-02,2024-09-19,2024-09-19
ord_04308,cust_0248,shipped,2024-10-14,2024-11-06,2024-10-29
ord_04309,cust_0483,delivered,2024-07-13,2024-07-20,2024-08-07
ord_04310,cust_0262,processing,2024-06-15,2024-06-22,2024-06-24
ord_04311,cust_0124,delivered,2024-07-14,2024-08-07,2024-08-07
ord_04312,cust_0445,shipped,2024-07-19,2024-07-23,2024-08-12
ord_04313,cust_0090,delivered,2024-08-13,2024-08-19,2024-09-04
ord_04314,cust_0102,processing,2024-08-22,2024-09-15,2024-09-04
ord_04315,cust_0495,shipped,2024-04-21,2024-05-12,2024-05-16
ord_04316,cust_0089,shipped,2024-01-15,2024-01-28,2024-01-27
ord_04317,cust_0380,processing,2024-10-22,2024-11-12,2024-11-04
ord_04318,cust_0410,canceled,2024-03-28,2024-04-03,2024-04-17
ord_04319,cust_0039,canceled,2024-12-02,2025-01-01,2024-12-27
ord_04320,cust_0074,shipped,2024-04-30,2024-05-20,2024-05-24
ord_04321,cust_0360,shipped,2024-03-26,2024-04-08,2024-04-13
ord_04322,cust_0105,canceled,2024-10-22,2024-11-21,2024-11-15
ord_04323,cust_0214,delivered,2024-10-11,2024-10-23,2024-10-26
ord_04324,cust_0378,processing,2024-09-07,2024-10-03,2024-09-28
ord_04325,cust_0149,shipped,2024-04-22,2024-04-30,2024-05-11
ord_04326,cust_0134,canceled,2024-01-11,2024-02-01,2024-01-28
ord_04327,cust_0313,delivered,2024-10-22,2024-11-19,2024-11-13
ord_04328,cust_0225,delivered,2024-04-02,2024-04-19,2024-04-27
ord_04329,cust_0226,delivered,2024-04-05,2024-04-26,2024-04-17
ord_04330,cust_0127,processing,2024-03-23,2024-03-27,2024-04-09
ord_04331,cust_0110,processing,2024-09-26,2024-10-14,2024-10-06
ord_04332,cust_0071,shipped,2024-12-28,2025-01-26,2025-01-14
ord_04333,cust_0416,delivered,2024-03-07,2024-03-14,2024-03-14
ord_04334,cust_0204,delivered,2024-03-09,2024-04-06,2024-03-27
ord_04335,cust_0020,delivered,2024-10-07,2024-10-16,2024-10-19
ord_04336,cust_0251,processing,2024-05-15,2024-06-11,2024-06-08
ord_04337,cust_0443,processing,2024-09-22,2024-10-11,2024-10-15
ord_04338,cust_0355,canceled,2024-06-27,2024-07-21,2024-07-10
ord_04339,cust_0095,shipped,2024-12-07,2024-12-26,2024-12-25
ord_04340,cust_0474,delivered,2024-11-22,2024-12-12,2024-12-11
ord_04341,cust_0143,canceled,2024-01-21,2024-01-30,2024-01-28
ord_04342,cust_0418,canceled,2024-04-30,2024-05-15,2024-05-09
ord_04343,cust_0178,shipped,2024-02-26,2024-03-14,2024-03-06
ord_04344,cust_0461,delivered,2024-04-17,2024-05-17,2024-05-12
ord_04345,cust_0330,shipped,2024-01-12,2024-02-08,2024-01-23
ord_04346,cust_0340,delivered,2024-10-27,2024-11-22,2024-11-14
ord_04347,cust_0245,canceled,2024-02-17,2024-02-29,2024-03-01
ord_04348,cust_0099,delivered,2024-11-30,2024-12-30,2024-12-23
ord_04349,cust_0467,delivered,2024-11-09,2024-12-08,2024-11-22
ord_04350,cust_0043,shipped,2024-10-22,2024-11-07,2024-11-13
ord_04351,cust_0048,delivered,2024-12-17,2025-01-07,2025-01-08
ord_04352,cust_0325,shipped,2024-03-15,2024-03-30,2024-03-23
ord_04353,cust_0081,delivered,2024-03-18,2024-03-24,2024-03-31
ord_04354,cust_0210,processing,2024-12-17,2025-01-11,2025-01-07
ord_04355,cust_0059,delivered,2024-12-04,2024-12-11,2024-12-12
ord_04356,cust_0207,delivered,2024-02-29,2024-03-06,2024-03-19
ord_04357,cust_0062,delivered,2024-03-07,2024-03-15,2024-03-15
ord_04358,cust_0339,processing,2024-08-16,2024-08-23,2024-09-02
ord_04359,cust_0019,canceled,2024-05-07,2024-05-16,2024-05-20
ord_04360,cust_0195,canceled,2024-10-19,2024-10-28,2024-11-08
ord_04361,cust_0339,shipped,2024-04-16,2024-05-06,2024-04-23
ord_04362,cust_0398,delivered,2024-08-21,2024-09-13,2024-09-06
ord_04363,cust_0091,delivered,2024-03-17,2024-04-13,2024-04-02
ord_04364,cust_0405,processing,2024-02-16,2024-02-28,2024-02-23
ord_04365,cust_0473,canceled,2024-11-16,2024-12-05,2024-11-27
ord_04366,cust_0069,shipped,2024-01-05,2024-01-26,2024-01-22
ord_04367,cust_0066,delivered,2024-11-01,2024-11-13,2024-11-20
ord_04368,cust_0496,canceled,2024-10-29,2024-11-07,2024-11-16
ord_04369,cust_0415,delivered,2024-07-13,2024-08-11,2024-07-22
ord_04370,cust_0306,canceled,2024-04-19,2024-05-14,2024-05-14
ord_04371,cust_0255,delivered,2024-03-06,2024-04-02,2024-03-31
ord_04372,cust_0061,shipped,2024-02-19,2024-02-29,2024-03-11
ord_04373,cust_0479,canceled,2024-05-21,2024-05-30,2024-06-10
ord_04374,cust_0188,processing,2024-10-08,2024-10-21,2024-11-01
ord_04375,cust_0109,delivered,2024-06-06,2024-07-03,2024-06-17
ord_04376,cust_0014,shipped,2024-05-12,2024-05-17,2024-05-23
ord_04377,cust_0064,canceled,2024-09-03,2024-09-07,2024-09-23
ord_04378,cust_0119,processing,2024-11-10,2024-11-18,2024-12-02
ord_04379,cust_0307,delivered,2024-05-22,2024-05-26,2024-06-03
ord_04380,cust_0221,processing,2024-08-14,2024-09-09,2024-08-23
ord_04381,cust_0117,shipped,2024-10-29,2024-11-01,2024-11-18
ord_04382,cust_0272,delivered,2024-03-05,2024-04-04,2024-03-21
ord_04383,cust_0488,shipped,2024-06-24,2024-07-07,2024-07-09
ord_04384,cust_0114,canceled,2024-12-16,2025-01-08,2024-12-23
ord_04385,cust_0064,delivered,2024-01-17,2024-01-27,2024-01-25
ord_04386,cust_0490,processing,2024-11-11,2024-11-25,2024-11-30
ord_04387,cust_0189,processing,2024-10-15,2024-11-11,2024-11-05
ord_04388,cust_0190,processing,2024-06-06,2024-06-28,2024-06-15
ord_04389,cust_0191,canceled,2024-10-29,2024-11-22,2024-11-16
ord_04390,cust_0485,shipped,2024-08-05,2024-09-03,2024-08-17
ord_04391,cust_0071,canceled,2024-05-08,2024-05-26,2024-05-18
ord_04392,cust_0057,delivered,2024-08-24,2024-09-09,2024-08-31
ord_04393,cust_0409,delivered,2024-10-11,2024-10-15,2024-10-21
ord_04394,cust_0413,processing,2024-01-20,2024-01-29,2024-01-27
ord_04395,cust_0231,processing,2024-10-10,2024-10-20,2024-10-20
ord_04396,cust_0251,shipped,2024-05-21,2024-06-17,2024-05-30
ord_04397,cust_0279,delivered,2024-08-04,2024-08-23,2024-08-12
ord_04398,cust_0230,delivered,2024-09-21,2024-09-27,2024-10-09
ord_04399,cust_0445,delivered,2024-03-16,2024-04-06,2024-03-23
ord_04400,cust_0238,delivered,2024-06-24,2024-07-19,2024-07-02
ord_04401,cust_0210,processing,2024-04-10,2024-04-29,2024-04-18
ord_04402,cust_0237,shipped,2024-02-22,2024-03-03,2024-03-01
ord_04403,cust_0417,canceled,2024-06-19,2024-06-24,2024-06-27
ord_04404,cust_0252,canceled,2024-07-03,2024-07-22,2024-07-18
ord_04405,cust_0090,delivered,2024-04-12,2024-05-10,2024-05-01
ord_04406,cust_0009,processing,2024-12-26,2025-01-04,2025-01-02
ord_04407,cust_0441,canceled,2024-04-03,2024-04-17,2024-04-27
ord_04408,cust_0306,canceled,2024-08-16,2024-09-01,2024-09-05
ord_04409,cust_0062,delivered,2024-09-11,2024-09-14,2024-09-24
ord_04410,cust_0311,processing,2024-06-19,2024-06-28,2024-07-02
ord_04411,cust_0473,canceled,2024-03-21,2024-04-19,2024-04-11
ord_04412,cust_0422,shipped,2024-08-11,2024-08-26,2024-08-31
ord_04413,cust_0033,shipped,2024-02-10,2024-02-24,2024-03-06
ord_04414,cust_0010,delivered,2024-03-11,2024-04-05,2024-04-02
ord_04415,cust_0213,processing,2024-01-30,2024-02-10,2024-02-18
ord_04416,cust_0321,delivered,2024-02-21,2024-03-04,2024-03-09
ord_04417,cust_0026,processing,2024-02-04,2024-03-03,2024-02-14
ord_04418,cust_0064,canceled,2024-10-28,2024-11-15,2024-11-18
ord_04419,cust_0300,shipped,2024-01-20,2024-01-23,2024-02-04
ord_04420,cust_0035,canceled,2024-10-05,2024-11-01,2024-10-29
ord_04421,cust_0128,delivered,2024-10-20,2024-10-23,2024-11-06
ord_04422,cust_0022,canceled,2024-06-11,2024-07-09,2024-06-23
ord_04423,cust_0020,canceled,2024-11-08,2024-11-30,2024-12-01
ord_04424,cust_0476,processing,2024-11-27,2024-12-26,2024-12-19
ord_04425,cust_0328,shipped,2024-11-06,2024-11-25,2024-11-28
ord_04426,cust_0238,processing,2024-11-27,2024-12-02,2024-12-10
ord_04427,cust_0196,canceled,2024-12-16,2024-12-22,2025-01-05
ord_04428,cust_0490,delivered,2024-02-22,2024-03-09,2024-03-12
ord_04429,cust_0147,delivered,2024-03-17,2024-03-26,2024-04-08
ord_04430,cust_0137,shipped,2024-09-05,2024-09-23,2024-09-30
ord_04431,cust_0391,canceled,2024-04-29,2024-05-28,2024-05-11
ord_04432,cust_0378,canceled,2024-08-11,2024-08-19,2024-08-24
ord_04433,cust_0313,processing,2024-10-25,2024-11-15,2024-11-04
ord_04434,cust_0085,processing,2024-01-08,2024-01-13,2024-01-23
ord_04435,cust_0110,processing,2024-12-04,2024-12-11,2024-12-11
ord_04436,cust_0420,shipped,2024-01-27,2024-02-15,2024-02-17
ord_04437,cust_0029,shipped,2024-02-24,2024-02-29,2024-03-15
ord_04438,cust_0323,canceled,2024-12-04,2024-12-28,2024-12-11
ord_04439,cust_0484,delivered,2024-02-18,2024-03-19,2024-03-13
ord_04440,cust_0263,processing,2024-04-30,2024-05-14,2024-05-25
ord_04441,cust_0500,processing,2024-03-16,2024-03-22,2024-03-25
ord_04442,cust_0258,canceled,2024-01-12,2024-02-07,2024-02-05
ord_04443,cust_0418,delivered,2024-12-04,2024-12-23,2024-12-11
ord_04444,cust_0156,shipped,2024-10-06,2024-10-21,2024-10-21
ord_04445,cust_0232,canceled,2024-03-23,2024-04-19,2024-04-02
ord_04446,cust_0293,processing,2024-09-24,2024-10-13,2024-10-08
ord_04447,cust_0478,delivered,2024-09-16,2024-09-30,2024-10-07
ord_04448,cust_0416,delivered,2024-10-03,2024-10-11,2024-10-11
ord_04449,cust_0215,processing,2024-05-12,2024-06-01,2024-05-20
ord_04450,cust_0425,shipped,2024-06-12,2024-06-30,2024-06-21
ord_04451,cust_0044,canceled,2024-04-06,2024-04-21,2024-05-01
ord_04452,cust_0392,delivered,2024-10-31,2024-11-15,2024-11-09
ord_04453,cust_0346,canceled,2024-03-21,2024-04-09,2024-04-12
ord_04454,cust_0287,shipped,2024-03-25,2024-04-16,2024-04-14
ord_04455,cust_0297,processing,2024-08-25,2024-09-20,2024-09-13
ord_04456,cust_0137,delivered,2024-12-06,2024-12-29,2024-12-14
ord_04457,cust_0366,delivered,2024-10-28,2024-11-11,2024-11-11
ord_04458,cust_0405,processing,2024-05-12,2024-06-09,2024-05-21
ord_04459,cust_0023,processing,2024-02-27,2024-03-12,2024-03-18
ord_04460,cust_0091,processing,2024-10-09,2024-11-01,2024-10-23
ord_04461,cust_0286,shipped,2024-05-25,2024-06-18,2024-06-18
ord_04462,cust_0182,delivered,2024-06-19,2024-07-15,2024-07-08
ord_04463,cust_0094,canceled,2024-08-23,2024-09-13,2024-09-11
ord_04464,cust_0360,canceled,2024-11-23,2024-11-27,2024-12-13
ord_04465,cust_0280,shipped,2024-11-08,2024-11-23,2024-11-27
ord_04466,cust_0014,canceled,2024-05-15,2024-06-06,2024-06-04
ord_04467,cust_0078,delivered,2024-08-19,2024-09-07,2024-09-04
ord_04468,cust_0288,canceled,2024-08-15,2024-08-18,2024-08-26
ord_04469,cust_0082,canceled,2024-02-22,2024-03-08,2024-03-04
ord_04470,cust_0423,processing,2024-10-23,2024-11-19,2024-11-06
ord_04471,cust_0065,delivered,2024-05-20,2024-06-09,2024-06-13
ord_04472,cust_0137,processing,2024-09-14,2024-10-05,2024-09-28
ord_04473,cust_0117,delivered,2024-09-29,2024-10-24,2024-10-22
ord_04474,cust_0203,processing,2024-08-11,2024-08-18,2024-08-26
ord_04475,cust_0228,delivered,2024-03-18,2024-04-14,2024-04-10
ord_04476,cust_0046,canceled,2024-08-05,2024-08-08,2024-08-14
ord_04477,cust_0301,shipped,2024-02-07,2024-02-16,2024-02-17
ord_04478,cust_0421,shipped,2024-07-02,2024-07-26,2024-07-14
ord_04479,cust_0110,processing,2024-07-27,2024-08-02,2024-08-10
ord_04480,cust_0096,shipped,2024-07-27,2024-07-30,2024-08-13
ord_04481,cust_0285,delivered,2024-01-23,2024-02-03,2024-02-09
ord_04482,cust_0466,shipped,2024-07-24,2024-08-06,2024-07-31
ord_04483,cust_0254,shipped,2024-07-03,2024-07-14,2024-07-19
ord_04484,cust_0220,canceled,2024-05-14,2024-05-20,2024-05-24
ord_04485,cust_0357,canceled,2024-11-28,2024-12-02,2024-12-11
ord_04486,cust_0214,processing,2024-05-20,2024-05-23,2024-06-14
ord_04487,cust_0460,delivered,2024-02-02,2024-02-20,2024-02-24
ord_04488,cust_0305,delivered,2024-09-21,2024-09-28,2024-10-06
ord_04489,cust_0444,processing,2024-10-06,2024-10-26,2024-10-13
ord_04490,cust_0075,delivered,2024-08-24,2024-09-22,2024-09-17
ord_04491,cust_0139,processing,2024-05-19,2024-05-24,2024-06-09
ord_04492,cust_0404,shipped,2024-09-21,2024-10-21,2024-10-01
ord_04493,cust_0471,processing,2024-06-16,2024-07-08,2024-06-28
ord_04494,cust_0280,processing,2024-11-16,2024-12-01,2024-12-01
ord_04495,cust_0317,shipped,2024-11-11,2024-12-05,2024-12-05
ord_04496,cust_0357,processing,2024-12-23,2025-01-13,2025-01-11
ord_04497,cust_0291,canceled,2024-06-08,2024-06-27,2024-06-27
ord_04498,cust_0168,canceled,2024-12-18,2025-01-17,2024-12-27
ord_04499,cust_0412,delivered,2024-10-28,2024-11-08,2024-11-14
ord_04500,cust_0370,shipped,2024-02-26,2024-03-03,2024-03-08
ord_04501,cust_0185,shipped,2024-01-30,2024-02-29,2024-02-21
ord_04502,cust_0180,delivered,2024-12-22,2025-01-06,2024-12-30
ord_04503,cust_0217,delivered,2024-02-06,2024-02-24,2024-02-15
ord_04504,cust_0386,processing,2024-04-26,2024-05-25,2024-05-20
ord_04505,cust_0128,processing,2024-04-16,2024-05-02,2024-05-03
ord_04506,cust_0052,canceled,2024-12-29,2025-01-21,2025-01-09
ord_04507,cust_0195,processing,2024-06-16,2024-06-30,2024-06-24
ord_04508,cust_0305,canceled,2024-01-04,2024-01-08,2024-01-11
ord_04509,cust_0498,canceled,2024-03-10,2024-03-22,2024-04-02
ord_04510,cust_0472,processing,2024-04-01,2024-04-05,2024-04-17
ord_04511,cust_0403,processing,2024-07-11,2024-08-04,2024-07-26
ord_04512,cust_0026,canceled,2024-08-08,2024-08-26,2024-08-28
ord_04513,cust_0008,canceled,2024-08-11,2024-08-22,2024-08-23
ord_04514,cust_0251,processing,2024-06-10,2024-06-26,2024-06-28
ord_04515,cust_0293,processing,2024-06-23,2024-07-13,2024-06-30
ord_04516,cust_0494,shipped,2024-06-06,2024-07-03,2024-06-23
ord_04517,cust_0413,delivered,2024-04-08,2024-05-06,2024-05-01
ord_04518,cust_0439,canceled,2024-08-05,2024-08-12,2024-08-19
ord_04519,cust_0449,processing,2024-05-12,2024-06-09,2024-05-31
ord_04520,cust_0395,processing,2024-03-07,2024-04-06,2024-03-19
ord_04521,cust_0028,delivered,2024-06-21,2024-07-16,2024-07-07
ord_04522,cust_0310,canceled,2024-07-22,2024-08-14,2024-08-08
ord_04523,cust_0356,processing,2024-04-27,2024-05-01,2024-05-04
ord_04524,cust_0061,shipped,2024-03-23,2024-04-22,2024-04-04
ord_04525,cust_0494,processing,2024-03-18,2024-03-30,2024-03-30
ord_04526,cust_0160,processing,2024-08-07,2024-08-25,2024-08-29
ord_04527,cust_0314,delivered,2024-03-09,2024-04-05,2024-03-26
ord_04528,cust_0041,shipped,2024-07-18,2024-07-21,2024-07-28
ord_04529,cust_0048,canceled,2024-05-23,2024-06-17,2024-06-02
ord_04530,cust_0274,processing,2024-09-14,2024-10-13,2024-09-29
ord_04531,cust_0008,delivered,2024-01-31,2024-02-03,2024-02-24
ord_04532,cust_0203,processing,2024-08-30,2024-09-20,2024-09-22
ord_04533,cust_0066,shipped,2024-12-30,2025-01-17,2025-01-23
ord_04534,cust_0305,canceled,2024-02-10,2024-02-18,2024-03-06
ord_04535,cust_0477,canceled,2024-08-15,2024-09-12,2024-08-22
ord_04536,cust_0406,canceled,2024-08-16,2024-08-23,2024-09-05
ord_04537,cust_0039,shipped,2024-03-25,2024-04-17,2024-04-14
ord_04538,cust_0105,canceled,2024-02-26,2024-03-05,2024-03-05
ord_04539,cust_0176,shipped,2024-04-27,2024-05-23,2024-05-19
ord_04540,cust_0374,processing,2024-08-08,2024-08-22,2024-09-02
ord_04541,cust_0284,canceled,2024-09-29,2024-10-03,2024-10-20
ord_04542,cust_0136,shipped,2024-11-21,2024-11-29,2024-12-09
ord_04543,cust_0344,shipped,2024-06-07,2024-06-14,2024-06-17
ord_04544,cust_0186,canceled,2024-09-14,2024-09-27,2024-09-29
ord_04545,cust_0131,canceled,2024-01-25,2024-01-29,2024-02-14
ord_04546,cust_0334,processing,2024-11-30,2024-12-14,2024-12-16
ord_04547,cust_0446,shipped,2024-06-22,2024-07-18,2024-07-03
ord_04548,cust_0484,shipped,2024-02-09,2024-02-15,2024-02-20
ord_04549,cust_0147,processing,2024-03-19,2024-04-13,2024-04-09
ord_04550,cust_0231,processing,2024-12-15,2025-01-06,2024-12-24
ord_04551,cust_0125,canceled,2024-07-22,2024-08-18,2024-08-04
ord_04552,cust_0251,shipped,2024-11-26,2024-12-19,2024-12-08
ord_04553,cust_0276,processing,2024-01-16,2024-01-25,2024-02-09
ord_04554,cust_0460,processing,2024-12-16,2024-12-24,2024-12-25
ord_04555,cust_0336,delivered,2024-06-30,2024-07-25,2024-07-07
ord_04556,cust_0493,shipped,2024-02-04,2024-02-26,2024-02-23
ord_04557,cust_0366,shipped,2024-01-22,2024-02-02,2024-02-08
ord_04558,cust_0167,shipped,2024-01-17,2024-02-01,2024-01-31
ord_04559,cust_0170,shipped,2024-05-16,2024-06-07,2024-05-30
ord_04560,cust_0440,delivered,2024-06-05,2024-06-08,2024-06-13
ord_04561,cust_0226,processing,2024-09-20,2024-09-25,2024-10-09
ord_04562,cust_0464,delivered,2024-09-15,2024-09-27,2024-10-08
ord_04563,cust_0143,canceled,2024-08-05,2024-08-19,2024-08-17
ord_04564,cust_0134,canceled,2024-05-10,2024-06-03,2024-05-28
ord_04565,cust_0108,canceled,2024-08-06,2024-08-10,2024-08-30
ord_04566,cust_0309,shipped,2024-12-18,2024-12-23,2025-01-09
ord_04567,cust_0055,delivered,2024-08-18,2024-09-12,2024-09-11
ord_04568,cust_0124,delivered,2024-11-24,2024-12-18,2024-12-11
ord_04569,cust_0492,canceled,2024-03-16,2024-04-05,2024-04-06
ord_04570,cust_0412,processing,2024-10-02,2024-10-28,2024-10-21
ord_04571,cust_0398,shipped,2024-10-27,2024-11-15,2024-11-19
ord_04572,cust_0157,canceled,2024-12-19,2025-01-10,2024-12-27
ord_04573,cust_0429,processing,2024-09-03,2024-09-24,2024-09-14
ord_04574,cust_0349,shipped,2024-02-23,2024-03-05,2024-03-15
ord_04575,cust_0019,delivered,2024-05-09,2024-05-24,2024-05-23
ord_04576,cust_0364,canceled,2024-11-02,2024-11-22,2024-11-21
ord_04577,cust_0464,shipped,2024-03-30,2024-04-10,2024-04-10
ord_04578,cust_0304,processing,2024-10-12,2024-11-04,2024-10-26
ord_04579,cust_0122,delivered,2024-03-24,2024-04-12,2024-04-07
ord_04580,cust_0256,delivered,2024-03-18,2024-03-24,2024-04-11
ord_04581,cust_0484,shipped,2024-07-19,2024-08-17,2024-07-31
ord_04582,cust_0474,delivered,2024-03-29,2024-04-17,2024-04-21
ord_04583,cust_0474,shipped,2024-12-30,2025-01-20,2025-01-23
ord_04584,cust_0023,delivered,2024-03-26,2024-04-02,2024-04-05
ord_04585,cust_0090,delivered,2024-01-08,2024-01-16,2024-01-22
ord_04586,cust_0198,processing,2024-01-09,2024-01-14,2024-02-01
ord_04587,cust_0024,delivered,2024-08-10,2024-08-25,2024-08-20
ord_04588,cust_0471,processing,2024-09-17,2024-10-16,2024-10-11
ord_04589,cust_0281,delivered,2024-07-16,2024-07-22,2024-07-23
ord_04590,cust_0197,delivered,2024-05-31,2024-06-09,2024-06-18
ord_04591,cust_0460,canceled,2024-05-27,2024-05-31,2024-06-10
ord_04592,cust_0329,delivered,2024-06-12,2024-07-05,2024-06-26
ord_04593,cust_0403,processing,2024-10-28,2024-11-16,2024-11-05
ord_04594,cust_0329,shipped,2024-05-21,2024-06-06,2024-06-14
ord_04595,cust_0210,canceled,2024-04-09,2024-04-22,2024-04-25
ord_04596,cust_0018,delivered,2024-12-12,2025-01-09,2024-12-22
ord_04597,cust_0235,processing,2024-04-11,2024-05-07,2024-04-18
ord_04598,cust_0419,canceled,2024-04-03,2024-04-06,2024-04-21
ord_04599,cust_0195,processing,2024-06-17,2024-07-13,2024-07-12
ord_04600,cust_0463,delivered,2024-02-08,2024-02-21,2024-02-15
ord_04601,cust_0217,canceled,2024-08-11,2024-08-27,2024-08-30
ord_04602,cust_0464,processing,2024-02-17,2024-02-22,2024-02-24
ord_04603,cust_0363,delivered,2024-07-08,2024-07-20,2024-07-17
ord_04604,cust_0145,delivered,2024-12-26,2025-01-24,2025-01-09
ord_04605,cust_0052,processing,2024-08-16,2024-09-05,2024-09-02
ord_04606,cust_0138,processing,2024-11-10,2024-12-09,2024-12-05
ord_04607,cust_0189,shipped,2024-01-22,2024-02-10,2024-01-29
ord_04608,cust_0104,canceled,2024-08-08,2024-08-24,2024-09-01
ord_04609,cust_0274,processing,2024-10-10,2024-10-17,2024-10-29
ord_04610,cust_0402,delivered,2024-03-22,2024-04-06,2024-04-12
ord_04611,cust_0222,delivered,2024-09-27,2024-10-07,2024-10-21
ord_04612,cust_0401,delivered,2024-08-29,2024-09-17,2024-09-20
ord_04613,cust_0412,processing,2024-07-05,2024-07-08,2024-07-23
ord_04614,cust_0433,delivered,2024-04-02,2024-04-16,2024-04-23
ord_04615,cust_0012,shipped,2024-10-18,2024-11-04,2024-11-06
ord_04616,cust_0068,processing,2024-03-05,2024-03-08,2024-03-14
ord_04617,cust_0233,shipped,2024-12-25,2025-01-21,2025-01-12
ord_04618,cust_0041,delivered,2024-07-13,2024-07-16,2024-07-29
ord_04619,cust_0482,delivered,2024-10-19,2024-11-02,2024-10-30
ord_04620,cust_0262,canceled,2024-08-24,2024-09-07,2024-09-10
ord_04621,cust_0234,canceled,2024-03-01,2024-03-18,2024-03-23
ord_04622,cust_0250,canceled,2024-12-27,2025-01-01,2025-01-07
ord_04623,cust_0402,delivered,2024-07-16,2024-08-07,2024-07-28
ord_04624,cust_0075,canceled,2024-02-19,2024-03-10,2024-03-14
ord_04625,cust_0207,shipped,2024-02-17,2024-03-10,2024-03-13
ord_04626,cust_0084,shipped,2024-08-11,2024-08-22,2024-08-23
ord_04627,cust_0263,delivered,2024-11-04,2024-11-22,2024-11-21
ord_04628,cust_0370,canceled,2024-08-18,2024-08-22,2024-09-02
ord_04629,cust_0422,canceled,2024-05-16,2024-05-23,2024-05-26
ord_04630,cust_0249,delivered,2024-12-14,2024-12-26,2025-01-01
ord_04631,cust_0065,delivered,2024-06-12,2024-06-28,2024-07-05
ord_04632,cust_0433,canceled,2024-10-22,2024-10-29,2024-11-02
ord_04633,cust_0364,delivered,2024-09-11,2024-10-10,2024-09-18
ord_04634,cust_0113,canceled,2024-01-26,2024-01-31,2024-02-14
ord_04635,cust_0236,shipped,2024-07-28,2024-08-08,2024-08-05
ord_04636,cust_0143,processing,2024-04-18,2024-05-17,2024-04-29
ord_04637,cust_0471,canceled,2024-03-31,2024-04-19,2024-04-12
ord_04638,cust_0046,processing,2024-05-23,2024-05-26,2024-05-31
ord_04639,cust_0094,shipped,2024-09-23,2024-10-16,2024-10-16
ord_04640,cust_0124,delivered,2024-12-18,2024-12-29,2025-01-08
ord_04641,cust_0200,canceled,2024-03-10,2024-03-26,2024-03-19
ord_04642,cust_0031,canceled,2024-01-04,2024-01-22,2024-01-13
ord_04643,cust_0047,delivered,2024-10-14,2024-11-06,2024-10-22
ord_04644,cust_0313,shipped,2024-10-21,2024-11-04,2024-10-28
ord_04645,cust_0418,delivered,2024-08-25,2024-09-22,2024-09-04
ord_04646,cust_0042,delivered,2024-06-10,2024-06-18,2024-06-30
ord_04647,cust_0028,shipped,2024-07-04,2024-07-14,2024-07-25
ord_04648,cust_0237,delivered,2024-04-12,2024-04-16,2024-04-20
ord_04649,cust_0349,delivered,2024-08-08,2024-08-29,2024-08-25
ord_04650,cust_0464,delivered,2024-01-03,2024-01-21,2024-01-18
ord_04651,cust_0288,canceled,2024-09-15,2024-10-06,2024-10-01
ord_04652,cust_0416,shipped,2024-12-23,2025-01-04,2025-01-06
ord_04653,cust_0212,shipped,2024-10-17,2024-11-05,2024-11-07
ord_04654,cust_0305,canceled,2024-07-30,2024-08-13,2024-08-10
ord_04655,cust_0212,delivered,2024-05-22,2024-06-09,2024-06-01
ord_04656,cust_0474,shipped,2024-11-15,2024-12-13,2024-12-08
ord_04657,cust_0416,delivered,2024-08-30,2024-09-08,2024-09-15
ord_04658,cust_0019,canceled,2024-04-19,2024-05-16,2024-04-28
ord_04659,cust_0181,processing,2024-06-19,2024-06-23,2024-06-30
ord_04660,cust_0036,processing,2024-04-23,2024-05-17,2024-05-05
ord_04661,cust_0225,canceled,2024-05-31,2024-06-09,2024-06-18
ord_04662,cust_0173,shipped,2024-09-25,2024-10-22,2024-10-09
ord_04663,cust_0208,canceled,2024-08-03,2024-08-22,2024-08-11
ord_04664,cust_0382,processing,2024-10-06,2024-10-22,2024-10-14
ord_04665,cust_0281,shipped,2024-08-17,2024-08-26,2024-09-11
ord_04666,cust_0258,shipped,2024-05-08,2024-05-20,2024-06-01
ord_04667,cust_0163,shipped,2024-10-07,2024-10-19,2024-10-19
ord_04668,cust_0208,shipped,2024-07-14,2024-08-11,2024-07-30
ord_04669,cust_0172,delivered,2024-10-03,2024-10-07,2024-10-20
ord_04670,cust_0475,canceled,2024-08-16,2024-09-14,2024-09-06
ord_04671,cust_0185,processing,2024-12-26,2024-12-30,2025-01-14
ord_04672,cust_0041,canceled,2024-11-13,2024-11-26,2024-12-01
ord_04673,cust_0290,shipped,2024-07-22,2024-07-30,2024-08-04
ord_04674,cust_0277,canceled,2024-01-05,2024-01-27,2024-01-13
ord_04675,cust_0253,canceled,2024-06-15,2024-06-21,2024-06-23
ord_04676,cust_0456,shipped,2024-01-15,2024-02-08,2024-01-25
ord_04677,cust_0237,processing,2024-02-21,2024-02-26,2024-03-02
ord_04678,cust_0073,canceled,2024-02-18,2024-03-11,2024-02-25
ord_04679,cust_0350,processing,2024-05-31,2024-06-25,2024-06-21
ord_04680,cust_0087,delivered,2024-01-28,2024-02-21,2024-02-09
ord_04681,cust_0471,shipped,2024-07-26,2024-08-20,2024-08-13
ord_04682,cust_0358,delivered,2024-06-10,2024-07-09,2024-06-25
ord_04683,cust_0458,delivered,2024-12-15,2024-12-23,2024-12-22
ord_04684,cust_0225,canceled,2024-12-07,2024-12-14,2024-12-19
ord_04685,cust_0006,shipped,2024-10-16,2024-10-30,2024-10-24
ord_04686,cust_0041,canceled,2024-08-01,2024-08-28,2024-08-09
ord_04687,cust_0442,shipped,2024-02-26,2024-03-10,2024-03-10
ord_04688,cust_0133,processing,2024-06-26,2024-07-24,2024-07-21
ord_04689,cust_0017,processing,2024-11-20,2024-12-12,2024-12-07
ord_04690,cust_0052,processing,2024-05-24,2024-05-28,2024-06-15
ord_04691,cust_0238,delivered,2024-12-26,2025-01-04,2025-01-06
ord_04692,cust_0346,canceled,2024-06-30,2024-07-25,2024-07-25
ord_04693,cust_0342,delivered,2024-11-25,2024-11-28,2024-12-09
ord_04694,cust_0148,shipped,2024-01-25,2024-01-28,2024-02-13
ord_04695,cust_0105,delivered,2024-06-04,2024-07-01,2024-06-11
ord_04696,cust_0065,delivered,2024-01-02,2024-01-13,2024-01-20
ord_04697,cust_0260,canceled,2024-04-19,2024-05-05,2024-04-27
ord_04698,cust_0154,delivered,2024-02-02,2024-02-07,2024-02-26
ord_04699,cust_0451,shipped,2024-04-23,2024-05-16,2024-05-10
ord_04700,cust_0390,shipped,2024-10-06,2024-10-20,2024-10-24
ord_04701,cust_0175,shipped,2024-07-10,2024-08-03,2024-08-04
ord_04702,cust_0037,delivered,2024-01-24,2024-02-07,2024-02-12
ord_04703,cust_0292,delivered,2024-01-31,2024-02-16,2024-02-22
ord_04704,cust_0293,processing,2024-11-25,2024-11-28,2024-12-14
ord_04705,cust_0280,processing,2024-10-07,2024-10-11,2024-10-16
ord_04706,cust_0023,shipped,2024-08-12,2024-08-30,2024-08-27
ord_04707,cust_0356,shipped,2024-09-02,2024-09-21,2024-09-17
ord_04708,cust_0292,canceled,2024-04-21,2024-05-15,2024-05-04
ord_04709,cust_0442,shipped,2024-06-06,2024-06-27,2024-06-24
ord_04710,cust_0252,processing,2024-01-11,2024-01-14,2024-01-30
ord_04711,cust_0172,canceled,2024-07-12,2024-08-08,2024-07-24
ord_04712,cust_0325,canceled,2024-01-05,2024-01-14,2024-01-17
ord_04713,cust_0109,processing,2024-01-06,2024-01-11,2024-01-28
ord_04714,cust_0461,processing,2024-06-09,2024-06-20,2024-06-20
ord_04715,cust_0236,canceled,2024-04-04,2024-04-16,2024-04-14
ord_04716,cust_0322,shipped,2024-04-04,2024-04-25,2024-04-12
ord_04717,cust_0113,shipped,2024-12-04,2024-12-25,2024-12-15
ord_04718,cust_0036,delivered,2024-06-06,2024-06-19,2024-06-16
ord_04719,cust_0330,processing,2024-01-17,2024-02-07,2024-01-25
ord_04720,cust_0126,delivered,2024-12-12,2024-12-16,2024-12-30
ord_04721,cust_0285,processing,2024-11-22,2024-12-19,2024-12-16
ord_04722,cust_0008,shipped,2024-09-18,2024-09-29,2024-10-02
ord_04723,cust_0202,processing,2024-02-29,2024-03-05,2024-03-19
ord_04724,cust_0316,delivered,2024-04-22,2024-05-20,2024-05-03
ord_04725,cust_0491,processing,2024-05-24,2024-06-17,2024-06-10
ord_04726,cust_0285,processing,2024-06-20,2024-07-17,2024-07-15
ord_04727,cust_0441,shipped,2024-06-14,2024-07-14,2024-07-09
ord_04728,cust_0378,processing,2024-02-14,2024-02-22,2024-03-10
ord_04729,cust_0024,shipped,2024-06-08,2024-06-16,2024-06-27
ord_04730,cust_0409,delivered,2024-05-03,2024-05-19,2024-05-15
ord_04731,cust_0190,canceled,2024-12-21,2024-12-28,2025-01-11
ord_04732,cust_0131,processing,2024-09-23,2024-10-01,2024-10-02
ord_04733,cust_0001,processing,2024-08-25,2024-08-28,2024-09-05
ord_04734,cust_0432,shipped,2024-02-28,2024-03-04,2024-03-17
ord_04735,cust_0004,shipped,2024-04-25,2024-05-20,2024-05-19
ord_04736,cust_0051,shipped,2024-04-06,2024-04-22,2024-04-18
ord_04737,cust_0403,delivered,2024-02-04,2024-02-18,2024-02-27
ord_04738,cust_0371,delivered,2024-09-24,2024-10-15,2024-10-16
ord_04739,cust_0049,processing,2024-12-17,2024-12-31,2025-01-11
ord_04740,cust_0258,processing,2024-02-24,2024-03-22,2024-03-05
ord_04741,cust_0171,delivered,2024-04-18,2024-05-08,2024-05-06
ord_04742,cust_0384,processing,2024-10-28,2024-11-10,2024-11-22
ord_04743,cust_0361,delivered,2024-12-19,2025-01-06,2024-12-31
ord_04744,cust_0023,delivered,2024-07-14,2024-08-03,2024-08-06
ord_04745,cust_0274,shipped,2024-06-22,2024-07-02,2024-07-14
ord_04746,cust_0312,shipped,2024-02-04,2024-02-24,2024-02-23
ord_04747,cust_0461,shipped,2024-09-17,2024-10-08,2024-10-09
ord_04748,cust_0493,canceled,2024-09-17,2024-09-28,2024-10-04
ord_04749,cust_0264,shipped,2024-01-28,2024-02-21,2024-02-07
ord_04750,cust_0084,delivered,2024-03-27,2024-04-22,2024-04-18
ord_04751,cust_0110,canceled,2024-01-28,2024-02-05,2024-02-21
ord_04752,cust_0070,shipped,2024-10-01,2024-10-08,2024-10-15
ord_04753,cust_0143,canceled,2024-01-31,2024-02-11,2024-02-09
ord_04754,cust_0375,shipped,2024-09-06,2024-09-17,2024-09-19
ord_04755,cust_0034,processing,2024-09-25,2024-10-21,2024-10-05
ord_04756,cust_0359,delivered,2024-07-03,2024-07-24,2024-07-16
ord_04757,cust_0066,delivered,2024-12-10,2024-12-17,2024-12-17
ord_04758,cust_0142,shipped,2024-11-20,2024-11-29,2024-11-28
ord_04759,cust_0067,processing,2024-04-22,2024-05-22,2024-05-03
ord_04760,cust_0357,delivered,2024-09-11,2024-09-25,2024-09-22
ord_04761,cust_0022,shipped,2024-05-04,2024-05-18,2024-05-17
ord_04762,cust_0172,delivered,2024-09-14,2024-09-19,2024-10-04
ord_04763,cust_0101,delivered,2024-07-27,2024-08-07,2024-08-15
ord_04764,cust_0177,shipped,2024-12-15,2025-01-13,2024-12-23
ord_04765,cust_0183,processing,2024-08-13,2024-08-30,2024-09-03
ord_04766,cust_0115,shipped,2024-10-26,2024-11-01,2024-11-19
ord_04767,cust_0334,shipped,2024-02-06,2024-03-01,2024-02-13
ord_04768,cust_0350,delivered,2024-11-02,2024-11-07,2024-11-22
ord_04769,cust_0443,delivered,2024-08-28,2024-09-09,2024-09-16
ord_04770,cust_0112,delivered,2024-03-22,2024-04-12,2024-04-14
ord_04771,cust_0432,canceled,2024-01-15,2024-01-26,2024-01-29
ord_04772,cust_0201,shipped,2024-02-04,2024-02-26,2024-02-23
ord_04773,cust_0411,shipped,2024-03-18,2024-04-08,2024-03-27
ord_04774,cust_0008,delivered,2024-03-01,2024-03-17,2024-03-23
ord_04775,cust_0454,canceled,2024-07-06,2024-07-21,2024-07-30
ord_04776,cust_0236,delivered,2024-08-01,2024-08-30,2024-08-20
ord_04777,cust_0477,shipped,2024-07-15,2024-07-25,2024-08-03
ord_04778,cust_0412,processing,2024-02-13,2024-03-05,2024-03-07
ord_04779,cust_0156,canceled,2024-07-04,2024-07-18,2024-07-12
ord_04780,cust_0226,processing,2024-05-10,2024-05-22,2024-05-18
ord_04781,cust_0310,shipped,2024-07-19,2024-07-28,2024-08-04
ord_04782,cust_0177,delivered,2024-04-25,2024-05-16,2024-05-15
ord_04783,cust_0086,processing,2024-06-03,2024-06-26,2024-06-22
ord_04784,cust_0198,shipped,2024-04-07,2024-04-14,2024-04-19
ord_04785,cust_0046,canceled,2024-08-10,2024-09-08,2024-08-20
ord_04786,cust_0403,processing,2024-03-16,2024-03-27,2024-03-29
ord_04787,cust_0482,canceled,2024-12-06,2024-12-13,2024-12-23
ord_04788,cust_0052,delivered,2024-05-16,2024-06-09,2024-05-27
ord_04789,cust_0486,delivered,2024-09-30,2024-10-26,2024-10-22
ord_04790,cust_0328,shipped,2024-11-14,2024-11-30,2024-11-25
ord_04791,cust_0337,processing,2024-06-08,2024-07-07,2024-06-17
ord_04792,cust_0287,canceled,2024-05-14,2024-05-24,2024-05-27
ord_04793,cust_0485,processing,2024-05-02,2024-05-09,2024-05-18
ord_04794,cust_0187,shipped,2024-04-05,2024-04-19,2024-04-13
ord_04795,cust_0487,shipped,2024-04-25,2024-05-05,2024-05-10
ord_04796,cust_0040,delivered,2024-01-18,2024-02-15,2024-02-01
ord_04797,cust_0435,processing,2024-12-27,2025-01-25,2025-01-14
ord_04798,cust_0369,canceled,2024-07-26,2024-07-29,2024-08-13
ord_04799,cust_0399,processing,2024-07-08,2024-08-07,2024-07-29
ord_04800,cust_0256,canceled,2024-12-19,2025-01-09,2025-01-03
ord_04801,cust_0365,canceled,2024-08-20,2024-09-04,2024-09-14
ord_04802,cust_0185,shipped,2024-11-21,2024-12-04,2024-12-04
ord_04803,cust_0242,canceled,2024-08-11,2024-08-25,2024-09-05
ord_04804,cust_0196,delivered,2024-07-20,2024-08-04,2024-08-12
ord_04805,cust_0065,delivered,2024-08-08,2024-08-17,2024-08-23
ord_04806,cust_0190,delivered,2024-03-31,2024-04-13,2024-04-16
ord_04807,cust_0294,canceled,2024-10-01,2024-10-26,2024-10-08
ord_04808,cust_0045,canceled,2024-11-12,2024-11-24,2024-12-05
ord_04809,cust_0306,shipped,2024-04-04,2024-05-01,2024-04-23
ord_04810,cust_0295,processing,2024-06-14,2024-07-12,2024-07-02
ord_04811,cust_0094,delivered,2024-07-22,2024-08-03,2024-08-12
ord_04812,cust_0446,canceled,2024-05-02,2024-05-05,2024-05-23
ord_04813,cust_0398,delivered,2024-03-10,2024-03-20,2024-03-28
ord_04814,cust_0063,canceled,2024-05-16,2024-05-24,2024-06-04
ord_04815,cust_0334,shipped,2024-01-27,2024-02-20,2024-02-11
ord_04816,cust_0482,processing,2024-05-06,2024-06-03,2024-05-18
ord_04817,cust_0454,canceled,2024-02-29,2024-03-12,2024-03-17
ord_04818,cust_0232,processing,2024-04-19,2024-05-14,2024-04-27
ord_04819,cust_0116,delivered,2024-04-22,2024-05-16,2024-05-13
ord_04820,cust_0274,delivered,2024-12-14,2024-12-17,2024-12-21
ord_04821,cust_0471,shipped,2024-09-10,2024-09-29,2024-09-28
ord_04822,cust_0189,processing,2024-03-13,2024-03-19,2024-03-22
ord_04823,cust_0163,shipped,2024-02-17,2024-03-08,2024-03-03
ord_04824,cust_0379,shipped,2024-04-17,2024-05-01,2024-05-02
ord_04825,cust_0133,canceled,2024-08-09,2024-08-28,2024-08-30
ord_04826,cust_0025,delivered,2024-12-14,2025-01-06,2025-01-05
ord_04827,cust_0446,delivered,2024-09-11,2024-09-20,2024-09-23
ord_04828,cust_0408,canceled,2024-12-20,2025-01-08,2025-01-09
ord_04829,cust_0237,processing,2024-03-16,2024-03-26,2024-04-06
ord_04830,cust_0205,canceled,2024-03-08,2024-03-29,2024-03-28
ord_04831,cust_0240,delivered,2024-07-27,2024-08-05,2024-08-09
ord_04832,cust_0331,delivered,2024-02-27,2024-03-09,2024-03-06
ord_04833,cust_0418,shipped,2024-11-18,2024-12-13,2024-12-06
ord_04834,cust_0013,canceled,2024-08-12,2024-09-01,2024-08-21
ord_04835,cust_0338,delivered,2024-06-15,2024-07-08,2024-07-08
ord_04836,cust_0248,shipped,2024-01-19,2024-01-22,2024-01-30
ord_04837,cust_0096,canceled,2024-03-06,2024-03-11,2024-03-22
ord_04838,cust_0062,processing,2024-08-25,2024-09-18,2024-09-07
ord_04839,cust_0117,delivered,2024-01-14,2024-02-05,2024-01-30
ord_04840,cust_0271,delivered,2024-04-21,2024-05-18,2024-05-10
ord_04841,cust_0102,delivered,2024-09-10,2024-09-18,2024-09-18
ord_04842,cust_0180,shipped,2024-04-11,2024-04-26,2024-04-29
ord_04843,cust_0091,delivered,2024-09-22,2024-10-19,2024-10-11
ord_04844,cust_0295,processing,2024-11-03,2024-11-26,2024-11-15
ord_04845,cust_0369,canceled,2024-05-06,2024-05-20,2024-05-17
ord_04846,cust_0466,shipped,2024-11-11,2024-11-25,2024-11-24
ord_04847,cust_0328,processing,2024-03-16,2024-03-24,2024-03-27
ord_04848,cust_0458,shipped,2024-04-26,2024-05-21,2024-05-09
ord_04849,cust_0437,processing,2024-01-01,2024-01-13,2024-01-19
ord_04850,cust_0401,canceled,2024-12-19,2025-01-13,2025-01-02
ord_04851,cust_0217,processing,2024-04-25,2024-05-02,2024-05-09
ord_04852,cust_0498,delivered,2024-02-14,2024-03-04,2024-03-03
ord_04853,cust_0465,delivered,2024-08-28,2024-09-12,2024-09-06
ord_04854,cust_0262,shipped,2024-10-09,2024-10-26,2024-10-17
ord_04855,cust_0404,delivered,2024-07-18,2024-08-09,2024-08-09
ord_04856,cust_0425,shipped,2024-09-15,2024-10-13,2024-09-27
ord_04857,cust_0008,processing,2024-07-14,2024-07-18,2024-07-24
ord_04858,cust_0052,canceled,2024-03-04,2024-03-11,2024-03-23
ord_04859,cust_0114,shipped,2024-11-26,2024-12-26,2024-12-20
ord_04860,cust_0342,processing,2024-12-27,2025-01-01,2025-01-18
ord_04861,cust_0274,canceled,2024-12-28,2025-01-24,2025-01-12
ord_04862,cust_0167,processing,2024-07-25,2024-08-12,2024-08-07
ord_04863,cust_0108,shipped,2024-05-14,2024-05-21,2024-05-25
ord_04864,cust_0488,shipped,2024-12-19,2024-12-26,2024-12-30
ord_04865,cust_0325,delivered,2024-12-30,2025-01-18,2025-01-06
ord_04866,cust_0079,canceled,2024-11-07,2024-11-19,2024-11-22
ord_04867,cust_0079,shipped,2024-10-13,2024-11-06,2024-11-07
ord_04868,cust_0208,delivered,2024-04-01,2024-04-27,2024-04-19
ord_04869,cust_0109,canceled,2024-07-12,2024-07-20,2024-07-29
ord_04870,cust_0125,processing,2024-12-01,2024-12-05,2024-12-20
ord_04871,cust_0273,delivered,2024-05-05,2024-05-10,2024-05-15
ord_04872,cust_0142,delivered,2024-05-19,2024-06-03,2024-06-10
ord_04873,cust_0343,canceled,2024-04-30,2024-05-03,2024-05-22
ord_04874,cust_0487,canceled,2024-04-27,2024-05-27,2024-05-21
ord_04875,cust_0166,shipped,2024-03-03,2024-03-26,2024-03-27
ord_04876,cust_0113,processing,2024-01-07,2024-01-31,2024-01-16
ord_04877,cust_0261,canceled,2024-03-30,2024-04-14,2024-04-07
ord_04878,cust_0293,processing,2024-12-05,2024-12-20,2024-12-19
ord_04879,cust_0033,canceled,2024-12-02,2024-12-16,2024-12-21
ord_04880,cust_0024,canceled,2024-05-21,2024-06-18,2024-06-12
ord_04881,cust_0038,shipped,2024-06-12,2024-06-23,2024-07-07
ord_04882,cust_0189,delivered,2024-11-16,2024-12-10,2024-11-25
ord_04883,cust_0037,delivered,2024-08-07,2024-09-02,2024-08-22
ord_04884,cust_0169,processing,2024-10-16,2024-11-12,2024-11-02
ord_04885,cust_0478,delivered,2024-05-19,2024-05-22,2024-06-13
ord_04886,cust_0304,shipped,2024-10-22,2024-11-17,2024-11-10
ord_04887,cust_0281,processing,2024-10-29,2024-11-11,2024-11-19
ord_04888,cust_0031,processing,2024-07-02,2024-07-30,2024-07-14
ord_04889,cust_0010,canceled,2024-01-01,2024-01-29,2024-01-12
ord_04890,cust_0342,delivered,2024-03-27,2024-04-12,2024-04-08
ord_04891,cust_0050,shipped,2024-02-06,2024-02-28,2024-02-28
ord_04892,cust_0158,delivered,2024-12-04,2024-12-09,2024-12-15
ord_04893,cust_0385,processing,2024-04-13,2024-05-04,2024-04-27
ord_04894,cust_0273,processing,2024-11-13,2024-11-28,2024-12-04
ord_04895,cust_0489,processing,2024-07-26,2024-07-30,2024-08-20
ord_04896,cust_0219,processing,2024-04-20,2024-04-25,2024-05-02
ord_04897,cust_0409,shipped,2024-09-04,2024-09-14,2024-09-13
ord_04898,cust_0346,delivered,2024-03-08,2024-03-25,2024-03-27
ord_04899,cust_0494,processing,2024-08-23,2024-09-05,2024-09-17
ord_04900,cust_0181,shipped,2024-11-28,2024-12-18,2024-12-18
ord_04901,cust_0461,canceled,2024-11-22,2024-12-01,2024-12-17
ord_04902,cust_0323,processing,2024-04-13,2024-04-19,2024-04-22
ord_04903,cust_0016,canceled,2024-06-17,2024-06-29,2024-06-30
ord_04904,cust_0075,delivered,2024-04-03,2024-04-13,2024-04-13
ord_04905,cust_0036,canceled,2024-03-22,2024-03-28,2024-04-16
ord_04906,cust_0249,processing,2024-01-13,2024-02-09,2024-01-31
ord_04907,cust_0328,processing,2024-05-19,2024-05-31,2024-06-13
ord_04908,cust_0365,delivered,2024-05-25,2024-06-12,2024-06-01
ord_04909,cust_0496,processing,2024-01-01,2024-01-08,2024-01-21
ord_04910,cust_0279,processing,2024-07-21,2024-08-02,2024-08-06
ord_04911,cust_0294,processing,2024-09-11,2024-09-26,2024-09-27
ord_04912,cust_0454,delivered,2024-10-30,2024-11-16,2024-11-15
ord_04913,cust_0198,canceled,2024-08-02,2024-08-31,2024-08-15
ord_04914,cust_0132,canceled,2024-08-06,2024-08-31,2024-08-14
ord_04915,cust_0126,canceled,2024-01-17,2024-01-20,2024-02-06
ord_04916,cust_0241,shipped,2024-06-10,2024-07-05,2024-06-24
ord_04917,cust_0500,canceled,2024-01-20,2024-02-10,2024-02-08
ord_04918,cust_0493,processing,2024-10-16,2024-11-01,2024-10-28
ord_04919,cust_0452,canceled,2024-08-13,2024-08-18,2024-08-23
ord_04920,cust_0115,canceled,2024-03-11,2024-04-01,2024-03-30
ord_04921,cust_0304,processing,2024-04-15,2024-04-19,2024-05-03
ord_04922,cust_0180,delivered,2024-01-05,2024-01-13,2024-01-23
ord_04923,cust_0237,processing,2024-03-23,2024-04-11,2024-04-04
ord_04924,cust_0154,shipped,2024-12-11,2024-12-20,2024-12-31
ord_04925,cust_0315,canceled,2024-02-10,2024-03-11,2024-02-27
ord_04926,cust_0431,canceled,2024-09-25,2024-10-17,2024-10-19
ord_04927,cust_0473,canceled,2024-11-09,2024-11-24,2024-11-27
ord_04928,cust_0127,canceled,2024-07-30,2024-08-23,2024-08-19
ord_04929,cust_0448,canceled,2024-06-18,2024-07-15,2024-07-03
ord_04930,cust_0403,delivered,2024-04-23,2024-05-05,2024-05-08
ord_04931,cust_0203,shipped,2024-06-05,2024-06-27,2024-06-15
ord_04932,cust_0142,processing,2024-11-07,2024-11-17,2024-11-22
ord_04933,cust_0452,canceled,2024-05-25,2024-06-04,2024-06-19
ord_04934,cust_0270,shipped,2024-07-28,2024-08-08,2024-08-04
ord_04935,cust_0304,canceled,2024-03-15,2024-03-25,2024-03-23
ord_04936,cust_0310,processing,2024-09-13,2024-09-29,2024-09-24
ord_04937,cust_0329,canceled,2024-04-21,2024-05-12,2024-05-15
ord_04938,cust_0054,delivered,2024-02-21,2024-03-02,2024-03-04
ord_04939,cust_0032,shipped,2024-10-19,2024-11-05,2024-10-30
ord_04940,cust_0390,delivered,2024-02-28,2024-03-29,2024-03-21
ord_04941,cust_0461,canceled,2024-09-02,2024-09-15,2024-09-18
ord_04942,cust_0190,canceled,2024-04-08,2024-04-20,2024-04-28
ord_04943,cust_0068,shipped,2024-08-29,2024-09-26,2024-09-23
ord_04944,cust_0022,canceled,2024-01-20,2024-01-30,2024-01-27
ord_04945,cust_0435,canceled,2024-05-22,2024-06-12,2024-06-11
ord_04946,cust_0371,shipped,2024-07-14,2024-07-19,2024-07-25
ord_04947,cust_0073,canceled,2024-10-17,2024-10-21,2024-10-24
ord_04948,cust_0105,processing,2024-02-24,2024-03-02,2024-03-05
ord_04949,cust_0443,canceled,2024-06-19,2024-07-19,2024-07-08
ord_04950,cust_0098,canceled,2024-09-27,2024-10-22,2024-10-16
ord_04951,cust_0494,delivered,2024-10-25,2024-11-07,2024-11-16
ord_04952,cust_0473,shipped,2024-10-11,2024-10-27,2024-10-20
ord_04953,cust_0283,canceled,2024-02-05,2024-02-16,2024-02-23
ord_04954,cust_0204,processing,2024-04-06,2024-04-17,2024-04-23
ord_04955,cust_0115,canceled,2024-04-23,2024-04-28,2024-05-02
ord_04956,cust_0456,shipped,2024-01-25,2024-02-03,2024-02-10
ord_04957,cust_0081,shipped,2024-04-07,2024-05-06,2024-04-27
ord_04958,cust_0100,canceled,2024-01-18,2024-02-17,2024-02-01
ord_04959,cust_0136,processing,2024-08-22,2024-09-03,2024-09-03
ord_04960,cust_0010,canceled,2024-04-16,2024-05-09,2024-04-26
ord_04961,cust_0366,processing,2024-04-28,2024-05-22,2024-05-19
ord_04962,cust_0401,delivered,2024-09-15,2024-10-11,2024-10-04
ord_04963,cust_0364,shipped,2024-01-17,2024-02-06,2024-02-03
ord_04964,cust_0196,delivered,2024-10-18,2024-11-17,2024-11-02
ord_04965,cust_0332,processing,2024-03-19,2024-04-16,2024-03-28
ord_04966,cust_0239,canceled,2024-08-12,2024-08-24,2024-08-21
ord_04967,cust_0107,canceled,2024-04-06,2024-04-10,2024-04-22
ord_04968,cust_0275,canceled,2024-01-30,2024-02-06,2024-02-13
ord_04969,cust_0418,canceled,2024-01-25,2024-02-02,2024-02-06
ord_04970,cust_0093,processing,2024-08-04,2024-08-19,2024-08-21
ord_04971,cust_0102,shipped,2024-06-21,2024-07-17,2024-07-03
ord_04972,cust_0320,shipped,2024-03-09,2024-03-28,2024-03-20
ord_04973,cust_0069,canceled,2024-01-05,2024-01-12,2024-01-12
ord_04974,cust_0111,shipped,2024-07-24,2024-08-14,2024-08-03
ord_04975,cust_0113,shipped,2024-01-06,2024-01-16,2024-01-13
ord_04976,cust_0226,delivered,2024-05-09,2024-05-25,2024-05-30
ord_04977,cust_0402,processing,2024-12-20,2024-12-26,2025-01-09
ord_04978,cust_0225,processing,2024-07-05,2024-08-03,2024-07-12
ord_04979,cust_0313,canceled,2024-03-13,2024-04-09,2024-04-04
ord_04980,cust_0089,canceled,2024-06-10,2024-06-20,2024-06-18
ord_04981,cust_0029,delivered,2024-11-24,2024-12-08,2024-12-07
ord_04982,cust_0285,canceled,2024-03-29,2024-04-08,2024-04-23
ord_04983,cust_0015,shipped,2024-09-06,2024-09-14,2024-09-20
ord_04984,cust_0024,shipped,2024-05-18,2024-06-12,2024-05-29
ord_04985,cust_0035,delivered,2024-10-03,2024-10-15,2024-10-24
ord_04986,cust_0491,shipped,2024-02-16,2024-03-04,2024-02-28
ord_04987,cust_0150,delivered,2024-12-04,2025-01-01,2024-12-15
ord_04988,cust_0417,processing,2024-07-10,2024-07-14,2024-07-31
ord_04989,cust_0237,delivered,2024-05-12,2024-06-05,2024-06-05
ord_04990,cust_0165,canceled,2024-08-31,2024-09-23,2024-09-22
ord_04991,cust_0474,canceled,2024-07-30,2024-08-05,2024-08-11
ord_04992,cust_0328,shipped,2024-01-26,2024-02-10,2024-02-13
ord_04993,cust_0079,processing,2024-10-01,2024-10-31,2024-10-22
ord_04994,cust_0259,delivered,2024-11-18,2024-11-25,2024-12-05
ord_04995,cust_0307,delivered,2024-04-02,2024-04-09,2024-04-19
ord_04996,cust_0198,processing,2024-10-26,2024-11-23,2024-11-12
ord_04997,cust_0469,shipped,2024-09-30,2024-10-12,2024-10-15
ord_04998,cust_0322,shipped,2024-05-06,2024-05-24,2024-05-20
ord_04999,cust_0407,shipped,2024-08-19,2024-09-09,2024-08-28
ord_05000,cust_0045,delivered,2024-02-21,2024-02-28,2024-03-01
ord_05001,cust_0495,delivered,2024-03-02,2024-03-21,2024-03-23
ord_05002,cust_0353,processing,2024-04-30,2024-05-25,2024-05-18
ord_05003,cust_0233,delivered,2024-11-10,2024-11-14,2024-11-19
ord_05004,cust_0409,shipped,2024-09-05,2024-09-17,2024-09-13
ord_05005,cust_0054,canceled,2024-11-02,2024-11-09,2024-11-20
ord_05006,cust_0307,canceled,2024-12-21,2025-01-04,2025-01-02
ord_05007,cust_0089,shipped,2024-02-26,2024-03-15,2024-03-07
ord_05008,cust_0384,canceled,2024-03-13,2024-03-31,2024-04-01
ord_05009,cust_0233,shipped,2024-05-07,2024-05-17,2024-05-31
ord_05010,cust_0439,canceled,2024-03-24,2024-03-27,2024-04-11
ord_05011,cust_0193,shipped,2024-03-17,2024-03-24,2024-03-27
ord_05012,cust_0351,canceled,2024-07-11,2024-08-04,2024-07-28
ord_05013,cust_0436,shipped,2024-10-29,2024-11-21,2024-11-17
ord_05014,cust_0355,shipped,2024-04-09,2024-05-05,2024-04-16
ord_05015,cust_0155,processing,2024-04-13,2024-04-25,2024-04-29
ord_05016,cust_0431,processing,2024-01-10,2024-01-22,2024-02-02
ord_05017,cust_0473,canceled,2024-09-17,2024-10-09,2024-10-12
ord_05018,cust_0011,shipped,2024-01-07,2024-01-18,2024-01-28
ord_05019,cust_0315,processing,2024-01-06,2024-02-05,2024-01-24
ord_05020,cust_0037,canceled,2024-09-16,2024-10-10,2024-10-04
ord_05021,cust_0255,canceled,2024-04-07,2024-05-05,2024-04-28
ord_05022,cust_0204,processing,2024-11-15,2024-12-10,2024-11-27
ord_05023,cust_0082,canceled,2024-11-20,2024-12-14,2024-12-03
ord_05024,cust_0095,processing,2024-07-31,2024-08-10,2024-08-15
ord_05025,cust_0407,shipped,2024-09-11,2024-09-29,2024-09-28
ord_05026,cust_0079,delivered,2024-03-22,2024-04-05,2024-04-16
ord_05027,cust_0179,delivered,2024-08-02,2024-08-07,2024-08-21
ord_05028,cust_0015,canceled,2024-03-13,2024-04-10,2024-03-24
ord_05029,cust_0078,canceled,2024-10-20,2024-11-15,2024-11-01
ord_05030,cust_0474,processing,2024-02-29,2024-03-05,2024-03-17
ord_05031,cust_0303,canceled,2024-04-21,2024-04-25,2024-05-02
ord_05032,cust_0206,shipped,2024-06-10,2024-07-07,2024-07-05
ord_05033,cust_0343,shipped,2024-08-11,2024-08-21,2024-09-01
ord_05034,cust_0424,canceled,2024-11-26,2024-12-12,2024-12-08
ord_05035,cust_0022,processing,2024-12-06,2025-01-02,2024-12-18
ord_05036,cust_0340,canceled,2024-07-12,2024-07-17,2024-07-29
ord_05037,cust_0331,canceled,2024-11-15,2024-12-04,2024-11-22
ord_05038,cust_0371,delivered,2024-02-19,2024-02-28,2024-03-03
ord_05039,cust_0390,delivered,2024-04-24,2024-05-17,2024-05-18
ord_05040,cust_0274,shipped,2024-01-23,2024-02-03,2024-02-17
ord_05041,cust_0033,delivered,2024-12-26,2025-01-25,2025-01-07
ord_05042,cust_0049,shipped,2024-03-31,2024-04-30,2024-04-11
ord_05043,cust_0262,delivered,2024-02-09,2024-02-23,2024-02-25
ord_05044,cust_0079,processing,2024-12-30,2025-01-13,2025-01-23
ord_05045,cust_0256,processing,2024-10-05,2024-10-21,2024-10-29
ord_05046,cust_0391,delivered,2024-06-01,2024-06-04,2024-06-11
ord_05047,cust_0285,delivered,2024-09-28,2024-10-11,2024-10-13
ord_05048,cust_0385,shipped,2024-07-18,2024-07-30,2024-08-03
ord_05049,cust_0407,processing,2024-12-10,2024-12-13,2024-12-18
ord_05050,cust_0469,processing,2024-03-31,2024-04-21,2024-04-23
ord_05051,cust_0246,shipped,2024-08-14,2024-09-06,2024-09-06
ord_05052,cust_0398,processing,2024-06-09,2024-06-28,2024-06-26
ord_05053,cust_0485,processing,2024-11-22,2024-12-07,2024-12-08
ord_05054,cust_0306,processing,2024-06-08,2024-07-05,2024-06-18
ord_05055,cust_0338,shipped,2024-03-07,2024-03-16,2024-03-23
ord_05056,cust_0367,processing,2024-02-27,2024-03-20,2024-03-09
ord_05057,cust_0099,shipped,2024-03-15,2024-03-23,2024-03-24
ord_05058,cust_0024,canceled,2024-01-09,2024-01-21,2024-01-18
ord_05059,cust_0273,shipped,2024-03-24,2024-04-15,2024-04-08
ord_05060,cust_0481,delivered,2024-02-27,2024-03-10,2024-03-20
ord_05061,cust_0079,processing,2024-02-16,2024-03-05,2024-03-08
ord_05062,cust_0295,delivered,2024-10-28,2024-11-19,2024-11-12
ord_05063,cust_0358,shipped,2024-11-29,2024-12-07,2024-12-22
ord_05064,cust_0011,delivered,2024-02-26,2024-03-23,2024-03-21
ord_05065,cust_0210,delivered,2024-04-22,2024-05-08,2024-05-12
ord_05066,cust_0362,delivered,2024-12-18,2025-01-13,2024-12-30
ord_05067,cust_0480,shipped,2024-02-01,2024-02-04,2024-02-19
ord_05068,cust_0100,processing,2024-03-23,2024-04-12,2024-04-09
ord_05069,cust_0002,canceled,2024-04-06,2024-05-06,2024-04-16
ord_05070,cust_0415,shipped,2024-11-19,2024-11-23,2024-12-06
ord_05071,cust_0461,shipped,2024-05-18,2024-05-28,2024-06-10
ord_05072,cust_0479,canceled,2024-10-08,2024-11-02,2024-10-15
ord_05073,cust_0474,processing,2024-10-10,2024-11-04,2024-10-22
ord_05074,cust_0393,delivered,2024-11-11,2024-11-19,2024-12-06
ord_05075,cust_0274,processing,2024-01-31,2024-02-17,2024-02-19
ord_05076,cust_0388,processing,2024-03-24,2024-04-22,2024-04-14
ord_05077,cust_0091,shipped,2024-05-04,2024-06-03,2024-05-18
ord_05078,cust_0345,shipped,2024-09-13,2024-10-05,2024-10-02
ord_05079,cust_0209,delivered,2024-04-19,2024-05-18,2024-05-11
ord_05080,cust_0453,processing,2024-09-15,2024-09-28,2024-09-25
ord_05081,cust_0054,shipped,2024-03-31,2024-04-15,2024-04-21
ord_05082,cust_0495,delivered,2024-08-10,2024-08-30,2024-08-26
ord_05083,cust_0080,shipped,2024-01-01,2024-01-06,2024-01-14
ord_05084,cust_0051,shipped,2024-04-12,2024-04-22,2024-04-23
ord_05085,cust_0378,delivered,2024-06-27,2024-07-05,2024-07-18
ord_05086,cust_0363,delivered,2024-09-27,2024-10-15,2024-10-14
ord_05087,cust_0198,delivered,2024-07-26,2024-08-13,2024-08-17
ord_05088,cust_0387,canceled,2024-11-29,2024-12-03,2024-12-19
ord_05089,cust_0326,delivered,2024-10-24,2024-11-01,2024-10-31
ord_05090,cust_0127,delivered,2024-11-30,2024-12-29,2024-12-15
ord_05091,cust_0311,processing,2024-11-14,2024-11-21,2024-12-05
ord_05092,cust_0471,delivered,2024-07-28,2024-08-03,2024-08-18
ord_05093,cust_0297,shipped,2024-06-29,2024-07-20,2024-07-19
ord_05094,cust_0180,processing,2024-10-04,2024-10-29,2024-10-20
ord_05095,cust_0367,shipped,2024-04-01,2024-04-27,2024-04-08
ord_05096,cust_0189,processing,2024-12-25,2025-01-09,2025-01-13
ord_05097,cust_0314,canceled,2024-09-30,2024-10-15,2024-10-12
ord_05098,cust_0071,canceled,2024-10-21,2024-11-19,2024-10-31
ord_05099,cust_0316,shipped,2024-08-17,2024-08-26,2024-09-02
ord_05100,cust_0309,canceled,2024-06-24,2024-07-07,2024-07-08
ord_05101,cust_0392,processing,2024-12-09,2024-12-25,2024-12-16
ord_05102,cust_0442,delivered,2024-06-01,2024-06-08,2024-06-26
ord_05103,cust_0074,processing,2024-08-15,2024-08-26,2024-09-06
ord_05104,cust_0033,processing,2024-08-04,2024-08-25,2024-08-20
ord_05105,cust_0249,delivered,2024-10-20,2024-11-11,2024-11-08
ord_05106,cust_0401,processing,2024-10-14,2024-10-17,2024-11-07
ord_05107,cust_0131,canceled,2024-06-06,2024-06-30,2024-06-28
ord_05108,cust_0146,processing,2024-12-17,2025-01-08,2025-01-11
ord_05109,cust_0100,canceled,2024-05-21,2024-05-26,2024-06-13
ord_05110,cust_0125,canceled,2024-02-27,2024-03-14,2024-03-19
ord_05111,cust_0106,processing,2024-08-22,2024-09-10,2024-09-08
ord_05112,cust_0055,processing,2024-10-24,2024-11-13,2024-11-17
ord_05113,cust_0274,delivered,2024-05-29,2024-06-25,2024-06-23
ord_05114,cust_0006,shipped,2024-05-15,2024-05-27,2024-06-01
ord_05115,cust_0413,processing,2024-12-05,2024-12-28,2024-12-28
ord_05116,cust_0061,delivered,2024-01-06,2024-01-19,2024-01-18
ord_05117,cust_0493,processing,2024-03-24,2024-04-08,2024-04-04
ord_05118,cust_0149,delivered,2024-01-21,2024-02-05,2024-02-09
ord_05119,cust_0092,canceled,2024-01-10,2024-02-08,2024-02-03
ord_05120,cust_0184,delivered,2024-09-30,2024-10-29,2024-10-15
ord_05121,cust_0450,shipped,2024-04-23,2024-04-26,2024-05-17
ord_05122,cust_0169,processing,2024-12-06,2025-01-03,2024-12-14
ord_05123,cust_0283,shipped,2024-06-05,2024-06-29,2024-06-29
ord_05124,cust_0135,delivered,2024-11-12,2024-12-04,2024-12-04
ord_05125,cust_0444,shipped,2024-10-10,2024-10-24,2024-10-30
ord_05126,cust_0404,canceled,2024-01-08,2024-01-15,2024-01-29
ord_05127,cust_0109,delivered,2024-01-07,2024-01-11,2024-01-14
ord_05128,cust_0390,processing,2024-12-13,2024-12-27,2025-01-01
ord_05129,cust_0331,shipped,2024-02-22,2024-03-14,2024-03-11
ord_05130,cust_0150,delivered,2024-01-09,2024-01-23,2024-01-28
ord_05131,cust_0099,processing,2024-10-12,2024-10-23,2024-11-06
ord_05132,cust_0222,processing,2024-10-04,2024-10-28,2024-10-20
ord_05133,cust_0390,processing,2024-10-18,2024-10-22,2024-11-10
ord_05134,cust_0272,processing,2024-01-10,2024-02-02,2024-01-20
ord_05135,cust_0016,delivered,2024-03-23,2024-04-08,2024-03-31
ord_05136,cust_0219,canceled,2024-11-19,2024-12-16,2024-12-02
ord_05137,cust_0119,canceled,2024-12-18,2024-12-24,2024-12-26
ord_05138,cust_0068,delivered,2024-05-31,2024-06-12,2024-06-15
ord_05139,cust_0341,canceled,2024-07-20,2024-08-07,2024-08-04
ord_05140,cust_0420,canceled,2024-08-04,2024-08-24,2024-08-23
ord_05141,cust_0194,shipped,2024-03-25,2024-04-06,2024-04-02
ord_05142,cust_0467,canceled,2024-03-05,2024-03-11,2024-03-22
ord_05143,cust_0447,processing,2024-11-08,2024-11-30,2024-11-28
ord_05144,cust_0394,shipped,2024-03-11,2024-03-24,2024-03-31
ord_05145,cust_0064,delivered,2024-04-04,2024-05-04,2024-04-16
ord_05146,cust_0478,canceled,2024-06-18,2024-06-28,2024-07-01
ord_05147,cust_0133,processing,2024-08-13,2024-09-10,2024-08-20
ord_05148,cust_0156,canceled,2024-06-06,2024-06-24,2024-06-25
ord_05149,cust_0191,shipped,2024-12-16,2025-01-13,2025-01-02
ord_05150,cust_0088,delivered,2024-11-03,2024-11-19,2024-11-20
ord_05151,cust_0161,delivered,2024-04-28,2024-05-18,2024-05-12
ord_05152,cust_0497,shipped,2024-09-07,2024-10-06,2024-09-16
ord_05153,cust_0112,delivered,2024-05-27,2024-06-09,2024-06-14
ord_05154,cust_0002,shipped,2024-03-26,2024-04-20,2024-04-03
ord_05155,cust_0485,delivered,2024-07-20,2024-07-27,2024-08-01
ord_05156,cust_0122,shipped,2024-02-04,2024-02-29,2024-02-26
ord_05157,cust_0081,processing,2024-11-20,2024-12-07,2024-12-12
ord_05158,cust_0375,shipped,2024-05-18,2024-06-07,2024-06-11
ord_05159,cust_0165,canceled,2024-11-12,2024-11-26,2024-12-06
ord_05160,cust_0093,canceled,2024-10-10,2024-10-23,2024-10-22
ord_05161,cust_0072,canceled,2024-03-28,2024-04-21,2024-04-15
ord_05162,cust_0258,canceled,2024-02-21,2024-03-07,2024-03-02
ord_05163,cust_0230,delivered,2024-09-07,2024-09-21,2024-09-16
ord_05164,cust_0271,delivered,2024-01-29,2024-02-11,2024-02-06
ord_05165,cust_0133,processing,2024-07-04,2024-07-16,2024-07-13
ord_05166,cust_0242,shipped,2024-08-20,2024-09-01,2024-09-04
ord_05167,cust_0183,shipped,2024-07-06,2024-07-29,2024-07-19
ord_05168,cust_0375,canceled,2024-06-01,2024-06-18,2024-06-24
ord_05169,cust_0061,canceled,2024-02-27,2024-03-27,2024-03-19
ord_05170,cust_0236,shipped,2024-10-24,2024-11-05,2024-11-18
ord_05171,cust_0019,canceled,2024-05-13,2024-05-25,2024-05-26
ord_05172,cust_0274,delivered,2024-04-28,2024-05-16,2024-05-21
ord_05173,cust_0272,shipped,2024-04-23,2024-05-02,2024-05-03
ord_05174,cust_0353,shipped,2024-08-03,2024-08-08,2024-08-12
ord_05175,cust_0471,shipped,2024-05-02,2024-05-31,2024-05-25
ord_05176,cust_0243,shipped,2024-08-06,2024-08-10,2024-08-29
ord_05177,cust_0407,shipped,2024-10-12,2024-10-17,2024-10-30
ord_05178,cust_0101,delivered,2024-09-02,2024-09-22,2024-09-24
ord_05179,cust_0223,shipped,2024-05-26,2024-06-24,2024-06-19
ord_05180,cust_0161,shipped,2024-06-10,2024-07-04,2024-06-19
ord_05181,cust_0210,canceled,2024-03-03,2024-03-20,2024-03-19
ord_05182,cust_0374,shipped,2024-12-04,2024-12-13,2024-12-21
ord_05183,cust_0026,delivered,2024-09-04,2024-10-02,2024-09-27
ord_05184,cust_0183,processing,2024-09-19,2024-10-10,2024-09-29
ord_05185,cust_0150,canceled,2024-12-17,2025-01-04,2024-12-30
ord_05186,cust_0377,processing,2024-07-14,2024-08-01,2024-07-23
ord_05187,cust_0478,shipped,2024-08-14,2024-09-09,2024-09-02
ord_05188,cust_0302,delivered,2024-10-30,2024-11-27,2024-11-18
ord_05189,cust_0417,processing,2024-06-07,2024-06-17,2024-06-20
ord_05190,cust_0132,processing,2024-03-10,2024-03-31,2024-04-04
ord_05191,cust_0135,canceled,2024-11-18,2024-12-16,2024-12-08
ord_05192,cust_0295,delivered,2024-01-27,2024-02-18,2024-02-21
ord_05193,cust_0025,canceled,2024-12-19,2024-12-23,2024-12-29
ord_05194,cust_0009,shipped,2024-09-02,2024-09-12,2024-09-27
ord_05195,cust_0084,delivered,2024-12-16,2025-01-10,2025-01-02
ord_05196,cust_0305,processing,2024-12-26,2024-12-31,2025-01-19
ord_05197,cust_0464,canceled,2024-12-05,2024-12-24,2024-12-21
ord_05198,cust_0200,canceled,2024-03-28,2024-04-20,2024-04-13
ord_05199,cust_0153,processing,2024-09-20,2024-10-17,2024-10-13
ord_05200,cust_0088,canceled,2024-10-25,2024-11-08,2024-11-15
ord_05201,cust_0179,shipped,2024-09-08,2024-09-21,2024-10-03
ord_05202,cust_0432,delivered,2024-09-22,2024-10-18,2024-10-02
ord_05203,cust_0226,processing,2024-04-01,2024-04-08,2024-04-10
ord_05204,cust_0420,shipped,2024-10-02,2024-10-24,2024-10-11
ord_05205,cust_0097,processing,2024-06-02,2024-06-21,2024-06-26
ord_05206,cust_0475,canceled,2024-02-11,2024-02-28,2024-02-18
ord_05207,cust_0469,canceled,2024-10-24,2024-11-12,2024-11-09
ord_05208,cust_0405,canceled,2024-06-17,2024-07-15,2024-06-27
ord_05209,cust_0390,shipped,2024-04-15,2024-05-01,2024-05-07
ord_05210,cust_0054,delivered,2024-09-24,2024-10-09,2024-10-17
ord_05211,cust_0327,delivered,2024-04-03,2024-04-29,2024-04-16
ord_05212,cust_0175,processing,2024-04-17,2024-05-06,2024-05-10
ord_05213,cust_0296,shipped,2024-10-01,2024-10-07,2024-10-10
ord_05214,cust_0041,canceled,2024-11-08,2024-11-26,2024-12-02
ord_05215,cust_0455,delivered,2024-06-21,2024-07-12,2024-06-28
ord_05216,cust_0323,shipped,2024-11-12,2024-12-06,2024-12-07
ord_05217,cust_0296,delivered,2024-02-23,2024-03-11,2024-03-15
ord_05218,cust_0287,processing,2024-07-08,2024-07-21,2024-07-19
ord_05219,cust_0114,canceled,2024-08-04,2024-08-25,2024-08-17
ord_05220,cust_0382,delivered,2024-02-15,2024-03-09,2024-03-03
ord_05221,cust_0394,canceled,2024-08-25,2024-09-20,2024-09-01
ord_05222,cust_0011,delivered,2024-04-09,2024-04-16,2024-04-28
ord_05223,cust_0404,delivered,2024-03-03,2024-03-24,2024-03-17
ord_05224,cust_0065,processing,2024-01-06,2024-01-16,2024-01-30
ord_05225,cust_0179,delivered,2024-06-06,2024-06-13,2024-06-23
ord_05226,cust_0022,delivered,2024-05-04,2024-05-30,2024-05-24
ord_05227,cust_0424,delivered,2024-12-19,2025-01-07,2025-01-05
ord_05228,cust_0022,canceled,2024-09-14,2024-10-09,2024-09-24
ord_05229,cust_0154,shipped,2024-06-16,2024-06-20,2024-06-27
ord_05230,cust_0036,canceled,2024-08-24,2024-09-02,2024-09-12
ord_05231,cust_0255,shipped,2024-12-22,2025-01-19,2025-01-14
ord_05232,cust_0072,processing,2024-07-13,2024-08-09,2024-08-01
ord_05233,cust_0261,processing,2024-02-10,2024-02-19,2024-02-28
ord_05234,cust_0181,shipped,2024-10-17,2024-10-27,2024-10-30
ord_05235,cust_0321,canceled,2024-11-12,2024-11-16,2024-11-19
ord_05236,cust_0047,canceled,2024-10-05,2024-10-18,2024-10-25
ord_05237,cust_0341,shipped,2024-11-20,2024-12-02,2024-12-11
ord_05238,cust_0441,processing,2024-02-14,2024-03-08,2024-03-02
ord_05239,cust_0250,shipped,2024-07-11,2024-07-21,2024-08-05
ord_05240,cust_0052,processing,2024-07-01,2024-07-15,2024-07-11
ord_05241,cust_0490,delivered,2024-05-28,2024-06-07,2024-06-16
ord_05242,cust_0467,shipped,2024-12-03,2024-12-10,2024-12-26
ord_05243,cust_0234,delivered,2024-08-29,2024-09-16,2024-09-10
ord_05244,cust_0393,processing,2024-03-22,2024-04-11,2024-04-11
ord_05245,cust_0469,shipped,2024-07-28,2024-07-31,2024-08-14
ord_05246,cust_0043,processing,2024-05-31,2024-06-08,2024-06-23
ord_05247,cust_0419,processing,2024-05-10,2024-05-21,2024-05-19
ord_05248,cust_0320,processing,2024-02-09,2024-02-13,2024-02-19
ord_05249,cust_0172,canceled,2024-06-14,2024-07-07,2024-06-27
ord_05250,cust_0022,canceled,2024-07-28,2024-08-26,2024-08-12
ord_05251,cust_0343,delivered,2024-03-04,2024-03-08,2024-03-17
ord_05252,cust_0005,canceled,2024-03-10,2024-03-28,2024-03-23
ord_05253,cust_0107,processing,2024-03-14,2024-04-01,2024-04-03
ord_05254,cust_0447,delivered,2024-03-09,2024-04-08,2024-04-01
ord_05255,cust_0347,canceled,2024-05-14,2024-06-06,2024-05-29
ord_05256,cust_0387,shipped,2024-08-20,2024-08-26,2024-09-12
ord_05257,cust_0475,delivered,2024-10-30,2024-11-12,2024-11-12
ord_05258,cust_0409,delivered,2024-10-21,2024-11-06,2024-11-15
ord_05259,cust_0134,delivered,2024-08-02,2024-08-20,2024-08-21
ord_05260,cust_0259,canceled,2024-10-18,2024-10-26,2024-10-30
ord_05261,cust_0392,canceled,2024-11-10,2024-11-29,2024-12-01
ord_05262,cust_0058,shipped,2024-06-12,2024-07-09,2024-06-30
ord_05263,cust_0070,processing,2024-06-17,2024-07-07,2024-07-08
ord_05264,cust_0455,shipped,2024-03-04,2024-03-21,2024-03-19
ord_05265,cust_0413,delivered,2024-01-11,2024-02-03,2024-01-31
ord_05266,cust_0430,canceled,2024-02-24,2024-03-22,2024-03-14
ord_05267,cust_0485,shipped,2024-01-18,2024-01-27,2024-02-03
ord_05268,cust_0462,delivered,2024-10-29,2024-11-17,2024-11-21
ord_05269,cust_0281,processing,2024-09-16,2024-10-04,2024-09-29
ord_05270,cust_0493,shipped,2024-08-14,2024-09-06,2024-09-01
ord_05271,cust_0146,processing,2024-04-29,2024-05-08,2024-05-18
ord_05272,cust_0049,shipped,2024-08-18,2024-08-21,2024-09-02
ord_05273,cust_0319,delivered,2024-01-05,2024-01-27,2024-01-12
ord_05274,cust_0423,processing,2024-06-27,2024-07-06,2024-07-20
ord_05275,cust_0066,processing,2024-01-12,2024-01-20,2024-02-05
ord_05276,cust_0404,shipped,2024-03-09,2024-03-23,2024-03-24
ord_05277,cust_0336,shipped,2024-01-21,2024-02-01,2024-01-30
ord_05278,cust_0371,canceled,2024-04-29,2024-05-04,2024-05-07
ord_05279,cust_0004,canceled,2024-08-18,2024-09-04,2024-08-29
ord_05280,cust_0029,processing,2024-05-23,2024-05-28,2024-05-30
ord_05281,cust_0052,shipped,2024-12-19,2025-01-09,2025-01-03
ord_05282,cust_0400,shipped,2024-03-22,2024-04-02,2024-04-09
ord_05283,cust_0031,processing,2024-10-09,2024-11-01,2024-10-18
ord_05284,cust_0489,shipped,2024-11-11,2024-11-23,2024-11-21
ord_05285,cust_0279,processing,2024-03-14,2024-04-10,2024-03-29
ord_05286,cust_0244,shipped,2024-01-15,2024-02-05,2024-02-08
ord_05287,cust_0209,shipped,2024-07-18,2024-07-29,2024-08-12
ord_05288,cust_0041,processing,2024-04-03,2024-04-11,2024-04-21
ord_05289,cust_0095,canceled,2024-06-01,2024-06-29,2024-06-12
ord_05290,cust_0089,processing,2024-01-08,2024-01-19,2024-01-21
ord_05291,cust_0425,delivered,2024-02-21,2024-02-27,2024-03-16
ord_05292,cust_0196,processing,2024-01-19,2024-01-28,2024-02-04
ord_05293,cust_0111,delivered,2024-02-20,2024-03-16,2024-03-10
ord_05294,cust_0280,processing,2024-08-31,2024-09-03,2024-09-11
ord_05295,cust_0029,shipped,2024-08-17,2024-09-11,2024-08-29
ord_05296,cust_0400,shipped,2024-01-18,2024-01-22,2024-02-04
ord_05297,cust_0370,shipped,2024-07-19,2024-08-16,2024-08-08
ord_05298,cust_0101,processing,2024-02-05,2024-02-26,2024-02-23
ord_05299,cust_0006,canceled,2024-10-05,2024-10-26,2024-10-12
ord_05300,cust_0016,delivered,2024-08-26,2024-09-13,2024-09-12
ord_05301,cust_0070,canceled,2024-02-19,2024-03-08,2024-03-04
ord_05302,cust_0409,processing,2024-10-15,2024-10-18,2024-10-22
ord_05303,cust_0046,shipped,2024-04-20,2024-05-12,2024-05-11
ord_05304,cust_0088,shipped,2024-01-18,2024-02-10,2024-02-08
ord_05305,cust_0277,processing,2024-02-17,2024-02-23,2024-03-01
ord_05306,cust_0242,delivered,2024-10-16,2024-10-20,2024-11-08
ord_05307,cust_0073,shipped,2024-12-01,2024-12-16,2024-12-23
ord_05308,cust_0162,canceled,2024-03-02,2024-03-05,2024-03-17
ord_05309,cust_0254,delivered,2024-07-27,2024-08-24,2024-08-06
ord_05310,cust_0414,delivered,2024-10-18,2024-10-26,2024-11-11
ord_05311,cust_0233,canceled,2024-08-30,2024-09-28,2024-09-06
ord_05312,cust_0028,shipped,2024-06-05,2024-06-15,2024-06-25
ord_05313,cust_0151,shipped,2024-04-25,2024-05-22,2024-05-11
ord_05314,cust_0048,processing,2024-04-04,2024-04-18,2024-04-15
ord_05315,cust_0093,shipped,2024-01-08,2024-01-15,2024-01-25
ord_05316,cust_0073,delivered,2024-10-27,2024-11-07,2024-11-05
ord_05317,cust_0380,processing,2024-10-25,2024-11-05,2024-11-10
ord_05318,cust_0316,delivered,2024-08-30,2024-09-07,2024-09-18
ord_05319,cust_0216,canceled,2024-04-16,2024-05-10,2024-04-28
ord_05320,cust_0473,shipped,2024-06-10,2024-06-16,2024-06-24
ord_05321,cust_0334,processing,2024-08-28,2024-09-13,2024-09-06
ord_05322,cust_0369,delivered,2024-11-04,2024-12-03,2024-11-20
ord_05323,cust_0486,canceled,2024-12-12,2024-12-19,2024-12-27
ord_05324,cust_0277,canceled,2024-12-20,2025-01-03,2025-01-14
ord_05325,cust_0068,delivered,2024-02-27,2024-03-13,2024-03-06
ord_05326,cust_0164,delivered,2024-02-24,2024-03-16,2024-03-05
ord_05327,cust_0277,processing,2024-03-28,2024-04-25,2024-04-17
ord_05328,cust_0454,processing,2024-12-25,2025-01-06,2025-01-18
ord_05329,cust_0220,processing,2024-05-10,2024-05-28,2024-06-03
ord_05330,cust_0195,delivered,2024-03-05,2024-03-14,2024-03-26
ord_05331,cust_0138,canceled,2024-01-05,2024-01-24,2024-01-28
ord_05332,cust_0262,shipped,2024-08-21,2024-09-01,2024-08-28
ord_05333,cust_0500,delivered,2024-08-12,2024-09-10,2024-09-05
ord_05334,cust_0017,processing,2024-10-16,2024-10-22,2024-11-10
ord_05335,cust_0067,delivered,2024-05-29,2024-06-20,2024-06-23
ord_05336,cust_0026,processing,2024-08-11,2024-08-23,2024-08-19
ord_05337,cust_0478,shipped,2024-10-19,2024-11-14,2024-11-11
ord_05338,cust_0427,shipped,2024-07-20,2024-08-11,2024-07-31
ord_05339,cust_0277,canceled,2024-06-15,2024-06-25,2024-06-30
ord_05340,cust_0230,delivered,2024-09-18,2024-10-04,2024-10-03
ord_05341,cust_0115,processing,2024-09-15,2024-09-23,2024-09-25
ord_05342,cust_0096,shipped,2024-06-12,2024-06-23,2024-07-02
ord_05343,cust_0086,shipped,2024-01-05,2024-01-13,2024-01-14
ord_05344,cust_0444,delivered,2024-09-08,2024-10-02,2024-09-19
ord_05345,cust_0450,shipped,2024-07-02,2024-07-15,2024-07-09
ord_05346,cust_0011,delivered,2024-04-21,2024-04-24,2024-04-29
ord_05347,cust_0128,canceled,2024-10-07,2024-10-26,2024-10-26
ord_05348,cust_0304,delivered,2024-07-25,2024-08-11,2024-08-08
ord_05349,cust_0265,delivered,2024-11-09,2024-11-12,2024-11-16
ord_05350,cust_0208,delivered,2024-03-03,2024-03-14,2024-03-13
ord_05351,cust_0197,shipped,2024-01-12,2024-02-02,2024-01-21
ord_05352,cust_0104,processing,2024-04-30,2024-05-07,2024-05-22
ord_05353,cust_0484,processing,2024-10-24,2024-11-17,2024-11-17
ord_05354,cust_0005,canceled,2024-11-12,2024-11-16,2024-12-01
ord_05355,cust_0483,processing,2024-06-02,2024-06-22,2024-06-11
ord_05356,cust_0126,delivered,2024-09-02,2024-09-13,2024-09-21
ord_05357,cust_0264,canceled,2024-01-26,2024-01-29,2024-02-20
ord_05358,cust_0223,delivered,2024-12-16,2024-12-26,2024-12-30
ord_05359,cust_0488,processing,2024-02-19,2024-03-16,2024-03-04
ord_05360,cust_0452,delivered,2024-02-12,2024-02-18,2024-03-06
ord_05361,cust_0331,canceled,2024-06-11,2024-06-16,2024-07-05
ord_05362,cust_0257,shipped,2024-12-21,2025-01-01,2025-01-07
ord_05363,cust_0077,delivered,2024-10-20,2024-11-17,2024-11-05
ord_05364,cust_0413,delivered,2024-04-06,2024-04-29,2024-04-21
ord_05365,cust_0166,shipped,2024-02-05,2024-02-19,2024-02-18
ord_05366,cust_0016,processing,2024-05-22,2024-06-07,2024-06-11
ord_05367,cust_0311,canceled,2024-06-13,2024-06-28,2024-07-08
ord_05368,cust_0442,processing,2024-05-25,2024-06-15,2024-06-09
ord_05369,cust_0367,delivered,2024-08-09,2024-08-26,2024-08-20
ord_05370,cust_0071,canceled,2024-02-18,2024-02-22,2024-03-13
ord_05371,cust_0415,shipped,2024-11-25,2024-12-21,2024-12-02
ord_05372,cust_0467,delivered,2024-12-27,2025-01-23,2025-01-20
ord_05373,cust_0472,shipped,2024-12-18,2025-01-06,2024-12-29
ord_05374,cust_0229,canceled,2024-11-30,2024-12-10,2024-12-23
ord_05375,cust_0073,delivered,2024-01-01,2024-01-08,2024-01-20
ord_05376,cust_0455,delivered,2024-09-28,2024-10-12,2024-10-21
ord_05377,cust_0464,shipped,2024-09-11,2024-09-22,2024-09-28
ord_05378,cust_0327,shipped,2024-08-27,2024-09-06,2024-09-14
ord_05379,cust_0487,shipped,2024-07-29,2024-08-10,2024-08-10
ord_05380,cust_0005,canceled,2024-06-25,2024-07-12,2024-07-02
ord_05381,cust_0396,shipped,2024-02-14,2024-02-22,2024-02-24
ord_05382,cust_0055,delivered,2024-10-09,2024-11-03,2024-10-26
ord_05383,cust_0322,shipped,2024-12-17,2025-01-02,2024-12-26
ord_05384,cust_0290,delivered,2024-11-19,2024-12-02,2024-12-07
ord_05385,cust_0059,delivered,2024-05-26,2024-06-19,2024-06-14
ord_05386,cust_0113,delivered,2024-02-01,2024-02-18,2024-02-13
ord_05387,cust_0013,delivered,2024-05-15,2024-05-31,2024-06-04
ord_05388,cust_0125,shipped,2024-02-13,2024-02-20,2024-03-08
ord_05389,cust_0046,shipped,2024-08-22,2024-08-27,2024-08-29
ord_05390,cust_0377,processing,2024-04-12,2024-04-19,2024-05-07
ord_05391,cust_0065,delivered,2024-02-05,2024-02-19,2024-02-14
ord_05392,cust_0367,canceled,2024-12-01,2024-12-12,2024-12-25
ord_05393,cust_0223,canceled,2024-01-06,2024-01-24,2024-01-26
ord_05394,cust_0160,processing,2024-04-24,2024-05-23,2024-05-09
ord_05395,cust_0458,shipped,2024-01-24,2024-02-05,2024-02-05
ord_05396,cust_0437,canceled,2024-08-13,2024-08-29,2024-08-27
ord_05397,cust_0055,delivered,2024-07-15,2024-08-13,2024-07-22
ord_05398,cust_0188,processing,2024-06-19,2024-06-29,2024-06-26
ord_05399,cust_0252,shipped,2024-11-16,2024-11-25,2024-12-02
ord_05400,cust_0286,processing,2024-05-12,2024-05-22,2024-05-30
ord_05401,cust_0274,shipped,2024-02-12,2024-03-01,2024-03-03
ord_05402,cust_0384,shipped,2024-03-24,2024-04-06,2024-04-03
ord_05403,cust_0202,processing,2024-08-22,2024-09-15,2024-09-03
ord_05404,cust_0434,processing,2024-01-02,2024-01-21,2024-01-21
ord_05405,cust_0479,canceled,2024-12-26,2025-01-23,2025-01-14
ord_05406,cust_0488,shipped,2024-12-23,2025-01-20,2025-01-11
ord_05407,cust_0490,processing,2024-03-07,2024-03-18,2024-03-16
ord_05408,cust_0227,canceled,2024-07-28,2024-08-27,2024-08-21
ord_05409,cust_0240,delivered,2024-11-15,2024-11-27,2024-12-07
ord_05410,cust_0031,shipped,2024-12-05,2024-12-13,2024-12-30
ord_05411,cust_0212,delivered,2024-07-04,2024-07-07,2024-07-12
ord_05412,cust_0290,processing,2024-09-18,2024-09-30,2024-10-11
ord_05413,cust_0121,canceled,2024-06-03,2024-06-10,2024-06-14
ord_05414,cust_0158,delivered,2024-05-19,2024-06-16,2024-06-01
ord_05415,cust_0450,processing,2024-06-06,2024-07-02,2024-06-26
ord_05416,cust_0078,delivered,2024-10-07,2024-10-14,2024-10-17
ord_05417,cust_0432,canceled,2024-06-21,2024-07-19,2024-07-11
ord_05418,cust_0084,canceled,2024-11-05,2024-12-01,2024-11-23
ord_05419,cust_0009,processing,2024-05-11,2024-06-01,2024-05-23
ord_05420,cust_0411,canceled,2024-12-03,2024-12-28,2024-12-18
ord_05421,cust_0393,delivered,2024-11-25,2024-12-24,2024-12-04
ord_05422,cust_0397,shipped,2024-02-21,2024-03-16,2024-03-14
ord_05423,cust_0272,shipped,2024-10-06,2024-10-26,2024-10-15
ord_05424,cust_0439,processing,2024-08-25,2024-09-04,2024-09-01
ord_05425,cust_0173,canceled,2024-04-29,2024-05-11,2024-05-13
ord_05426,cust_0413,shipped,2024-09-13,2024-10-13,2024-10-06
ord_05427,cust_0142,processing,2024-02-03,2024-02-22,2024-02-26
ord_05428,cust_0208,canceled,2024-10-01,2024-10-04,2024-10-20
ord_05429,cust_0419,delivered,2024-01-10,2024-01-24,2024-01-20
ord_05430,cust_0083,canceled,2024-01-23,2024-01-31,2024-02-01
ord_05431,cust_0043,shipped,2024-06-08,2024-06-17,2024-06-23
ord_05432,cust_0061,processing,2024-05-06,2024-06-05,2024-05-13
ord_05433,cust_0218,delivered,2024-01-27,2024-02-08,2024-02-19
ord_05434,cust_0052,processing,2024-05-02,2024-05-20,2024-05-13
ord_05435,cust_0084,delivered,2024-01-28,2024-02-01,2024-02-10
ord_05436,cust_0305,processing,2024-12-23,2025-01-01,2025-01-02
ord_05437,cust_0319,delivered,2024-10-08,2024-11-06,2024-11-02
ord_05438,cust_0017,delivered,2024-02-11,2024-02-16,2024-02-26
ord_05439,cust_0417,delivered,2024-04-17,2024-04-29,2024-05-09
ord_05440,cust_0383,delivered,2024-05-03,2024-05-09,2024-05-25
ord_05441,cust_0391,processing,2024-10-28,2024-11-26,2024-11-18
ord_05442,cust_0453,processing,2024-01-24,2024-02-20,2024-02-03
ord_05443,cust_0351,delivered,2024-03-20,2024-04-16,2024-04-07
ord_05444,cust_0298,canceled,2024-09-16,2024-09-27,2024-09-26
ord_05445,cust_0169,canceled,2024-11-21,2024-12-08,2024-12-14
ord_05446,cust_0040,shipped,2024-01-05,2024-01-28,2024-01-15
ord_05447,cust_0173,shipped,2024-08-12,2024-08-25,2024-08-26
ord_05448,cust_0242,shipped,2024-12-27,2025-01-02,2025-01-03
ord_05449,cust_0268,delivered,2024-10-12,2024-10-31,2024-11-02
ord_05450,cust_0307,delivered,2024-08-29,2024-09-05,2024-09-19
ord_05451,cust_0485,processing,2024-04-26,2024-05-13,2024-05-06
ord_05452,cust_0283,delivered,2024-02-24,2024-03-11,2024-03-02
ord_05453,cust_0067,shipped,2024-11-11,2024-11-29,2024-11-22
ord_05454,cust_0325,processing,2024-12-12,2025-01-03,2025-01-06
ord_05455,cust_0397,delivered,2024-05-08,2024-05-26,2024-05-30
ord_05456,cust_0174,shipped,2024-10-01,2024-10-10,2024-10-23
ord_05457,cust_0287,delivered,2024-01-21,2024-02-07,2024-02-10
ord_05458,cust_0281,delivered,2024-01-04,2024-01-12,2024-01-20
ord_05459,cust_0188,canceled,2024-12-10,2025-01-05,2025-01-03
ord_05460,cust_0017,delivered,2024-08-26,2024-09-25,2024-09-18
ord_05461,cust_0343,canceled,2024-03-27,2024-04-19,2024-04-11
ord_05462,cust_0110,processing,2024-04-09,2024-05-07,2024-04-20
ord_05463,cust_0201,delivered,2024-04-05,2024-04-13,2024-04-15
ord_05464,cust_0283,canceled,2024-07-15,2024-08-06,2024-08-03
ord_05465,cust_0342,processing,2024-08-21,2024-09-01,2024-09-09
ord_05466,cust_0350,canceled,2024-01-11,2024-01-26,2024-02-01
ord_05467,cust_0126,canceled,2024-02-03,2024-02-19,2024-02-13
ord_05468,cust_0046,canceled,2024-12-22,2025-01-17,2025-01-02
ord_05469,cust_0430,processing,2024-01-29,2024-02-24,2024-02-08
ord_05470,cust_0199,delivered,2024-06-01,2024-06-30,2024-06-12
ord_05471,cust_0112,shipped,2024-01-03,2024-01-21,2024-01-10
ord_05472,cust_0393,canceled,2024-07-05,2024-07-09,2024-07-28
ord_05473,cust_0360,delivered,2024-03-21,2024-04-02,2024-04-03
ord_05474,cust_0296,shipped,2024-11-13,2024-12-03,2024-11-27
ord_05475,cust_0258,delivered,2024-05-27,2024-06-16,2024-06-12
ord_05476,cust_0155,delivered,2024-04-22,2024-04-25,2024-04-29
ord_05477,cust_0417,delivered,2024-08-05,2024-08-27,2024-08-14
ord_05478,cust_0024,shipped,2024-06-10,2024-07-10,2024-06-24
ord_05479,cust_0194,processing,2024-02-21,2024-03-06,2024-03-01
ord_05480,cust_0199,canceled,2024-07-05,2024-08-01,2024-07-29
ord_05481,cust_0119,canceled,2024-07-25,2024-08-19,2024-08-08
ord_05482,cust_0047,delivered,2024-04-29,2024-05-11,2024-05-23
ord_05483,cust_0420,delivered,2024-01-02,2024-01-15,2024-01-09
ord_05484,cust_0133,shipped,2024-05-21,2024-06-08,2024-06-10
ord_05485,cust_0404,processing,2024-09-08,2024-09-27,2024-10-03
ord_05486,cust_0127,canceled,2024-03-03,2024-03-16,2024-03-25
ord_05487,cust_0071,delivered,2024-06-13,2024-07-09,2024-06-23
ord_05488,cust_0414,delivered,2024-08-17,2024-09-04,2024-09-03
ord_05489,cust_0191,processing,2024-03-09,2024-03-19,2024-04-03
ord_05490,cust_0186,canceled,2024-09-16,2024-09-22,2024-10-03
ord_05491,cust_0391,processing,2024-03-20,2024-04-04,2024-03-28
ord_05492,cust_0010,shipped,2024-03-23,2024-04-02,2024-04-11
ord_05493,cust_0223,canceled,2024-05-31,2024-06-28,2024-06-16
ord_05494,cust_0240,shipped,2024-05-23,2024-06-08,2024-06-13
ord_05495,cust_0227,delivered,2024-01-19,2024-02-02,2024-01-28
ord_05496,cust_0032,processing,2024-01-14,2024-01-31,2024-01-27
ord_05497,cust_0413,canceled,2024-03-03,2024-03-17,2024-03-22
ord_05498,cust_0329,shipped,2024-11-29,2024-12-17,2024-12-23
ord_05499,cust_0111,delivered,2024-09-03,2024-09-27,2024-09-11
ord_05500,cust_0117,delivered,2024-09-06,2024-09-19,2024-09-22
ord_05501,cust_0421,delivered,2024-04-05,2024-04-22,2024-04-21
ord_05502,cust_0362,processing,2024-06-03,2024-06-22,2024-06-20
ord_05503,cust_0026,shipped,2024-12-09,2024-12-17,2024-12-28
ord_05504,cust_0133,processing,2024-10-15,2024-10-23,2024-11-01
ord_05505,cust_0076,processing,2024-12-16,2025-01-04,2025-01-04
ord_05506,cust_0427,canceled,2024-04-05,2024-04-25,2024-04-28
ord_05507,cust_0220,canceled,2024-01-24,2024-02-10,2024-02-13
ord_05508,cust_0335,processing,2024-03-10,2024-03-13,2024-03-31
ord_05509,cust_0245,delivered,2024-12-15,2024-12-24,2024-12-26
ord_05510,cust_0107,processing,2024-12-27,2025-01-05,2025-01-13
ord_05511,cust_0184,shipped,2024-08-31,2024-09-16,2024-09-11
ord_05512,cust_0370,processing,2024-04-21,2024-05-10,2024-05-11
ord_05513,cust_0459,delivered,2024-11-06,2024-11-10,2024-11-26
ord_05514,cust_0202,shipped,2024-05-14,2024-06-02,2024-06-06
ord_05515,cust_0400,canceled,2024-03-31,2024-04-04,2024-04-17
ord_05516,cust_0178,delivered,2024-04-30,2024-05-11,2024-05-07
ord_05517,cust_0243,shipped,2024-12-17,2025-01-05,2024-12-28
ord_05518,cust_0490,canceled,2024-10-22,2024-11-07,2024-10-31
ord_05519,cust_0220,canceled,2024-11-01,2024-12-01,2024-11-22
ord_05520,cust_0350,canceled,2024-01-05,2024-01-18,2024-01-18
ord_05521,cust_0378,processing,2024-07-29,2024-08-15,2024-08-06
ord_05522,cust_0256,canceled,2024-09-13,2024-10-05,2024-10-04
ord_05523,cust_0224,delivered,2024-06-25,2024-07-06,2024-07-07
ord_05524,cust_0124,canceled,2024-10-27,2024-11-21,2024-11-03
ord_05525,cust_0245,shipped,2024-03-16,2024-04-15,2024-03-28
ord_05526,cust_0234,shipped,2024-07-25,2024-08-20,2024-08-05
ord_05527,cust_0090,shipped,2024-04-02,2024-04-06,2024-04-14
ord_05528,cust_0390,delivered,2024-09-03,2024-09-09,2024-09-13
ord_05529,cust_0334,processing,2024-08-25,2024-09-23,2024-09-12
ord_05530,cust_0496,processing,2024-08-06,2024-08-28,2024-08-16
ord_05531,cust_0030,canceled,2024-02-24,2024-03-11,2024-03-07
ord_05532,cust_0191,delivered,2024-03-21,2024-04-12,2024-04-14
ord_05533,cust_0207,shipped,2024-05-27,2024-06-07,2024-06-20
ord_05534,cust_0482,delivered,2024-01-17,2024-01-31,2024-01-29
ord_05535,cust_0107,shipped,2024-08-05,2024-08-26,2024-08-12
ord_05536,cust_0383,processing,2024-04-05,2024-04-08,2024-04-17
ord_05537,cust_0008,delivered,2024-10-18,2024-11-15,2024-11-11
ord_05538,cust_0138,processing,2024-05-16,2024-05-24,2024-06-04
ord_05539,cust_0280,delivered,2024-02-09,2024-02-13,2024-02-29
ord_05540,cust_0453,delivered,2024-02-06,2024-02-23,2024-02-27
ord_05541,cust_0205,shipped,2024-04-20,2024-05-18,2024-04-29
ord_05542,cust_0455,canceled,2024-08-16,2024-09-12,2024-08-24
ord_05543,cust_0150,shipped,2024-12-16,2024-12-19,2024-12-24
ord_05544,cust_0428,processing,2024-04-16,2024-04-24,2024-05-06
ord_05545,cust_0193,shipped,2024-04-03,2024-04-14,2024-04-18
ord_05546,cust_0082,canceled,2024-02-27,2024-03-28,2024-03-19
ord_05547,cust_0469,delivered,2024-08-15,2024-08-31,2024-08-29
ord_05548,cust_0017,processing,2024-10-03,2024-10-13,2024-10-28
ord_05549,cust_0081,canceled,2024-06-15,2024-06-26,2024-06-23
ord_05550,cust_0167,delivered,2024-11-11,2024-12-07,2024-12-05
ord_05551,cust_0378,shipped,2024-12-23,2025-01-14,2025-01-06
ord_05552,cust_0389,processing,2024-03-06,2024-03-23,2024-03-18
ord_05553,cust_0082,delivered,2024-04-02,2024-04-22,2024-04-11
ord_05554,cust_0334,delivered,2024-07-17,2024-07-27,2024-08-04
ord_05555,cust_0419,processing,2024-06-01,2024-06-28,2024-06-26
ord_05556,cust_0368,processing,2024-01-31,2024-02-07,2024-02-20
ord_05557,cust_0422,shipped,2024-08-19,2024-09-03,2024-09-05
ord_05558,cust_0284,canceled,2024-08-20,2024-09-19,2024-09-01
ord_05559,cust_0251,canceled,2024-07-01,2024-07-10,2024-07-26
ord_05560,cust_0192,delivered,2024-11-15,2024-12-11,2024-12-10
ord_05561,cust_0259,processing,2024-08-19,2024-09-14,2024-08-26
ord_05562,cust_0215,processing,2024-06-03,2024-07-02,2024-06-10
ord_05563,cust_0434,delivered,2024-07-05,2024-08-01,2024-07-25
ord_05564,cust_0006,delivered,2024-03-27,2024-03-31,2024-04-20
ord_05565,cust_0305,delivered,2024-10-16,2024-11-14,2024-10-28
ord_05566,cust_0463,canceled,2024-03-25,2024-04-02,2024-04-03
ord_05567,cust_0318,delivered,2024-06-02,2024-07-01,2024-06-16
ord_05568,cust_0294,delivered,2024-05-23,2024-06-03,2024-06-16
ord_05569,cust_0461,shipped,2024-10-26,2024-11-05,2024-11-07
ord_05570,cust_0106,shipped,2024-06-27,2024-07-06,2024-07-11
ord_05571,cust_0184,delivered,2024-01-04,2024-01-12,2024-01-18
ord_05572,cust_0464,canceled,2024-01-21,2024-01-28,2024-02-08
ord_05573,cust_0059,shipped,2024-06-25,2024-07-25,2024-07-03
ord_05574,cust_0408,delivered,2024-06-21,2024-07-03,2024-07-08
ord_05575,cust_0298,canceled,2024-04-25,2024-05-25,2024-05-14
ord_05576,cust_0320,shipped,2024-12-21,2025-01-18,2025-01-03
ord_05577,cust_0151,shipped,2024-05-05,2024-05-14,2024-05-17
ord_05578,cust_0219,shipped,2024-07-20,2024-07-28,2024-08-14
ord_05579,cust_0014,canceled,2024-01-04,2024-02-01,2024-01-28
ord_05580,cust_0331,shipped,2024-10-15,2024-11-10,2024-11-08
ord_05581,cust_0386,canceled,2024-03-03,2024-03-10,2024-03-18
ord_05582,cust_0030,processing,2024-02-16,2024-02-24,2024-03-12
ord_05583,cust_0161,shipped,2024-06-19,2024-07-16,2024-07-08
ord_05584,cust_0125,processing,2024-01-29,2024-02-04,2024-02-09
ord_05585,cust_0247,processing,2024-07-24,2024-08-02,2024-08-02
ord_05586,cust_0143,shipped,2024-06-07,2024-06-28,2024-06-25
ord_05587,cust_0094,canceled,2024-02-03,2024-02-06,2024-02-22
ord_05588,cust_0105,processing,2024-11-24,2024-11-29,2024-12-19
ord_05589,cust_0301,shipped,2024-06-24,2024-07-16,2024-07-04
ord_05590,cust_0039,shipped,2024-04-02,2024-04-17,2024-04-23
ord_05591,cust_0119,processing,2024-02-21,2024-03-10,2024-03-10
ord_05592,cust_0243,canceled,2024-03-06,2024-03-22,2024-03-21
ord_05593,cust_0323,processing,2024-03-18,2024-04-11,2024-04-10
ord_05594,cust_0460,shipped,2024-05-08,2024-05-23,2024-05-18
ord_05595,cust_0062,processing,2024-12-25,2024-12-28,2025-01-14
ord_05596,cust_0293,shipped,2024-04-27,2024-04-30,2024-05-04
ord_05597,cust_0463,canceled,2024-12-03,2024-12-29,2024-12-27
ord_05598,cust_0139,delivered,2024-06-10,2024-07-10,2024-06-21
ord_05599,cust_0033,canceled,2024-04-07,2024-04-15,2024-04-17
ord_05600,cust_0182,delivered,2024-12-19,2024-12-29,2025-01-05
ord_05601,cust_0108,shipped,2024-06-11,2024-06-17,2024-06-26
ord_05602,cust_0154,shipped,2024-02-21,2024-03-13,2024-03-02
ord_05603,cust_0265,processing,2024-12-07,2025-01-05,2024-12-15
ord_05604,cust_0327,shipped,2024-09-05,2024-09-26,2024-09-26
ord_05605,cust_0192,canceled,2024-05-13,2024-05-30,2024-05-24
ord_05606,cust_0257,shipped,2024-03-08,2024-03-15,2024-03-17
ord_05607,cust_0322,canceled,2024-12-28,2025-01-26,2025-01-12
ord_05608,cust_0303,shipped,2024-12-24,2025-01-13,2025-01-03
ord_05609,cust_0248,processing,2024-01-04,2024-01-16,2024-01-28
ord_05610,cust_0325,processing,2024-01-22,2024-02-07,2024-02-13
ord_05611,cust_0451,shipped,2024-10-21,2024-10-30,2024-11-03
ord_05612,cust_0286,processing,2024-03-28,2024-04-18,2024-04-22
ord_05613,cust_0447,delivered,2024-06-30,2024-07-06,2024-07-18
ord_05614,cust_0367,canceled,2024-03-25,2024-04-07,2024-04-15
ord_05615,cust_0453,canceled,2024-08-09,2024-08-20,2024-08-17
ord_05616,cust_0377,shipped,2024-11-21,2024-12-10,2024-12-09
ord_05617,cust_0359,processing,2024-10-04,2024-10-12,2024-10-21
ord_05618,cust_0070,processing,2024-12-29,2025-01-26,2025-01-20
ord_05619,cust_0137,processing,2024-03-29,2024-04-01,2024-04-21
ord_05620,cust_0399,shipped,2024-09-03,2024-09-10,2024-09-28
ord_05621,cust_0442,canceled,2024-07-04,2024-07-16,2024-07-17
ord_05622,cust_0201,shipped,2024-07-10,2024-07-15,2024-08-04
ord_05623,cust_0094,canceled,2024-10-11,2024-10-19,2024-10-23
ord_05624,cust_0274,shipped,2024-01-05,2024-02-01,2024-01-15
ord_05625,cust_0087,canceled,2024-06-29,2024-07-25,2024-07-18
ord_05626,cust_0211,shipped,2024-08-16,2024-08-24,2024-09-09
ord_05627,cust_0451,shipped,2024-10-28,2024-11-24,2024-11-12
ord_05628,cust_0436,shipped,2024-11-26,2024-11-29,2024-12-05
ord_05629,cust_0045,canceled,2024-03-24,2024-04-03,2024-04-08
ord_05630,cust_0305,delivered,2024-10-18,2024-11-08,2024-10-30
ord_05631,cust_0202,shipped,2024-01-07,2024-01-29,2024-01-27
ord_05632,cust_0069,processing,2024-12-21,2025-01-07,2024-12-29
ord_05633,cust_0471,canceled,2024-07-23,2024-07-26,2024-08-07
ord_05634,cust_0221,shipped,2024-01-27,2024-02-17,2024-02-14
ord_05635,cust_0429,canceled,2024-04-04,2024-04-09,2024-04-26
ord_05636,cust_0368,shipped,2024-11-27,2024-12-01,2024-12-04
ord_05637,cust_0378,delivered,2024-11-10,2024-11-15,2024-11-18
ord_05638,cust_0190,shipped,2024-10-21,2024-10-31,2024-11-04
ord_05639,cust_0069,shipped,2024-10-02,2024-10-24,2024-10-14
ord_05640,cust_0048,delivered,2024-06-01,2024-06-30,2024-06-22
ord_05641,cust_0437,delivered,2024-10-30,2024-11-09,2024-11-18
ord_05642,cust_0495,delivered,2024-12-21,2024-12-25,2025-01-10
ord_05643,cust_0249,delivered,2024-09-27,2024-10-04,2024-10-18
ord_05644,cust_0205,delivered,2024-06-13,2024-06-28,2024-06-28
ord_05645,cust_0426,delivered,2024-12-16,2025-01-11,2025-01-05
ord_05646,cust_0201,canceled,2024-08-30,2024-09-15,2024-09-10
ord_05647,cust_0366,canceled,2024-04-21,2024-05-16,2024-05-14
ord_05648,cust_0167,shipped,2024-01-06,2024-01-09,2024-01-31
ord_05649,cust_0139,processing,2024-08-25,2024-09-02,2024-09-07
ord_05650,cust_0338,shipped,2024-02-16,2024-03-04,2024-03-07
ord_05651,cust_0106,shipped,2024-04-24,2024-05-18,2024-05-04
ord_05652,cust_0330,canceled,2024-07-29,2024-08-04,2024-08-05
ord_05653,cust_0495,processing,2024-05-24,2024-06-18,2024-06-02
ord_05654,cust_0367,delivered,2024-06-02,2024-06-09,2024-06-15
ord_05655,cust_0461,canceled,2024-07-18,2024-08-01,2024-08-02
ord_05656,cust_0236,shipped,2024-02-29,2024-03-26,2024-03-13
ord_05657,cust_0268,canceled,2024-08-25,2024-09-12,2024-09-13
ord_05658,cust_0217,shipped,2024-09-01,2024-09-17,2024-09-09
ord_05659,cust_0093,delivered,2024-05-08,2024-05-30,2024-05-24
ord_05660,cust_0243,canceled,2024-05-22,2024-06-07,2024-05-31
ord_05661,cust_0282,processing,2024-06-23,2024-06-29,2024-07-16
ord_05662,cust_0318,shipped,2024-01-11,2024-01-16,2024-02-02
ord_05663,cust_0022,shipped,2024-03-29,2024-04-10,2024-04-10
ord_05664,cust_0228,canceled,2024-05-26,2024-06-15,2024-06-09
ord_05665,cust_0040,processing,2024-05-16,2024-06-12,2024-05-31
ord_05666,cust_0177,processing,2024-03-27,2024-04-06,2024-04-11
ord_05667,cust_0257,processing,2024-06-20,2024-07-18,2024-07-03
ord_05668,cust_0292,delivered,2024-10-20,2024-10-31,2024-11-10
ord_05669,cust_0396,canceled,2024-03-25,2024-04-08,2024-04-10
ord_05670,cust_0215,delivered,2024-04-25,2024-05-10,2024-05-06
ord_05671,cust_0089,shipped,2024-05-23,2024-06-17,2024-06-13
ord_05672,cust_0033,delivered,2024-09-21,2024-10-07,2024-10-06
ord_05673,cust_0117,canceled,2024-01-02,2024-01-24,2024-01-19
ord_05674,cust_0380,canceled,2024-11-16,2024-11-29,2024-12-08
ord_05675,cust_0372,canceled,2024-03-30,2024-04-04,2024-04-18
ord_05676,cust_0309,delivered,2024-04-30,2024-05-13,2024-05-25
ord_05677,cust_0245,delivered,2024-01-17,2024-02-07,2024-01-31
ord_05678,cust_0026,canceled,2024-05-14,2024-06-07,2024-06-03
ord_05679,cust_0378,delivered,2024-09-07,2024-10-07,2024-09-27
ord_05680,cust_0259,canceled,2024-05-30,2024-06-09,2024-06-20
ord_05681,cust_0027,processing,2024-05-21,2024-05-30,2024-06-11
ord_05682,cust_0386,processing,2024-07-11,2024-07-16,2024-08-04
ord_05683,cust_0450,processing,2024-11-29,2024-12-29,2024-12-17
ord_05684,cust_0068,processing,2024-05-11,2024-05-27,2024-06-01
ord_05685,cust_0474,delivered,2024-04-29,2024-05-14,2024-05-23
ord_05686,cust_0452,delivered,2024-07-07,2024-07-31,2024-07-23
ord_05687,cust_0383,delivered,2024-09-22,2024-10-06,2024-10-15
ord_05688,cust_0244,shipped,2024-01-31,2024-02-07,2024-02-21
ord_05689,cust_0006,canceled,2024-10-22,2024-11-20,2024-11-01
ord_05690,cust_0333,processing,2024-06-20,2024-06-24,2024-07-11
ord_05691,cust_0187,processing,2024-01-11,2024-01-23,2024-01-25
ord_05692,cust_0461,delivered,2024-08-07,2024-08-11,2024-08-24
ord_05693,cust_0228,canceled,2024-04-26,2024-05-21,2024-05-10
ord_05694,cust_0126,shipped,2024-08-05,2024-08-26,2024-08-28
ord_05695,cust_0331,processing,2024-01-14,2024-01-29,2024-02-05
ord_05696,cust_0419,processing,2024-12-06,2024-12-15,2024-12-13
ord_05697,cust_0281,shipped,2024-08-29,2024-09-23,2024-09-08
ord_05698,cust_0216,processing,2024-04-03,2024-04-29,2024-04-15
ord_05699,cust_0398,delivered,2024-08-31,2024-09-21,2024-09-15
ord_05700,cust_0232,processing,2024-11-10,2024-11-13,2024-12-03
ord_05701,cust_0390,canceled,2024-06-17,2024-06-26,2024-07-10
ord_05702,cust_0199,processing,2024-12-12,2025-01-03,2024-12-20
ord_05703,cust_0105,canceled,2024-04-15,2024-05-06,2024-05-05
ord_05704,cust_0357,processing,2024-12-14,2025-01-12,2024-12-26
ord_05705,cust_0409,canceled,2024-07-23,2024-07-26,2024-08-09
ord_05706,cust_0293,shipped,2024-01-12,2024-02-11,2024-01-28
ord_05707,cust_0356,processing,2024-03-12,2024-04-10,2024-03-22
ord_05708,cust_0217,delivered,2024-01-31,2024-02-11,2024-02-24
ord_05709,cust_0350,processing,2024-10-06,2024-11-05,2024-10-25
ord_05710,cust_0106,shipped,2024-01-16,2024-02-01,2024-02-04
ord_05711,cust_0206,shipped,2024-02-01,2024-02-28,2024-02-10
ord_05712,cust_0243,shipped,2024-10-22,2024-11-15,2024-10-29
ord_05713,cust_0393,delivered,2024-10-24,2024-11-14,2024-11-05
ord_05714,cust_0477,shipped,2024-12-10,2024-12-31,2025-01-03
ord_05715,cust_0079,processing,2024-09-08,2024-09-14,2024-10-02
ord_05716,cust_0396,shipped,2024-12-25,2025-01-07,2025-01-07
ord_05717,cust_0378,delivered,2024-08-25,2024-08-30,2024-09-15
ord_05718,cust_0313,canceled,2024-09-30,2024-10-16,2024-10-16
ord_05719,cust_0150,shipped,2024-03-28,2024-04-12,2024-04-22
ord_05720,cust_0275,shipped,2024-01-16,2024-01-25,2024-02-10
ord_05721,cust_0491,canceled,2024-02-14,2024-03-09,2024-02-28
ord_05722,cust_0058,canceled,2024-06-03,2024-06-27,2024-06-10
ord_05723,cust_0313,processing,2024-07-02,2024-07-29,2024-07-27
ord_05724,cust_0307,shipped,2024-08-18,2024-08-21,2024-09-06
ord_05725,cust_0420,processing,2024-02-02,2024-02-24,2024-02-19
ord_05726,cust_0133,shipped,2024-04-07,2024-04-10,2024-04-25
ord_05727,cust_0468,canceled,2024-05-19,2024-05-29,2024-06-12
ord_05728,cust_0416,delivered,2024-12-03,2024-12-31,2024-12-17
ord_05729,cust_0239,delivered,2024-12-23,2024-12-30,2025-01-01
ord_05730,cust_0441,delivered,2024-07-31,2024-08-18,2024-08-23
ord_05731,cust_0489,canceled,2024-07-16,2024-08-08,2024-08-04
ord_05732,cust_0176,delivered,2024-12-05,2024-12-15,2024-12-15
ord_05733,cust_0452,shipped,2024-02-22,2024-03-08,2024-03-08
ord_05734,cust_0169,delivered,2024-11-30,2024-12-19,2024-12-09
ord_05735,cust_0059,processing,2024-04-12,2024-04-29,2024-04-20
ord_05736,cust_0212,canceled,2024-01-28,2024-02-19,2024-02-08
ord_05737,cust_0105,delivered,2024-01-22,2024-02-08,2024-01-30
ord_05738,cust_0017,delivered,2024-09-19,2024-10-12,2024-10-13
ord_05739,cust_0077,shipped,2024-08-20,2024-08-28,2024-09-08
ord_05740,cust_0090,canceled,2024-11-03,2024-11-19,2024-11-27
ord_05741,cust_0168,delivered,2024-06-02,2024-07-01,2024-06-25
ord_05742,cust_0235,shipped,2024-12-04,2025-01-03,2024-12-11
ord_05743,cust_0495,canceled,2024-09-21,2024-10-10,2024-10-16
ord_05744,cust_0324,canceled,2024-10-16,2024-10-24,2024-11-06
ord_05745,cust_0277,delivered,2024-02-15,2024-02-20,2024-03-06
ord_05746,cust_0369,processing,2024-08-04,2024-08-25,2024-08-14
ord_05747,cust_0208,processing,2024-02-26,2024-03-05,2024-03-19
ord_05748,cust_0017,shipped,2024-03-08,2024-03-11,2024-04-01
ord_05749,cust_0234,delivered,2024-01-09,2024-01-19,2024-01-19
ord_05750,cust_0473,processing,2024-11-21,2024-12-18,2024-12-03
ord_05751,cust_0144,canceled,2024-04-09,2024-05-03,2024-04-24
ord_05752,cust_0323,shipped,2024-04-21,2024-05-04,2024-05-10
ord_05753,cust_0268,processing,2024-11-24,2024-12-05,2024-12-11
ord_05754,cust_0006,canceled,2024-01-04,2024-01-09,2024-01-16
ord_05755,cust_0153,shipped,2024-12-04,2024-12-28,2024-12-15
ord_05756,cust_0209,delivered,2024-12-02,2024-12-16,2024-12-15
ord_05757,cust_0490,shipped,2024-10-26,2024-10-31,2024-11-06
ord_05758,cust_0005,shipped,2024-08-22,2024-09-05,2024-09-05
ord_05759,cust_0232,processing,2024-10-09,2024-10-20,2024-11-03
ord_05760,cust_0313,processing,2024-12-26,2024-12-30,2025-01-09
ord_05761,cust_0001,shipped,2024-11-28,2024-12-25,2024-12-19
ord_05762,cust_0163,shipped,2024-05-30,2024-06-09,2024-06-18
ord_05763,cust_0181,canceled,2024-12-19,2024-12-31,2024-12-27
ord_05764,cust_0131,delivered,2024-04-23,2024-05-18,2024-05-13
ord_05765,cust_0405,canceled,2024-12-24,2025-01-13,2025-01-14
ord_05766,cust_0498,shipped,2024-05-22,2024-06-15,2024-05-29
ord_05767,cust_0431,shipped,2024-07-23,2024-08-21,2024-08-07
ord_05768,cust_0232,processing,2024-03-01,2024-03-15,2024-03-26
ord_05769,cust_0142,processing,2024-05-07,2024-05-26,2024-05-25
ord_05770,cust_0492,shipped,2024-07-29,2024-08-05,2024-08-11
ord_05771,cust_0196,processing,2024-04-28,2024-05-14,2024-05-06
ord_05772,cust_0209,canceled,2024-08-25,2024-09-16,2024-09-17
ord_05773,cust_0191,canceled,2024-10-26,2024-10-31,2024-11-06
ord_05774,cust_0496,shipped,2024-10-17,2024-11-15,2024-11-08
ord_05775,cust_0488,canceled,2024-03-10,2024-04-05,2024-03-18
ord_05776,cust_0199,shipped,2024-04-05,2024-04-27,2024-04-28
ord_05777,cust_0318,shipped,2024-03-25,2024-04-10,2024-04-19
ord_05778,cust_0204,delivered,2024-01-06,2024-01-21,2024-01-26
ord_05779,cust_0209,shipped,2024-08-20,2024-09-10,2024-09-14
ord_05780,cust_0313,shipped,2024-04-06,2024-04-20,2024-04-25
ord_05781,cust_0127,shipped,2024-10-28,2024-11-23,2024-11-21
ord_05782,cust_0377,processing,2024-06-13,2024-07-10,2024-07-07
ord_05783,cust_0238,processing,2024-07-23,2024-08-12,2024-08-15
ord_05784,cust_0191,processing,2024-08-18,2024-09-09,2024-08-30
ord_05785,cust_0127,canceled,2024-01-07,2024-01-19,2024-01-17
ord_05786,cust_0268,canceled,2024-09-25,2024-10-03,2024-10-03
ord_05787,cust_0049,canceled,2024-11-07,2024-12-06,2024-11-21
ord_05788,cust_0382,shipped,2024-04-12,2024-05-04,2024-05-05
ord_05789,cust_0065,processing,2024-11-02,2024-11-07,2024-11-13
ord_05790,cust_0460,delivered,2024-01-06,2024-01-09,2024-01-13
ord_05791,cust_0335,processing,2024-05-28,2024-06-09,2024-06-05
ord_05792,cust_0490,canceled,2024-07-23,2024-07-30,2024-08-01
ord_05793,cust_0437,delivered,2024-11-29,2024-12-23,2024-12-13
ord_05794,cust_0037,shipped,2024-05-25,2024-06-20,2024-06-19
ord_05795,cust_0105,processing,2024-06-02,2024-06-08,2024-06-09
ord_05796,cust_0241,shipped,2024-06-13,2024-06-20,2024-07-07
ord_05797,cust_0223,canceled,2024-01-17,2024-02-07,2024-02-10
ord_05798,cust_0082,shipped,2024-12-09,2024-12-24,2024-12-25
ord_05799,cust_0318,shipped,2024-05-31,2024-06-03,2024-06-17
ord_05800,cust_0120,canceled,2024-01-29,2024-02-17,2024-02-10
ord_05801,cust_0478,processing,2024-04-28,2024-05-01,2024-05-23
ord_05802,cust_0319,canceled,2024-08-06,2024-08-22,2024-08-16
ord_05803,cust_0065,delivered,2024-10-13,2024-11-04,2024-11-01
ord_05804,cust_0206,shipped,2024-11-28,2024-12-28,2024-12-16
ord_05805,cust_0338,canceled,2024-01-03,2024-01-08,2024-01-25
ord_05806,cust_0230,processing,2024-05-05,2024-05-28,2024-05-12
ord_05807,cust_0221,canceled,2024-07-28,2024-08-03,2024-08-20
ord_05808,cust_0435,delivered,2024-09-02,2024-09-09,2024-09-18
ord_05809,cust_0252,canceled,2024-06-07,2024-06-17,2024-06-23
ord_05810,cust_0163,shipped,2024-03-02,2024-03-27,2024-03-14
ord_05811,cust_0247,canceled,2024-02-07,2024-03-02,2024-02-20
ord_05812,cust_0027,processing,2024-07-26,2024-08-01,2024-08-02
ord_05813,cust_0329,shipped,2024-09-07,2024-09-25,2024-09-20
ord_05814,cust_0032,shipped,2024-02-07,2024-02-25,2024-02-25
ord_05815,cust_0391,shipped,2024-08-02,2024-08-07,2024-08-27
ord_05816,cust_0427,delivered,2024-01-24,2024-01-31,2024-02-10
ord_05817,cust_0248,shipped,2024-10-29,2024-11-07,2024-11-21
ord_05818,cust_0098,canceled,2024-04-17,2024-05-04,2024-04-25
ord_05819,cust_0437,canceled,2024-04-04,2024-05-02,2024-04-20
ord_05820,cust_0147,delivered,2024-05-20,2024-06-19,2024-06-10
ord_05821,cust_0014,processing,2024-05-18,2024-06-05,2024-06-07
ord_05822,cust_0397,shipped,2024-09-30,2024-10-16,2024-10-11
ord_05823,cust_0355,processing,2024-06-10,2024-06-15,2024-06-17
ord_05824,cust_0399,delivered,2024-07-30,2024-08-12,2024-08-08
ord_05825,cust_0471,canceled,2024-08-29,2024-09-21,2024-09-06
ord_05826,cust_0493,shipped,2024-02-15,2024-03-04,2024-02-29
ord_05827,cust_0041,canceled,2024-10-02,2024-10-23,2024-10-20
ord_05828,cust_0498,canceled,2024-06-29,2024-07-14,2024-07-12
ord_05829,cust_0286,canceled,2024-01-19,2024-02-10,2024-01-28
ord_05830,cust_0178,delivered,2024-09-17,2024-09-20,2024-10-05
ord_05831,cust_0134,canceled,2024-02-18,2024-03-02,2024-03-10
ord_05832,cust_0128,delivered,2024-11-13,2024-11-28,2024-12-01
ord_05833,cust_0421,processing,2024-07-22,2024-07-26,2024-08-13
ord_05834,cust_0006,shipped,2024-01-02,2024-01-06,2024-01-18
ord_05835,cust_0164,canceled,2024-01-07,2024-02-01,2024-01-23
ord_05836,cust_0010,shipped,2024-03-01,2024-03-21,2024-03-16
ord_05837,cust_0077,shipped,2024-11-05,2024-12-03,2024-11-29
ord_05838,cust_0013,shipped,2024-02-11,2024-03-10,2024-03-06
ord_05839,cust_0394,shipped,2024-10-28,2024-11-12,2024-11-16
ord_05840,cust_0191,processing,2024-01-21,2024-01-31,2024-02-13
ord_05841,cust_0338,processing,2024-12-16,2024-12-27,2024-12-23
ord_05842,cust_0078,processing,2024-09-30,2024-10-20,2024-10-07
ord_05843,cust_0047,processing,2024-06-13,2024-06-21,2024-06-30
ord_05844,cust_0364,shipped,2024-05-24,2024-06-18,2024-06-13
ord_05845,cust_0176,processing,2024-04-14,2024-05-10,2024-04-28
ord_05846,cust_0478,shipped,2024-03-08,2024-03-17,2024-03-16
ord_05847,cust_0135,delivered,2024-11-05,2024-11-22,2024-11-21
ord_05848,cust_0391,processing,2024-09-14,2024-10-03,2024-09-22
ord_05849,cust_0369,processing,2024-09-06,2024-09-10,2024-09-29
ord_05850,cust_0022,delivered,2024-01-22,2024-02-13,2024-02-03
ord_05851,cust_0277,canceled,2024-11-02,2024-11-27,2024-11-11
ord_05852,cust_0103,shipped,2024-04-23,2024-04-28,2024-05-02
ord_05853,cust_0050,canceled,2024-07-18,2024-08-02,2024-07-28
ord_05854,cust_0174,delivered,2024-10-02,2024-10-13,2024-10-26
ord_05855,cust_0124,shipped,2024-06-24,2024-07-02,2024-07-13
ord_05856,cust_0305,processing,2024-12-02,2024-12-08,2024-12-12
ord_05857,cust_0409,shipped,2024-01-17,2024-01-29,2024-02-07
ord_05858,cust_0116,processing,2024-03-16,2024-03-19,2024-04-02
ord_05859,cust_0245,canceled,2024-12-13,2024-12-16,2025-01-04
ord_05860,cust_0152,processing,2024-07-05,2024-07-30,2024-07-20
ord_05861,cust_0443,shipped,2024-12-23,2025-01-20,2024-12-31
ord_05862,cust_0228,delivered,2024-11-23,2024-12-02,2024-12-02
ord_05863,cust_0422,canceled,2024-05-28,2024-06-12,2024-06-06
ord_05864,cust_0216,processing,2024-05-04,2024-05-25,2024-05-19
ord_05865,cust_0447,processing,2024-07-17,2024-08-02,2024-07-28
ord_05866,cust_0360,processing,2024-04-02,2024-04-12,2024-04-19
ord_05867,cust_0500,delivered,2024-01-02,2024-01-16,2024-01-16
ord_05868,cust_0038,canceled,2024-03-11,2024-04-06,2024-03-30
ord_05869,cust_0249,processing,2024-01-09,2024-01-16,2024-01-27
ord_05870,cust_0265,processing,2024-01-04,2024-01-13,2024-01-23
ord_05871,cust_0202,shipped,2024-01-25,2024-02-07,2024-02-02
ord_05872,cust_0123,processing,2024-01-22,2024-02-06,2024-02-10
ord_05873,cust_0067,delivered,2024-01-05,2024-01-19,2024-01-13
ord_05874,cust_0137,delivered,2024-11-27,2024-12-20,2024-12-17
ord_05875,cust_0062,delivered,2024-11-15,2024-12-05,2024-12-10
ord_05876,cust_0304,delivered,2024-04-20,2024-05-11,2024-04-28
ord_05877,cust_0328,delivered,2024-03-25,2024-03-29,2024-04-08
ord_05878,cust_0012,canceled,2024-03-14,2024-03-28,2024-03-25
ord_05879,cust_0393,processing,2024-06-22,2024-06-30,2024-07-05
ord_05880,cust_0357,canceled,2024-07-08,2024-07-29,2024-07-29
ord_05881,cust_0295,shipped,2024-04-28,2024-05-28,2024-05-08
ord_05882,cust_0320,processing,2024-07-19,2024-07-23,2024-07-27
ord_05883,cust_0179,processing,2024-01-23,2024-01-30,2024-02-13
ord_05884,cust_0132,canceled,2024-05-31,2024-06-24,2024-06-17
ord_05885,cust_0023,canceled,2024-11-18,2024-12-09,2024-11-29
ord_05886,cust_0493,canceled,2024-05-26,2024-06-21,2024-06-19
ord_05887,cust_0116,delivered,2024-12-21,2025-01-02,2025-01-07
ord_05888,cust_0323,delivered,2024-03-04,2024-03-24,2024-03-11
ord_05889,cust_0179,canceled,2024-10-07,2024-10-29,2024-10-26
ord_05890,cust_0454,canceled,2024-09-28,2024-10-07,2024-10-14
ord_05891,cust_0081,shipped,2024-06-18,2024-07-03,2024-07-07
ord_05892,cust_0077,delivered,2024-11-01,2024-11-29,2024-11-19
ord_05893,cust_0027,canceled,2024-09-09,2024-10-01,2024-10-01
ord_05894,cust_0007,shipped,2024-12-24,2025-01-09,2025-01-12
ord_05895,cust_0431,shipped,2024-07-28,2024-08-03,2024-08-17
ord_05896,cust_0016,processing,2024-06-07,2024-06-27,2024-06-27
ord_05897,cust_0443,shipped,2024-01-06,2024-01-18,2024-01-27
ord_05898,cust_0068,shipped,2024-08-03,2024-08-18,2024-08-10
ord_05899,cust_0188,canceled,2024-06-29,2024-07-27,2024-07-08
ord_05900,cust_0489,shipped,2024-01-14,2024-01-19,2024-02-01
ord_05901,cust_0226,shipped,2024-12-14,2024-12-17,2024-12-23
ord_05902,cust_0217,processing,2024-12-13,2025-01-08,2024-12-22
ord_05903,cust_0028,canceled,2024-02-18,2024-03-02,2024-03-09
ord_05904,cust_0032,canceled,2024-09-26,2024-10-13,2024-10-21
ord_05905,cust_0155,delivered,2024-03-07,2024-03-15,2024-03-22
ord_05906,cust_0168,canceled,2024-04-17,2024-04-27,2024-05-12
ord_05907,cust_0029,processing,2024-08-14,2024-09-04,2024-08-29
ord_05908,cust_0110,delivered,2024-05-15,2024-06-10,2024-06-02
ord_05909,cust_0356,processing,2024-12-14,2025-01-11,2024-12-31
ord_05910,cust_0371,processing,2024-10-25,2024-10-29,2024-11-11
ord_05911,cust_0389,processing,2024-03-04,2024-03-25,2024-03-13
ord_05912,cust_0434,processing,2024-08-10,2024-09-05,2024-08-26
ord_05913,cust_0170,processing,2024-10-24,2024-11-02,2024-11-13
ord_05914,cust_0100,canceled,2024-03-04,2024-03-24,2024-03-18
ord_05915,cust_0322,processing,2024-11-06,2024-11-24,2024-11-21
ord_05916,cust_0192,processing,2024-07-21,2024-08-10,2024-07-28
ord_05917,cust_0497,shipped,2024-01-26,2024-02-22,2024-02-07
ord_05918,cust_0411,delivered,2024-12-21,2025-01-08,2025-01-12
ord_05919,cust_0439,delivered,2024-10-04,2024-10-15,2024-10-18
ord_05920,cust_0096,shipped,2024-11-24,2024-11-30,2024-12-19
ord_05921,cust_0222,processing,2024-01-14,2024-02-05,2024-02-01
ord_05922,cust_0436,shipped,2024-05-03,2024-05-12,2024-05-16
ord_05923,cust_0109,shipped,2024-12-19,2025-01-13,2025-01-10
ord_05924,cust_0149,canceled,2024-04-17,2024-05-08,2024-05-06
ord_05925,cust_0472,shipped,2024-01-21,2024-01-29,2024-02-14
ord_05926,cust_0418,processing,2024-06-13,2024-06-23,2024-06-25
ord_05927,cust_0335,shipped,2024-08-23,2024-09-07,2024-09-17
ord_05928,cust_0243,shipped,2024-05-12,2024-05-20,2024-06-02
ord_05929,cust_0115,canceled,2024-11-14,2024-12-09,2024-11-26
ord_05930,cust_0070,shipped,2024-11-29,2024-12-06,2024-12-07
ord_05931,cust_0295,delivered,2024-12-17,2024-12-25,2024-12-24
ord_05932,cust_0034,processing,2024-05-08,2024-06-02,2024-05-15
ord_05933,cust_0390,shipped,2024-11-11,2024-11-20,2024-11-25
ord_05934,cust_0071,shipped,2024-09-21,2024-10-02,2024-10-07
ord_05935,cust_0310,shipped,2024-06-01,2024-06-19,2024-06-10
ord_05936,cust_0170,canceled,2024-11-07,2024-11-10,2024-11-29
ord_05937,cust_0354,canceled,2024-02-13,2024-02-26,2024-02-28
ord_05938,cust_0469,processing,2024-03-05,2024-03-20,2024-03-13
ord_05939,cust_0354,delivered,2024-06-14,2024-06-30,2024-07-09
ord_05940,cust_0064,delivered,2024-04-13,2024-05-03,2024-04-27
ord_05941,cust_0404,canceled,2024-01-02,2024-01-27,2024-01-21
ord_05942,cust_0095,processing,2024-05-05,2024-05-14,2024-05-16
ord_05943,cust_0468,shipped,2024-11-16,2024-12-12,2024-11-27
ord_05944,cust_0240,shipped,2024-09-09,2024-09-26,2024-09-30
ord_05945,cust_0454,delivered,2024-04-14,2024-04-19,2024-05-04
ord_05946,cust_0374,processing,2024-07-22,2024-08-06,2024-08-07
ord_05947,cust_0002,shipped,2024-01-15,2024-02-12,2024-02-05
ord_05948,cust_0122,processing,2024-10-12,2024-10-26,2024-10-20
ord_05949,cust_0087,canceled,2024-01-18,2024-01-31,2024-02-04
ord_05950,cust_0044,delivered,2024-03-10,2024-04-02,2024-03-26
ord_05951,cust_0373,delivered,2024-11-23,2024-12-11,2024-12-09
ord_05952,cust_0010,processing,2024-03-08,2024-03-26,2024-03-23
ord_05953,cust_0260,shipped,2024-08-30,2024-09-27,2024-09-17
ord_05954,cust_0071,canceled,2024-08-07,2024-08-24,2024-08-27
ord_05955,cust_0426,shipped,2024-10-18,2024-10-21,2024-11-07
ord_05956,cust_0126,processing,2024-01-08,2024-02-06,2024-01-16
ord_05957,cust_0340,canceled,2024-04-07,2024-05-05,2024-04-30
ord_05958,cust_0453,canceled,2024-11-20,2024-12-20,2024-12-09
ord_05959,cust_0145,processing,2024-07-29,2024-08-24,2024-08-07
ord_05960,cust_0331,shipped,2024-05-16,2024-05-29,2024-06-07
ord_05961,cust_0301,processing,2024-02-23,2024-03-13,2024-03-07
ord_05962,cust_0363,canceled,2024-10-21,2024-11-19,2024-11-14
ord_05963,cust_0132,processing,2024-11-02,2024-11-30,2024-11-11
ord_05964,cust_0417,canceled,2024-01-18,2024-02-08,2024-02-04
ord_05965,cust_0306,shipped,2024-01-08,2024-02-07,2024-01-24
ord_05966,cust_0397,processing,2024-03-14,2024-04-12,2024-04-03
ord_05967,cust_0068,shipped,2024-05-31,2024-06-09,2024-06-11
ord_05968,cust_0052,shipped,2024-10-29,2024-11-09,2024-11-17
ord_05969,cust_0300,delivered,2024-02-21,2024-02-29,2024-03-16
ord_05970,cust_0169,canceled,2024-12-04,2025-01-03,2024-12-14
ord_05971,cust_0129,delivered,2024-10-14,2024-10-27,2024-10-28
ord_05972,cust_0094,processing,2024-01-03,2024-01-28,2024-01-12
ord_05973,cust_0071,shipped,2024-08-11,2024-09-06,2024-08-23
ord_05974,cust_0481,processing,2024-10-29,2024-11-17,2024-11-14
ord_05975,cust_0175,processing,2024-06-02,2024-06-10,2024-06-14
ord_05976,cust_0357,processing,2024-08-24,2024-09-19,2024-09-16
ord_05977,cust_0397,shipped,2024-02-02,2024-03-03,2024-02-25
ord_05978,cust_0270,processing,2024-03-06,2024-03-15,2024-03-27
ord_05979,cust_0498,canceled,2024-01-30,2024-02-12,2024-02-23
ord_05980,cust_0026,processing,2024-02-04,2024-02-19,2024-02-27
ord_05981,cust_0358,canceled,2024-12-23,2024-12-28,2025-01-05
ord_05982,cust_0206,canceled,2024-10-21,2024-11-13,2024-11-08
ord_05983,cust_0307,canceled,2024-08-27,2024-09-22,2024-09-21
ord_05984,cust_0264,processing,2024-07-19,2024-07-22,2024-08-05
ord_05985,cust_0291,processing,2024-12-17,2025-01-03,2025-01-01
ord_05986,cust_0124,delivered,2024-04-08,2024-05-02,2024-05-02
ord_05987,cust_0079,shipped,2024-11-13,2024-12-13,2024-12-04
ord_05988,cust_0026,delivered,2024-07-21,2024-08-18,2024-07-31
ord_05989,cust_0043,processing,2024-10-20,2024-10-27,2024-11-09
ord_05990,cust_0051,processing,2024-07-24,2024-07-31,2024-07-31
ord_05991,cust_0376,processing,2024-06-14,2024-06-28,2024-07-01
ord_05992,cust_0487,canceled,2024-12-16,2025-01-04,2025-01-05
ord_05993,cust_0485,processing,2024-06-18,2024-07-06,2024-07-11
ord_05994,cust_0455,processing,2024-06-14,2024-06-27,2024-07-02
ord_05995,cust_0131,processing,2024-06-29,2024-07-05,2024-07-11
ord_05996,cust_0004,delivered,2024-08-08,2024-08-19,2024-08-15
ord_05997,cust_0173,processing,2024-07-16,2024-08-04,2024-08-06
ord_05998,cust_0150,delivered,2024-09-28,2024-10-28,2024-10-09
ord_05999,cust_0196,canceled,2024-07-01,2024-07-06,2024-07-21
ord_06000,cust_0079,shipped,2024-05-10,2024-05-23,2024-05-20
ord_06001,cust_0134,delivered,2024-05-11,2024-06-10,2024-05-27
ord_06002,cust_0478,canceled,2024-09-19,2024-10-10,2024-10-11
ord_06003,cust_0104,processing,2024-01-03,2024-01-10,2024-01-16
ord_06004,cust_0263,shipped,2024-09-30,2024-10-16,2024-10-07
ord_06005,cust_0445,delivered,2024-06-11,2024-07-10,2024-07-03
ord_06006,cust_0491,shipped,2024-02-02,2024-02-19,2024-02-09
ord_06007,cust_0452,canceled,2024-07-28,2024-08-06,2024-08-05
ord_06008,cust_0263,processing,2024-05-17,2024-05-24,2024-05-30
ord_06009,cust_0409,canceled,2024-02-01,2024-02-09,2024-02-09
ord_06010,cust_0115,delivered,2024-01-25,2024-02-14,2024-02-18
ord_06011,cust_0383,delivered,2024-11-07,2024-12-04,2024-11-22
ord_06012,cust_0007,processing,2024-04-18,2024-04-29,2024-05-13
ord_06013,cust_0306,processing,2024-11-22,2024-11-27,2024-12-14
ord_06014,cust_0431,canceled,2024-10-21,2024-11-08,2024-11-01
ord_06015,cust_0138,delivered,2024-06-21,2024-06-28,2024-07-15
ord_06016,cust_0313,canceled,2024-04-17,2024-05-01,2024-05-06
ord_06017,cust_0163,delivered,2024-09-26,2024-09-29,2024-10-12
ord_06018,cust_0386,processing,2024-08-25,2024-09-03,2024-09-12
ord_06019,cust_0261,delivered,2024-12-19,2025-01-06,2025-01-04
ord_06020,cust_0328,shipped,2024-10-20,2024-11-02,2024-11-11
ord_06021,cust_0455,canceled,2024-10-20,2024-10-31,2024-10-27
ord_06022,cust_0024,shipped,2024-10-26,2024-11-24,2024-11-19
ord_06023,cust_0087,canceled,2024-12-02,2024-12-18,2024-12-09
ord_06024,cust_0411,shipped,2024-05-18,2024-05-25,2024-05-26
ord_06025,cust_0308,shipped,2024-02-16,2024-03-01,2024-03-10
ord_06026,cust_0313,delivered,2024-06-19,2024-07-08,2024-07-04
ord_06027,cust_0079,delivered,2024-08-27,2024-09-05,2024-09-12
ord_06028,cust_0381,processing,2024-04-26,2024-05-02,2024-05-21
ord_06029,cust_0147,processing,2024-12-06,2024-12-23,2024-12-28
ord_06030,cust_0490,delivered,2024-08-23,2024-09-06,2024-09-10
ord_06031,cust_0263,processing,2024-12-02,2024-12-14,2024-12-11
ord_06032,cust_0370,shipped,2024-05-16,2024-06-09,2024-06-08
ord_06033,cust_0268,shipped,2024-04-13,2024-04-16,2024-05-06
ord_06034,cust_0448,processing,2024-11-06,2024-11-19,2024-11-29
ord_06035,cust_0055,processing,2024-12-22,2025-01-10,2025-01-06
ord_06036,cust_0087,processing,2024-03-22,2024-04-01,2024-04-05
ord_06037,cust_0370,processing,2024-01-16,2024-02-11,2024-02-03
ord_06038,cust_0085,processing,2024-11-14,2024-12-11,2024-11-29
ord_06039,cust_0150,shipped,2024-08-03,2024-09-01,2024-08-25
ord_06040,cust_0099,delivered,2024-02-20,2024-03-21,2024-03-12
ord_06041,cust_0432,shipped,2024-07-15,2024-07-30,2024-07-27
ord_06042,cust_0191,delivered,2024-12-02,2024-12-25,2024-12-11
ord_06043,cust_0240,shipped,2024-09-28,2024-10-26,2024-10-07
ord_06044,cust_0454,processing,2024-05-30,2024-06-26,2024-06-10
ord_06045,cust_0289,canceled,2024-07-04,2024-08-02,2024-07-21
ord_06046,cust_0304,delivered,2024-07-31,2024-08-22,2024-08-24
ord_06047,cust_0069,processing,2024-08-03,2024-08-10,2024-08-17
ord_06048,cust_0061,processing,2024-03-14,2024-03-24,2024-04-05
ord_06049,cust_0014,shipped,2024-11-15,2024-12-04,2024-12-10
ord_06050,cust_0348,delivered,2024-03-28,2024-04-07,2024-04-19
ord_06051,cust_0162,canceled,2024-01-19,2024-02-13,2024-02-08
ord_06052,cust_0029,canceled,2024-10-04,2024-10-27,2024-10-25
ord_06053,cust_0166,canceled,2024-08-26,2024-09-12,2024-09-20
ord_06054,cust_0216,processing,2024-02-06,2024-02-29,2024-02-27
ord_06055,cust_0304,delivered,2024-06-09,2024-06-22,2024-06-22
ord_06056,cust_0432,processing,2024-10-05,2024-10-25,2024-10-13
ord_06057,cust_0034,canceled,2024-04-17,2024-05-04,2024-05-10
ord_06058,cust_0253,delivered,2024-10-25,2024-10-30,2024-11-11
ord_06059,cust_0190,processing,2024-10-12,2024-11-02,2024-10-28
ord_06060,cust_0108,canceled,2024-03-26,2024-04-10,2024-04-19
ord_06061,cust_0211,shipped,2024-10-08,2024-10-27,2024-10-29
ord_06062,cust_0492,delivered,2024-09-25,2024-09-28,2024-10-06
ord_06063,cust_0041,shipped,2024-12-16,2025-01-03,2025-01-04
ord_06064,cust_0349,delivered,2024-05-01,2024-05-22,2024-05-20
ord_06065,cust_0324,canceled,2024-04-02,2024-04-08,2024-04-09
ord_06066,cust_0052,shipped,2024-02-15,2024-03-06,2024-03-10
ord_06067,cust_0268,processing,2024-10-17,2024-11-09,2024-11-10
ord_06068,cust_0262,shipped,2024-12-01,2024-12-29,2024-12-11
ord_06069,cust_0004,processing,2024-01-14,2024-02-06,2024-02-05
ord_06070,cust_0448,delivered,2024-07-17,2024-08-11,2024-07-25
ord_06071,cust_0068,shipped,2024-01-25,2024-02-11,2024-02-19
ord_06072,cust_0302,shipped,2024-09-03,2024-09-30,2024-09-14
ord_06073,cust_0115,canceled,2024-07-17,2024-08-06,2024-07-31
ord_06074,cust_0339,canceled,2024-12-27,2025-01-15,2025-01-16
ord_06075,cust_0125,canceled,2024-11-07,2024-11-24,2024-11-15
ord_06076,cust_0168,processing,2024-01-23,2024-02-08,2024-02-14
ord_06077,cust_0442,shipped,2024-09-18,2024-10-10,2024-10-08
ord_06078,cust_0354,processing,2024-04-07,2024-04-20,2024-04-25
ord_06079,cust_0227,shipped,2024-01-07,2024-02-04,2024-01-29
ord_06080,cust_0431,shipped,2024-02-21,2024-03-19,2024-03-04
ord_06081,cust_0175,delivered,2024-02-21,2024-03-05,2024-03-09
ord_06082,cust_0226,delivered,2024-12-14,2025-01-13,2024-12-31
ord_06083,cust_0269,processing,2024-07-02,2024-07-09,2024-07-11
ord_06084,cust_0265,canceled,2024-11-12,2024-12-04,2024-11-26
ord_06085,cust_0135,delivered,2024-12-29,2025-01-27,2025-01-13
ord_06086,cust_0276,shipped,2024-06-08,2024-06-22,2024-07-01
ord_06087,cust_0033,canceled,2024-02-23,2024-02-28,2024-03-10
ord_06088,cust_0386,shipped,2024-09-04,2024-09-08,2024-09-14
ord_06089,cust_0436,delivered,2024-04-26,2024-05-19,2024-05-13
ord_06090,cust_0228,delivered,2024-04-11,2024-04-26,2024-05-05
ord_06091,cust_0420,delivered,2024-06-15,2024-07-08,2024-07-04
ord_06092,cust_0450,processing,2024-01-20,2024-02-10,2024-02-10
ord_06093,cust_0028,shipped,2024-11-12,2024-11-29,2024-12-06
ord_06094,cust_0412,canceled,2024-04-28,2024-05-21,2024-05-14
ord_06095,cust_0150,canceled,2024-07-01,2024-07-17,2024-07-24
ord_06096,cust_0415,canceled,2024-07-29,2024-08-16,2024-08-23
ord_06097,cust_0420,processing,2024-01-13,2024-02-09,2024-01-27
ord_06098,cust_0034,processing,2024-08-06,2024-08-18,2024-08-13
ord_06099,cust_0246,shipped,2024-04-21,2024-04-28,2024-05-08
ord_06100,cust_0445,delivered,2024-09-12,2024-10-01,2024-09-25
ord_06101,cust_0188,processing,2024-06-30,2024-07-21,2024-07-22
ord_06102,cust_0340,processing,2024-12-27,2025-01-04,2025-01-07
ord_06103,cust_0202,shipped,2024-04-29,2024-05-05,2024-05-22
ord_06104,cust_0290,delivered,2024-12-29,2025-01-02,2025-01-09
ord_06105,cust_0472,canceled,2024-06-18,2024-07-08,2024-07-06
ord_06106,cust_0117,shipped,2024-11-24,2024-12-02,2024-12-08
ord_06107,cust_0438,canceled,2024-06-02,2024-06-07,2024-06-21
ord_06108,cust_0321,canceled,2024-02-05,2024-02-25,2024-02-23
ord_06109,cust_0222,processing,2024-10-02,2024-10-12,2024-10-27
ord_06110,cust_0154,canceled,2024-01-13,2024-01-30,2024-01-26
ord_06111,cust_0364,canceled,2024-07-15,2024-08-14,2024-08-06
ord_06112,cust_0177,canceled,2024-07-18,2024-07-26,2024-07-28
ord_06113,cust_0472,processing,2024-10-05,2024-10-17,2024-10-14
ord_06114,cust_0218,delivered,2024-05-17,2024-06-12,2024-05-27
ord_06115,cust_0007,shipped,2024-08-14,2024-08-17,2024-08-31
ord_06116,cust_0341,delivered,2024-03-25,2024-03-30,2024-04-17
ord_06117,cust_0037,canceled,2024-07-26,2024-08-16,2024-08-19
ord_06118,cust_0429,canceled,2024-02-20,2024-03-01,2024-03-07
ord_06119,cust_0358,delivered,2024-12-07,2024-12-25,2024-12-26
ord_06120,cust_0419,shipped,2024-12-27,2025-01-17,2025-01-11
ord_06121,cust_0148,delivered,2024-12-21,2025-01-08,2025-01-11
ord_06122,cust_0275,processing,2024-03-06,2024-03-27,2024-03-17
ord_06123,cust_0498,shipped,2024-05-27,2024-06-20,2024-06-10
ord_06124,cust_0218,canceled,2024-01-15,2024-02-12,2024-01-26
ord_06125,cust_0197,shipped,2024-01-16,2024-02-06,2024-02-10
ord_06126,cust_0213,processing,2024-02-29,2024-03-20,2024-03-13
ord_06127,cust_0308,processing,2024-08-19,2024-09-05,2024-08-29
ord_06128,cust_0488,delivered,2024-07-31,2024-08-16,2024-08-20
ord_06129,cust_0383,processing,2024-01-01,2024-01-08,2024-01-18
ord_06130,cust_0416,delivered,2024-05-03,2024-05-14,2024-05-15
ord_06131,cust_0069,shipped,2024-03-09,2024-04-06,2024-03-20
ord_06132,cust_0279,delivered,2024-05-17,2024-06-08,2024-06-11
ord_06133,cust_0498,processing,2024-02-07,2024-02-16,2024-02-28
ord_06134,cust_0250,canceled,2024-10-10,2024-10-20,2024-10-30
ord_06135,cust_0049,processing,2024-11-12,2024-12-08,2024-11-19
ord_06136,cust_0168,shipped,2024-08-19,2024-09-10,2024-08-28
ord_06137,cust_0417,processing,2024-11-21,2024-12-03,2024-12-06
ord_06138,cust_0014,shipped,2024-03-02,2024-03-13,2024-03-18
ord_06139,cust_0033,processing,2024-04-18,2024-04-28,2024-05-06
ord_06140,cust_0465,canceled,2024-06-04,2024-07-04,2024-06-23
ord_06141,cust_0445,processing,2024-08-10,2024-08-22,2024-08-21
ord_06142,cust_0197,shipped,2024-01-27,2024-02-02,2024-02-20
ord_06143,cust_0195,shipped,2024-09-07,2024-10-04,2024-09-18
ord_06144,cust_0401,canceled,2024-02-04,2024-02-25,2024-02-29
ord_06145,cust_0183,shipped,2024-11-25,2024-12-10,2024-12-12
ord_06146,cust_0351,processing,2024-11-23,2024-12-01,2024-12-15
ord_06147,cust_0416,delivered,2024-07-11,2024-08-10,2024-07-26
ord_06148,cust_0014,shipped,2024-06-01,2024-06-23,2024-06-09
ord_06149,cust_0499,shipped,2024-10-07,2024-10-20,2024-10-14
ord_06150,cust_0374,shipped,2024-06-20,2024-07-03,2024-06-29
ord_06151,cust_0474,canceled,2024-05-18,2024-06-14,2024-06-03
ord_06152,cust_0073,shipped,2024-10-08,2024-10-23,2024-10-30
ord_06153,cust_0294,delivered,2024-09-30,2024-10-20,2024-10-14
ord_06154,cust_0490,shipped,2024-06-02,2024-06-20,2024-06-16
ord_06155,cust_0142,processing,2024-02-03,2024-02-14,2024-02-21
ord_06156,cust_0352,processing,2024-12-22,2024-12-27,2025-01-09
ord_06157,cust_0077,canceled,2024-05-29,2024-06-19,2024-06-11
ord_06158,cust_0357,processing,2024-02-17,2024-02-23,2024-03-03
ord_06159,cust_0302,canceled,2024-09-26,2024-10-15,2024-10-17
ord_06160,cust_0448,delivered,2024-04-19,2024-04-24,2024-04-30
ord_06161,cust_0165,canceled,2024-05-28,2024-05-31,2024-06-22
ord_06162,cust_0334,processing,2024-05-04,2024-05-21,2024-05-26
ord_06163,cust_0100,delivered,2024-08-05,2024-08-11,2024-08-28
ord_06164,cust_0258,delivered,2024-12-23,2025-01-11,2025-01-10
ord_06165,cust_0246,shipped,2024-01-31,2024-02-06,2024-02-24
ord_06166,cust_0299,delivered,2024-02-13,2024-02-25,2024-02-26
ord_06167,cust_0129,shipped,2024-06-15,2024-06-20,2024-06-24
ord_06168,cust_0212,shipped,2024-08-09,2024-08-27,2024-09-02
ord_06169,cust_0249,delivered,2024-11-19,2024-11-25,2024-11-26
ord_06170,cust_0024,processing,2024-10-07,2024-10-24,2024-10-17
ord_06171,cust_0217,canceled,2024-11-19,2024-12-08,2024-12-06
ord_06172,cust_0430,delivered,2024-03-06,2024-03-19,2024-03-27
ord_06173,cust_0334,delivered,2024-07-27,2024-08-19,2024-08-20
ord_06174,cust_0421,shipped,2024-03-14,2024-04-13,2024-04-03
ord_06175,cust_0191,canceled,2024-05-05,2024-06-02,2024-05-14
ord_06176,cust_0007,processing,2024-04-01,2024-04-26,2024-04-14
ord_06177,cust_0100,delivered,2024-01-18,2024-01-22,2024-01-30
ord_06178,cust_0448,canceled,2024-04-04,2024-04-23,2024-04-24
ord_06179,cust_0466,delivered,2024-11-27,2024-12-22,2024-12-14
ord_06180,cust_0087,canceled,2024-12-11,2024-12-24,2024-12-22
ord_06181,cust_0404,shipped,2024-02-18,2024-02-24,2024-03-05
ord_06182,cust_0246,delivered,2024-01-14,2024-01-29,2024-02-03
ord_06183,cust_0132,canceled,2024-02-22,2024-03-06,2024-03-02
ord_06184,cust_0010,delivered,2024-10-28,2024-11-18,2024-11-08
ord_06185,cust_0106,shipped,2024-07-24,2024-08-09,2024-08-07
ord_06186,cust_0143,delivered,2024-03-06,2024-03-13,2024-03-17
ord_06187,cust_0445,shipped,2024-01-17,2024-01-30,2024-01-31
ord_06188,cust_0025,canceled,2024-04-04,2024-04-28,2024-04-16
ord_06189,cust_0049,delivered,2024-07-12,2024-07-19,2024-07-19
ord_06190,cust_0132,canceled,2024-02-08,2024-02-14,2024-02-21
ord_06191,cust_0052,shipped,2024-04-17,2024-04-27,2024-05-12
ord_06192,cust_0187,shipped,2024-04-26,2024-05-19,2024-05-08
ord_06193,cust_0408,shipped,2024-09-21,2024-10-06,2024-10-01
ord_06194,cust_0172,processing,2024-03-22,2024-04-01,2024-04-06
ord_06195,cust_0065,shipped,2024-12-13,2024-12-25,2024-12-30
ord_06196,cust_0205,canceled,2024-06-04,2024-06-12,2024-06-27
ord_06197,cust_0220,delivered,2024-06-01,2024-06-23,2024-06-22
ord_06198,cust_0263,processing,2024-03-29,2024-04-09,2024-04-23
ord_06199,cust_0090,delivered,2024-08-07,2024-08-16,2024-08-22
ord_06200,cust_0224,processing,2024-10-25,2024-11-08,2024-11-08
ord_06201,cust_0321,shipped,2024-11-21,2024-12-15,2024-12-13
ord_06202,cust_0282,canceled,2024-05-21,2024-06-14,2024-06-15
ord_06203,cust_0426,shipped,2024-03-31,2024-04-22,2024-04-22
ord_06204,cust_0172,shipped,2024-07-01,2024-07-16,2024-07-10
ord_06205,cust_0417,canceled,2024-07-15,2024-07-30,2024-08-02
ord_06206,cust_0137,processing,2024-10-15,2024-11-14,2024-10-24
ord_06207,cust_0404,shipped,2024-07-18,2024-07-26,2024-08-05
ord_06208,cust_0318,processing,2024-11-23,2024-12-12,2024-12-01
ord_06209,cust_0137,processing,2024-08-01,2024-08-13,2024-08-11
ord_06210,cust_0208,canceled,2024-07-08,2024-07-18,2024-07-22
ord_06211,cust_0399,canceled,2024-03-22,2024-04-03,2024-04-12
ord_06212,cust_0342,shipped,2024-07-20,2024-08-05,2024-08-06
ord_06213,cust_0298,processing,2024-06-22,2024-07-01,2024-07-16
ord_06214,cust_0283,canceled,2024-03-06,2024-04-02,2024-03-31
ord_06215,cust_0104,processing,2024-05-07,2024-05-14,2024-05-23
ord_06216,cust_0153,delivered,2024-09-09,2024-09-30,2024-09-20
ord_06217,cust_0081,processing,2024-06-22,2024-07-10,2024-07-01
ord_06218,cust_0487,shipped,2024-11-26,2024-12-21,2024-12-16
ord_06219,cust_0166,canceled,2024-11-16,2024-12-06,2024-11-30
ord_06220,cust_0211,canceled,2024-04-18,2024-05-12,2024-05-04
ord_06221,cust_0127,delivered,2024-09-13,2024-10-09,2024-10-03
ord_06222,cust_0202,shipped,2024-07-30,2024-08-27,2024-08-09
ord_06223,cust_0303,shipped,2024-05-31,2024-06-21,2024-06-22
ord_06224,cust_0404,delivered,2024-11-11,2024-12-03,2024-12-05
ord_06225,cust_0441,shipped,2024-07-31,2024-08-06,2024-08-18
ord_06226,cust_0052,processing,2024-12-10,2024-12-29,2024-12-19
ord_06227,cust_0356,processing,2024-09-20,2024-10-13,2024-10-03
ord_06228,cust_0012,processing,2024-02-15,2024-02-18,2024-02-29
ord_06229,cust_0195,delivered,2024-04-16,2024-05-04,2024-04-27
ord_06230,cust_0397,delivered,2024-08-29,2024-09-23,2024-09-10
ord_06231,cust_0315,processing,2024-02-18,2024-02-29,2024-03-13
ord_06232,cust_0285,shipped,2024-09-03,2024-09-23,2024-09-10
ord_06233,cust_0294,shipped,2024-07-16,2024-08-11,2024-07-31
ord_06234,cust_0147,processing,2024-03-01,2024-03-08,2024-03-11
ord_06235,cust_0401,processing,2024-04-10,2024-05-01,2024-04-26
ord_06236,cust_0329,canceled,2024-07-22,2024-07-30,2024-08-08
ord_06237,cust_0426,shipped,2024-03-14,2024-04-09,2024-04-08
ord_06238,cust_0177,processing,2024-07-17,2024-08-15,2024-08-02
ord_06239,cust_0307,delivered,2024-04-15,2024-05-14,2024-04-28
ord_06240,cust_0441,canceled,2024-08-23,2024-08-30,2024-09-17
ord_06241,cust_0421,canceled,2024-01-06,2024-01-15,2024-01-25
ord_06242,cust_0342,delivered,2024-09-15,2024-10-15,2024-09-24
ord_06243,cust_0360,processing,2024-04-02,2024-04-25,2024-04-22
ord_06244,cust_0046,processing,2024-05-29,2024-06-19,2024-06-19
ord_06245,cust_0211,shipped,2024-08-19,2024-09-12,2024-08-26
ord_06246,cust_0308,delivered,2024-04-21,2024-05-04,2024-05-05
ord_06247,cust_0056,shipped,2024-01-17,2024-01-23,2024-02-05
ord_06248,cust_0015,delivered,2024-06-28,2024-07-26,2024-07-23
ord_06249,cust_0291,canceled,2024-07-24,2024-08-20,2024-08-07
ord_06250,cust_0100,shipped,2024-10-26,2024-10-30,2024-11-04
ord_06251,cust_0111,processing,2024-04-28,2024-05-09,2024-05-13
ord_06252,cust_0337,shipped,2024-12-06,2024-12-22,2024-12-28
ord_06253,cust_0407,delivered,2024-12-17,2024-12-28,2025-01-10
ord_06254,cust_0280,canceled,2024-05-24,2024-05-28,2024-06-18
ord_06255,cust_0489,delivered,2024-02-15,2024-03-12,2024-02-23
ord_06256,cust_0020,delivered,2024-08-10,2024-08-28,2024-08-23
ord_06257,cust_0054,processing,2024-05-08,2024-05-28,2024-05-17
ord_06258,cust_0336,delivered,2024-01-06,2024-01-18,2024-01-31
ord_06259,cust_0336,shipped,2024-01-13,2024-01-17,2024-01-29
ord_06260,cust_0288,processing,2024-01-20,2024-01-27,2024-02-12
ord_06261,cust_0469,delivered,2024-08-01,2024-08-07,2024-08-20
ord_06262,cust_0127,canceled,2024-02-07,2024-02-29,2024-02-15
ord_06263,cust_0133,canceled,2024-03-14,2024-03-20,2024-03-27
ord_06264,cust_0455,shipped,2024-06-03,2024-06-23,2024-06-18
ord_06265,cust_0102,delivered,2024-01-31,2024-02-09,2024-02-17
ord_06266,cust_0290,delivered,2024-08-05,2024-08-09,2024-08-27
ord_06267,cust_0052,shipped,2024-09-05,2024-10-04,2024-09-30
ord_06268,cust_0041,canceled,2024-10-05,2024-10-20,2024-10-13
ord_06269,cust_0405,processing,2024-09-03,2024-09-09,2024-09-12
ord_06270,cust_0401,delivered,2024-02-29,2024-03-09,2024-03-11
ord_06271,cust_0475,delivered,2024-10-25,2024-11-18,2024-11-10
ord_06272,cust_0343,delivered,2024-03-10,2024-03-22,2024-03-31
ord_06273,cust_0412,delivered,2024-03-23,2024-04-11,2024-04-16
ord_06274,cust_0068,processing,2024-05-28,2024-06-02,2024-06-07
ord_06275,cust_0070,processing,2024-11-19,2024-12-01,2024-12-06
ord_06276,cust_0497,processing,2024-12-22,2024-12-27,2025-01-04
ord_06277,cust_0189,processing,2024-08-31,2024-09-30,2024-09-23
ord_06278,cust_0097,delivered,2024-07-13,2024-07-25,2024-08-02
ord_06279,cust_0020,processing,2024-05-02,2024-05-22,2024-05-11
ord_06280,cust_0337,processing,2024-06-03,2024-06-25,2024-06-13
ord_06281,cust_0147,shipped,2024-03-03,2024-03-31,2024-03-28
ord_06282,cust_0061,canceled,2024-05-07,2024-05-30,2024-05-18
ord_06283,cust_0364,shipped,2024-05-25,2024-05-29,2024-06-03
ord_06284,cust_0170,delivered,2024-02-12,2024-02-25,2024-02-25
ord_06285,cust_0495,shipped,2024-07-29,2024-08-20,2024-08-18
ord_06286,cust_0281,canceled,2024-07-17,2024-07-22,2024-08-06
ord_06287,cust_0166,shipped,2024-06-25,2024-07-08,2024-07-07
ord_06288,cust_0458,delivered,2024-12-01,2024-12-19,2024-12-17
ord_06289,cust_0145,processing,2024-01-02,2024-01-09,2024-01-20
ord_06290,cust_0299,canceled,2024-02-03,2024-02-28,2024-02-24
ord_06291,cust_0219,processing,2024-09-23,2024-10-12,2024-10-11
ord_06292,cust_0292,shipped,2024-11-05,2024-11-17,2024-11-28
ord_06293,cust_0055,canceled,2024-01-30,2024-02-02,2024-02-17
ord_06294,cust_0481,processing,2024-08-09,2024-08-26,2024-08-27
ord_06295,cust_0399,canceled,2024-04-16,2024-04-30,2024-05-04
ord_06296,cust_0230,delivered,2024-03-15,2024-04-14,2024-03-27
ord_06297,cust_0207,shipped,2024-08-21,2024-08-28,2024-09-09
ord_06298,cust_0188,delivered,2024-11-30,2024-12-14,2024-12-19
ord_06299,cust_0244,delivered,2024-05-12,2024-05-27,2024-05-19
ord_06300,cust_0151,canceled,2024-12-05,2024-12-09,2024-12-14
ord_06301,cust_0003,processing,2024-02-26,2024-03-26,2024-03-11
ord_06302,cust_0441,shipped,2024-09-17,2024-10-10,2024-10-07
ord_06303,cust_0228,delivered,2024-05-13,2024-05-17,2024-06-05
ord_06304,cust_0210,delivered,2024-01-03,2024-01-06,2024-01-23
ord_06305,cust_0249,shipped,2024-12-10,2024-12-21,2024-12-20
ord_06306,cust_0242,processing,2024-10-01,2024-10-08,2024-10-08
ord_06307,cust_0369,delivered,2024-03-27,2024-04-05,2024-04-19
ord_06308,cust_0072,shipped,2024-03-03,2024-03-17,2024-03-15
ord_06309,cust_0093,shipped,2024-03-14,2024-04-03,2024-03-25
ord_06310,cust_0007,canceled,2024-10-11,2024-10-18,2024-10-27
ord_06311,cust_0270,shipped,2024-08-29,2024-09-11,2024-09-09
ord_06312,cust_0305,canceled,2024-07-02,2024-07-24,2024-07-27
ord_06313,cust_0048,delivered,2024-01-17,2024-01-20,2024-02-01
ord_06314,cust_0310,delivered,2024-10-10,2024-10-21,2024-10-31
ord_06315,cust_0361,delivered,2024-04-26,2024-05-10,2024-05-06
ord_06316,cust_0423,canceled,2024-05-06,2024-05-20,2024-05-13
ord_06317,cust_0475,shipped,2024-04-09,2024-04-22,2024-04-30
ord_06318,cust_0304,shipped,2024-03-25,2024-04-21,2024-04-17
ord_06319,cust_0149,delivered,2024-01-04,2024-02-01,2024-01-24
ord_06320,cust_0490,processing,2024-11-23,2024-12-18,2024-12-11
ord_06321,cust_0269,shipped,2024-10-11,2024-10-15,2024-11-01
ord_06322,cust_0009,delivered,2024-01-15,2024-01-22,2024-02-08
ord_06323,cust_0319,canceled,2024-01-13,2024-01-25,2024-01-23
ord_06324,cust_0155,delivered,2024-12-30,2025-01-12,2025-01-13
ord_06325,cust_0403,delivered,2024-11-09,2024-11-22,2024-11-20
ord_06326,cust_0241,processing,2024-12-01,2024-12-12,2024-12-17
ord_06327,cust_0282,delivered,2024-08-20,2024-09-01,2024-08-31
ord_06328,cust_0346,shipped,2024-03-30,2024-04-04,2024-04-22
ord_06329,cust_0388,canceled,2024-01-12,2024-01-27,2024-01-26
ord_06330,cust_0345,shipped,2024-09-11,2024-10-01,2024-09-18
ord_06331,cust_0396,delivered,2024-08-25,2024-09-14,2024-09-19
ord_06332,cust_0114,processing,2024-12-07,2024-12-14,2024-12-17
ord_06333,cust_0306,delivered,2024-05-08,2024-05-18,2024-05-27
ord_06334,cust_0283,canceled,2024-06-12,2024-07-11,2024-06-29
ord_06335,cust_0304,canceled,2024-06-25,2024-07-13,2024-07-13
ord_06336,cust_0279,canceled,2024-12-23,2025-01-19,2024-12-30
ord_06337,cust_0428,processing,2024-04-05,2024-04-26,2024-04-12
ord_06338,cust_0327,delivered,2024-11-04,2024-11-20,2024-11-29
ord_06339,cust_0458,shipped,2024-12-19,2024-12-31,2025-01-06
ord_06340,cust_0220,delivered,2024-09-23,2024-10-15,2024-10-17
ord_06341,cust_0199,canceled,2024-07-12,2024-07-17,2024-07-20
ord_06342,cust_0120,processing,2024-08-03,2024-08-20,2024-08-17
ord_06343,cust_0458,delivered,2024-05-19,2024-06-02,2024-06-09
ord_06344,cust_0074,processing,2024-02-12,2024-02-27,2024-02-29
ord_06345,cust_0215,delivered,2024-07-31,2024-08-05,2024-08-14
ord_06346,cust_0030,shipped,2024-06-02,2024-06-23,2024-06-26
ord_06347,cust_0263,canceled,2024-07-02,2024-07-12,2024-07-09
ord_06348,cust_0316,shipped,2024-04-09,2024-04-27,2024-04-28
ord_06349,cust_0152,canceled,2024-11-23,2024-12-15,2024-12-12
ord_06350,cust_0441,shipped,2024-06-03,2024-06-20,2024-06-25
ord_06351,cust_0273,canceled,2024-06-14,2024-07-12,2024-06-21
ord_06352,cust_0381,shipped,2024-12-11,2024-12-19,2024-12-25
ord_06353,cust_0155,delivered,2024-05-08,2024-05-16,2024-05-21
ord_06354,cust_0233,shipped,2024-01-17,2024-01-28,2024-01-26
ord_06355,cust_0176,shipped,2024-06-06,2024-06-12,2024-06-23
ord_06356,cust_0168,canceled,2024-07-22,2024-08-13,2024-08-01
ord_06357,cust_0434,delivered,2024-06-10,2024-06-27,2024-06-26
ord_06358,cust_0289,processing,2024-07-15,2024-07-23,2024-08-06
ord_06359,cust_0085,canceled,2024-01-08,2024-01-16,2024-01-23
ord_06360,cust_0391,shipped,2024-08-19,2024-08-23,2024-09-02
ord_06361,cust_0318,canceled,2024-04-23,2024-05-17,2024-05-04
ord_06362,cust_0184,shipped,2024-12-11,2025-01-02,2024-12-27
ord_06363,cust_0165,shipped,2024-04-23,2024-05-23,2024-05-02
ord_06364,cust_0024,canceled,2024-09-25,2024-10-10,2024-10-09
ord_06365,cust_0310,processing,2024-01-11,2024-02-09,2024-01-22
ord_06366,cust_0227,shipped,2024-07-19,2024-07-27,2024-07-28
ord_06367,cust_0488,shipped,2024-02-20,2024-03-09,2024-03-07
ord_06368,cust_0014,canceled,2024-11-03,2024-11-10,2024-11-14
ord_06369,cust_0278,shipped,2024-02-14,2024-03-01,2024-03-06
ord_06370,cust_0303,shipped,2024-03-02,2024-03-16,2024-03-16
ord_06371,cust_0244,delivered,2024-07-26,2024-08-10,2024-08-08
ord_06372,cust_0420,canceled,2024-07-21,2024-07-31,2024-08-01
ord_06373,cust_0430,shipped,2024-01-17,2024-01-26,2024-01-27
ord_06374,cust_0024,canceled,2024-10-27,2024-11-04,2024-11-19
ord_06375,cust_0004,shipped,2024-09-29,2024-10-26,2024-10-17
ord_06376,cust_0049,delivered,2024-03-18,2024-03-22,2024-04-07
ord_06377,cust_0330,shipped,2024-02-24,2024-03-16,2024-03-09
ord_06378,cust_0251,processing,2024-04-18,2024-05-02,2024-05-02
ord_06379,cust_0002,delivered,2024-02-13,2024-03-06,2024-02-21
ord_06380,cust_0363,canceled,2024-11-26,2024-11-29,2024-12-08
ord_06381,cust_0075,shipped,2024-08-08,2024-08-14,2024-08-27
ord_06382,cust_0359,processing,2024-06-23,2024-07-08,2024-07-08
ord_06383,cust_0182,canceled,2024-02-02,2024-02-21,2024-02-20
ord_06384,cust_0297,shipped,2024-01-02,2024-01-28,2024-01-23
ord_06385,cust_0407,canceled,2024-04-26,2024-04-29,2024-05-12
ord_06386,cust_0043,processing,2024-04-21,2024-04-28,2024-05-05
ord_06387,cust_0239,delivered,2024-11-29,2024-12-22,2024-12-20
ord_06388,cust_0149,processing,2024-05-25,2024-06-07,2024-06-13
ord_06389,cust_0228,delivered,2024-05-27,2024-06-25,2024-06-10
ord_06390,cust_0484,canceled,2024-03-01,2024-03-23,2024-03-17
ord_06391,cust_0472,delivered,2024-04-10,2024-05-04,2024-04-20
ord_06392,cust_0220,processing,2024-12-09,2024-12-26,2024-12-31
ord_06393,cust_0030,canceled,2024-12-30,2025-01-15,2025-01-16
ord_06394,cust_0332,processing,2024-03-31,2024-04-24,2024-04-22
ord_06395,cust_0402,shipped,2024-02-04,2024-02-11,2024-02-11
ord_06396,cust_0245,delivered,2024-10-10,2024-10-15,2024-10-27
ord_06397,cust_0409,delivered,2024-07-27,2024-08-20,2024-08-05
ord_06398,cust_0036,delivered,2024-03-20,2024-03-27,2024-04-03
ord_06399,cust_0349,processing,2024-07-19,2024-08-06,2024-08-12
ord_06400,cust_0324,processing,2024-01-13,2024-01-28,2024-02-04
ord_06401,cust_0070,shipped,2024-04-14,2024-04-27,2024-04-28
ord_06402,cust_0064,canceled,2024-04-11,2024-05-05,2024-05-03
ord_06403,cust_0445,shipped,2024-10-26,2024-11-02,2024-11-04
ord_06404,cust_0369,canceled,2024-07-12,2024-08-10,2024-08-04
ord_06405,cust_0213,shipped,2024-11-27,2024-12-16,2024-12-15
ord_06406,cust_0147,shipped,2024-09-11,2024-09-16,2024-09-20
ord_06407,cust_0012,delivered,2024-11-06,2024-11-18,2024-11-19
ord_06408,cust_0233,canceled,2024-01-15,2024-02-10,2024-01-29
ord_06409,cust_0290,shipped,2024-05-05,2024-05-26,2024-05-29
ord_06410,cust_0107,shipped,2024-05-04,2024-05-29,2024-05-13
ord_06411,cust_0307,processing,2024-05-12,2024-05-28,2024-05-30
ord_06412,cust_0065,processing,2024-07-13,2024-08-04,2024-07-26
ord_06413,cust_0053,processing,2024-10-01,2024-10-26,2024-10-16
ord_06414,cust_0411,processing,2024-12-03,2024-12-23,2024-12-16
ord_06415,cust_0037,canceled,2024-07-30,2024-08-12,2024-08-24
ord_06416,cust_0022,delivered,2024-04-17,2024-05-06,2024-04-28
ord_06417,cust_0342,delivered,2024-02-20,2024-03-18,2024-03-06
ord_06418,cust_0084,processing,2024-07-17,2024-08-14,2024-08-04
ord_06419,cust_0221,processing,2024-07-20,2024-08-01,2024-08-01
ord_06420,cust_0033,shipped,2024-04-22,2024-05-22,2024-05-10
ord_06421,cust_0162,canceled,2024-09-06,2024-09-14,2024-09-21
ord_06422,cust_0251,canceled,2024-04-22,2024-05-20,2024-05-06
ord_06423,cust_0477,processing,2024-12-10,2024-12-25,2024-12-27
ord_06424,cust_0134,processing,2024-11-10,2024-11-28,2024-11-30
ord_06425,cust_0219,shipped,2024-09-18,2024-09-30,2024-10-13
ord_06426,cust_0148,canceled,2024-03-25,2024-04-05,2024-04-19
ord_06427,cust_0209,shipped,2024-03-02,2024-03-05,2024-03-18
ord_06428,cust_0297,shipped,2024-06-10,2024-06-13,2024-06-30
ord_06429,cust_0197,canceled,2024-10-17,2024-11-02,2024-11-03
ord_06430,cust_0444,processing,2024-02-26,2024-03-04,2024-03-05
ord_06431,cust_0449,processing,2024-03-05,2024-04-01,2024-03-26
ord_06432,cust_0306,shipped,2024-12-30,2025-01-17,2025-01-11
ord_06433,cust_0315,processing,2024-06-12,2024-07-07,2024-06-19
ord_06434,cust_0132,canceled,2024-10-26,2024-11-22,2024-11-08
ord_06435,cust_0295,delivered,2024-03-11,2024-03-16,2024-03-22
ord_06436,cust_0462,delivered,2024-06-03,2024-06-19,2024-06-21
ord_06437,cust_0150,processing,2024-04-05,2024-04-12,2024-04-18
ord_06438,cust_0147,canceled,2024-08-24,2024-09-13,2024-08-31
ord_06439,cust_0238,shipped,2024-09-09,2024-10-05,2024-10-04
ord_06440,cust_0150,delivered,2024-07-10,2024-07-16,2024-08-02
ord_06441,cust_0118,shipped,2024-08-22,2024-08-25,2024-09-04
ord_06442,cust_0285,shipped,2024-02-17,2024-02-29,2024-03-09
ord_06443,cust_0331,shipped,2024-05-04,2024-05-13,2024-05-25
ord_06444,cust_0358,canceled,2024-12-21,2024-12-25,2025-01-15
ord_06445,cust_0250,processing,2024-06-11,2024-06-16,2024-06-30
ord_06446,cust_0101,processing,2024-08-15,2024-08-18,2024-09-03
ord_06447,cust_0435,processing,2024-11-18,2024-11-28,2024-11-29
ord_06448,cust_0035,shipped,2024-04-12,2024-04-15,2024-04-22
ord_06449,cust_0457,canceled,2024-03-18,2024-03-21,2024-03-26
ord_06450,cust_0199,canceled,2024-09-14,2024-09-25,2024-09-25
ord_06451,cust_0386,shipped,2024-10-05,2024-10-14,2024-10-18
ord_06452,cust_0346,processing,2024-08-04,2024-09-03,2024-08-25
ord_06453,cust_0086,processing,2024-01-12,2024-02-09,2024-02-04
ord_06454,cust_0358,shipped,2024-09-12,2024-10-08,2024-09-21
ord_06455,cust_0328,canceled,2024-07-14,2024-07-17,2024-07-31
ord_06456,cust_0449,shipped,2024-11-06,2024-11-18,2024-11-26
ord_06457,cust_0470,processing,2024-01-13,2024-02-02,2024-01-31
ord_06458,cust_0059,shipped,2024-05-23,2024-06-13,2024-05-31
ord_06459,cust_0391,delivered,2024-03-15,2024-03-26,2024-04-02
ord_06460,cust_0026,delivered,2024-10-15,2024-10-24,2024-11-02
ord_06461,cust_0150,processing,2024-02-09,2024-02-15,2024-02-26
ord_06462,cust_0403,delivered,2024-02-26,2024-03-15,2024-03-15
ord_06463,cust_0488,delivered,2024-10-03,2024-10-07,2024-10-16
ord_06464,cust_0032,canceled,2024-05-26,2024-06-06,2024-06-04
ord_06465,cust_0033,canceled,2024-02-01,2024-02-12,2024-02-15
ord_06466,cust_0175,delivered,2024-07-26,2024-08-10,2024-08-18
ord_06467,cust_0098,delivered,2024-12-17,2024-12-26,2025-01-03
ord_06468,cust_0245,canceled,2024-05-20,2024-06-08,2024-06-02
ord_06469,cust_0259,delivered,2024-08-22,2024-09-04,2024-09-09
ord_06470,cust_0053,processing,2024-04-10,2024-04-14,2024-04-17
ord_06471,cust_0145,processing,2024-09-21,2024-10-04,2024-10-10
ord_06472,cust_0282,canceled,2024-02-26,2024-03-15,2024-03-18
ord_06473,cust_0080,processing,2024-01-19,2024-01-24,2024-01-27
ord_06474,cust_0460,shipped,2024-12-02,2024-12-08,2024-12-21
ord_06475,cust_0224,delivered,2024-09-04,2024-09-29,2024-09-14
ord_06476,cust_0476,processing,2024-02-24,2024-03-09,2024-03-18
ord_06477,cust_0217,delivered,2024-08-05,2024-09-02,2024-08-28
ord_06478,cust_0241,processing,2024-02-13,2024-03-05,2024-03-09
ord_06479,cust_0377,shipped,2024-08-12,2024-08-26,2024-09-06
ord_06480,cust_0212,delivered,2024-12-05,2024-12-14,2024-12-17
ord_06481,cust_0369,canceled,2024-08-31,2024-09-30,2024-09-08
ord_06482,cust_0107,canceled,2024-01-15,2024-01-28,2024-02-08
ord_06483,cust_0330,delivered,2024-04-07,2024-04-18,2024-04-25
ord_06484,cust_0168,processing,2024-10-28,2024-11-11,2024-11-17
ord_06485,cust_0190,shipped,2024-12-27,2025-01-03,2025-01-20
ord_06486,cust_0297,shipped,2024-07-05,2024-07-15,2024-07-19
ord_06487,cust_0205,shipped,2024-05-24,2024-06-01,2024-06-12
ord_06488,cust_0172,delivered,2024-02-18,2024-03-06,2024-03-11
ord_06489,cust_0277,canceled,2024-02-04,2024-02-28,2024-02-21
ord_06490,cust_0249,shipped,2024-08-05,2024-08-21,2024-08-29
ord_06491,cust_0004,shipped,2024-01-03,2024-02-01,2024-01-16
ord_06492,cust_0081,processing,2024-09-20,2024-10-03,2024-10-03
ord_06493,cust_0221,shipped,2024-04-01,2024-04-19,2024-04-20
ord_06494,cust_0327,canceled,2024-05-10,2024-05-23,2024-05-19
ord_06495,cust_0164,shipped,2024-12-29,2025-01-02,2025-01-10
ord_06496,cust_0219,delivered,2024-09-22,2024-10-06,2024-10-08
ord_06497,cust_0240,shipped,2024-05-02,2024-05-05,2024-05-26
ord_06498,cust_0474,processing,2024-01-04,2024-01-24,2024-01-29
ord_06499,cust_0328,processing,2024-03-05,2024-03-31,2024-03-12
ord_06500,cust_0487,processing,2024-04-24,2024-05-14,2024-05-06
ord_06501,cust_0471,delivered,2024-08-31,2024-09-18,2024-09-21
ord_06502,cust_0150,shipped,2024-03-02,2024-03-29,2024-03-25
ord_06503,cust_0335,processing,2024-06-12,2024-06-19,2024-07-04
ord_06504,cust_0005,processing,2024-04-11,2024-04-14,2024-04-19
ord_06505,cust_0025,shipped,2024-02-12,2024-02-19,2024-02-21
ord_06506,cust_0152,canceled,2024-05-22,2024-05-29,2024-06-04
ord_06507,cust_0179,processing,2024-09-07,2024-09-16,2024-09-15
ord_06508,cust_0241,delivered,2024-12-20,2025-01-13,2025-01-10
ord_06509,cust_0479,delivered,2024-11-12,2024-12-11,2024-12-02
ord_06510,cust_0324,processing,2024-12-13,2025-01-03,2025-01-07
ord_06511,cust_0364,processing,2024-02-25,2024-03-11,2024-03-14
ord_06512,cust_0207,processing,2024-06-28,2024-07-25,2024-07-17
ord_06513,cust_0311,processing,2024-07-27,2024-08-08,2024-08-04
ord_06514,cust_0100,canceled,2024-09-25,2024-10-25,2024-10-09
ord_06515,cust_0315,canceled,2024-05-16,2024-05-19,2024-05-23
ord_06516,cust_0484,shipped,2024-03-18,2024-03-26,2024-04-03
ord_06517,cust_0101,processing,2024-12-11,2024-12-26,2024-12-29
ord_06518,cust_0066,delivered,2024-11-15,2024-11-24,2024-11-27
ord_06519,cust_0125,delivered,2024-10-23,2024-10-28,2024-11-07
ord_06520,cust_0355,canceled,2024-08-22,2024-08-25,2024-09-09
ord_06521,cust_0216,delivered,2024-09-01,2024-09-25,2024-09-15
ord_06522,cust_0404,delivered,2024-02-28,2024-03-12,2024-03-21
ord_06523,cust_0382,delivered,2024-02-12,2024-02-25,2024-02-20
ord_06524,cust_0363,shipped,2024-01-23,2024-01-28,2024-02-11
ord_06525,cust_0259,delivered,2024-08-02,2024-08-05,2024-08-09
ord_06526,cust_0287,shipped,2024-03-09,2024-03-24,2024-03-27
ord_06527,cust_0466,canceled,2024-12-08,2024-12-19,2024-12-29
ord_06528,cust_0471,shipped,2024-11-02,2024-11-19,2024-11-26
ord_06529,cust_0260,shipped,2024-04-22,2024-05-05,2024-05-08
ord_06530,cust_0308,shipped,2024-07-02,2024-07-20,2024-07-11
ord_06531,cust_0207,processing,2024-02-25,2024-03-08,2024-03-21
ord_06532,cust_0197,shipped,2024-10-18,2024-10-23,2024-11-02
ord_06533,cust_0325,processing,2024-12-29,2025-01-17,2025-01-18
ord_06534,cust_0416,shipped,2024-05-25,2024-06-18,2024-06-08
ord_06535,cust_0483,processing,2024-01-12,2024-01-21,2024-01-21
ord_06536,cust_0217,canceled,2024-12-20,2024-12-27,2025-01-09
ord_06537,cust_0073,canceled,2024-03-15,2024-04-11,2024-04-07
ord_06538,cust_0136,shipped,2024-07-20,2024-08-09,2024-08-06
ord_06539,cust_0149,delivered,2024-09-12,2024-10-06,2024-09-23
ord_06540,cust_0353,shipped,2024-01-21,2024-02-18,2024-01-29
ord_06541,cust_0341,delivered,2024-01-11,2024-01-31,2024-01-30
ord_06542,cust_0405,delivered,2024-02-14,2024-02-26,2024-03-04
ord_06543,cust_0013,canceled,2024-06-12,2024-06-17,2024-07-07
ord_06544,cust_0254,delivered,2024-05-23,2024-06-01,2024-06-03
ord_06545,cust_0374,delivered,2024-07-24,2024-08-16,2024-08-06
ord_06546,cust_0121,canceled,2024-11-26,2024-12-21,2024-12-09
ord_06547,cust_0196,shipped,2024-08-03,2024-09-02,2024-08-16
ord_06548,cust_0030,delivered,2024-01-07,2024-01-12,2024-01-15
ord_06549,cust_0421,shipped,2024-10-28,2024-11-01,2024-11-20
ord_06550,cust_0267,delivered,2024-02-03,2024-02-23,2024-02-24
ord_06551,cust_0438,delivered,2024-01-02,2024-01-30,2024-01-18
ord_06552,cust_0172,canceled,2024-03-29,2024-04-17,2024-04-12
ord_06553,cust_0451,shipped,2024-02-03,2024-02-16,2024-02-27
ord_06554,cust_0319,shipped,2024-11-15,2024-12-09,2024-11-23
ord_06555,cust_0325,processing,2024-01-26,2024-02-06,2024-02-09
ord_06556,cust_0125,processing,2024-08-01,2024-08-17,2024-08-10
ord_06557,cust_0470,delivered,2024-07-20,2024-07-28,2024-08-13
ord_06558,cust_0072,shipped,2024-09-19,2024-10-17,2024-09-28
ord_06559,cust_0267,delivered,2024-12-11,2025-01-03,2024-12-31
ord_06560,cust_0156,processing,2024-06-27,2024-07-27,2024-07-22
ord_06561,cust_0434,delivered,2024-12-23,2025-01-03,2025-01-13
ord_06562,cust_0038,delivered,2024-06-26,2024-07-21,2024-07-10
ord_06563,cust_0485,shipped,2024-01-19,2024-02-02,2024-02-12
ord_06564,cust_0005,processing,2024-12-11,2025-01-07,2024-12-25
ord_06565,cust_0317,canceled,2024-09-11,2024-09-20,2024-10-02
ord_06566,cust_0300,delivered,2024-03-12,2024-03-18,2024-04-05
ord_06567,cust_0311,shipped,2024-06-06,2024-06-13,2024-06-26
ord_06568,cust_0332,delivered,2024-08-30,2024-09-15,2024-09-17
ord_06569,cust_0219,processing,2024-02-23,2024-03-09,2024-03-16
ord_06570,cust_0261,processing,2024-12-19,2025-01-18,2024-12-29
ord_06571,cust_0337,shipped,2024-09-02,2024-09-17,2024-09-13
ord_06572,cust_0279,canceled,2024-07-28,2024-08-07,2024-08-17
ord_06573,cust_0451,shipped,2024-01-13,2024-01-18,2024-02-01
ord_06574,cust_0304,shipped,2024-08-23,2024-09-07,2024-09-04
ord_06575,cust_0223,processing,2024-04-04,2024-04-20,2024-04-24
ord_06576,cust_0006,shipped,2024-09-20,2024-10-19,2024-10-13
ord_06577,cust_0044,processing,2024-08-17,2024-09-09,2024-09-05
ord_06578,cust_0282,delivered,2024-06-15,2024-06-23,2024-06-27
ord_06579,cust_0299,shipped,2024-08-25,2024-09-06,2024-09-19
ord_06580,cust_0055,shipped,2024-06-11,2024-07-02,2024-07-05
ord_06581,cust_0246,processing,2024-06-14,2024-06-27,2024-07-06
ord_06582,cust_0499,processing,2024-03-18,2024-04-03,2024-04-04
ord_06583,cust_0282,shipped,2024-07-13,2024-07-25,2024-07-20
ord_06584,cust_0013,canceled,2024-10-12,2024-10-26,2024-11-05
ord_06585,cust_0064,processing,2024-01-16,2024-01-21,2024-02-01
ord_06586,cust_0169,processing,2024-02-25,2024-03-23,2024-03-15
ord_06587,cust_0293,delivered,2024-10-09,2024-10-30,2024-10-22
ord_06588,cust_0445,processing,2024-03-12,2024-04-02,2024-03-30
ord_06589,cust_0274,processing,2024-06-28,2024-07-26,2024-07-07
ord_06590,cust_0431,canceled,2024-02-11,2024-03-05,2024-02-21
ord_06591,cust_0029,canceled,2024-09-26,2024-10-12,2024-10-04
ord_06592,cust_0135,canceled,2024-01-23,2024-01-26,2024-02-04
ord_06593,cust_0268,processing,2024-10-31,2024-11-25,2024-11-12
ord_06594,cust_0179,processing,2024-10-14,2024-11-12,2024-11-05
ord_06595,cust_0329,delivered,2024-01-26,2024-02-18,2024-02-09
ord_06596,cust_0010,delivered,2024-03-13,2024-04-03,2024-03-26
ord_06597,cust_0175,delivered,2024-02-22,2024-03-19,2024-03-04
ord_06598,cust_0201,delivered,2024-02-02,2024-02-25,2024-02-25
ord_06599,cust_0293,delivered,2024-09-09,2024-09-20,2024-09-21
ord_06600,cust_0077,shipped,2024-07-24,2024-08-17,2024-08-11
ord_06601,cust_0209,shipped,2024-03-23,2024-04-02,2024-04-05
ord_06602,cust_0009,processing,2024-03-01,2024-03-24,2024-03-25
ord_06603,cust_0401,processing,2024-03-27,2024-03-31,2024-04-03
ord_06604,cust_0482,shipped,2024-11-23,2024-12-02,2024-11-30
ord_06605,cust_0464,processing,2024-05-13,2024-06-10,2024-05-25
ord_06606,cust_0072,canceled,2024-11-29,2024-12-24,2024-12-19
ord_06607,cust_0232,canceled,2024-12-25,2025-01-22,2025-01-19
ord_06608,cust_0013,canceled,2024-05-02,2024-05-20,2024-05-18
ord_06609,cust_0414,canceled,2024-09-10,2024-10-08,2024-09-19
ord_06610,cust_0462,processing,2024-06-05,2024-06-20,2024-06-23
ord_06611,cust_0131,delivered,2024-12-13,2025-01-09,2025-01-04
ord_06612,cust_0404,shipped,2024-07-13,2024-08-02,2024-08-04
ord_06613,cust_0130,canceled,2024-07-04,2024-07-27,2024-07-20
ord_06614,cust_0371,delivered,2024-04-22,2024-05-03,2024-05-09
ord_06615,cust_0459,processing,2024-05-23,2024-06-07,2024-06-12
ord_06616,cust_0102,canceled,2024-06-30,2024-07-30,2024-07-23
ord_06617,cust_0288,shipped,2024-09-16,2024-09-25,2024-10-02
ord_06618,cust_0484,processing,2024-12-04,2024-12-18,2024-12-28
ord_06619,cust_0427,processing,2024-11-18,2024-11-26,2024-12-08
ord_06620,cust_0425,canceled,2024-04-20,2024-05-06,2024-05-09
ord_06621,cust_0079,delivered,2024-09-22,2024-10-05,2024-10-06
ord_06622,cust_0243,canceled,2024-12-05,2025-01-02,2024-12-26
ord_06623,cust_0474,canceled,2024-09-25,2024-10-13,2024-10-02
ord_06624,cust_0395,shipped,2024-05-04,2024-05-12,2024-05-24
ord_06625,cust_0154,shipped,2024-12-02,2024-12-31,2024-12-17
ord_06626,cust_0444,delivered,2024-08-08,2024-08-30,2024-08-25
ord_06627,cust_0164,delivered,2024-07-01,2024-07-04,2024-07-17
ord_06628,cust_0306,shipped,2024-07-03,2024-07-29,2024-07-11
ord_06629,cust_0238,shipped,2024-09-29,2024-10-10,2024-10-18
ord_06630,cust_0101,canceled,2024-01-05,2024-01-09,2024-01-26
ord_06631,cust_0291,delivered,2024-03-29,2024-04-25,2024-04-11
ord_06632,cust_0117,processing,2024-12-22,2025-01-08,2025-01-12
ord_06633,cust_0162,canceled,2024-03-13,2024-04-12,2024-04-07
ord_06634,cust_0342,delivered,2024-11-21,2024-12-19,2024-12-09
ord_06635,cust_0033,processing,2024-05-03,2024-05-23,2024-05-10
ord_06636,cust_0180,delivered,2024-03-11,2024-03-24,2024-04-04
ord_06637,cust_0353,delivered,2024-06-30,2024-07-04,2024-07-11
ord_06638,cust_0337,shipped,2024-06-02,2024-06-15,2024-06-09
ord_06639,cust_0108,canceled,2024-10-14,2024-10-20,2024-10-30
ord_06640,cust_0466,processing,2024-04-26,2024-05-01,2024-05-07
ord_06641,cust_0423,shipped,2024-11-01,2024-11-12,2024-11-15
ord_06642,cust_0097,delivered,2024-09-08,2024-09-30,2024-09-25
ord_06643,cust_0123,canceled,2024-02-21,2024-02-27,2024-03-03
ord_06644,cust_0445,shipped,2024-10-21,2024-10-24,2024-11-05
ord_06645,cust_0454,processing,2024-07-24,2024-08-07,2024-08-05
ord_06646,cust_0223,processing,2024-05-15,2024-05-22,2024-06-08
ord_06647,cust_0057,delivered,2024-04-03,2024-05-01,2024-04-21
ord_06648,cust_0115,shipped,2024-09-25,2024-10-09,2024-10-17
ord_06649,cust_0179,canceled,2024-10-10,2024-11-04,2024-10-28
ord_06650,cust_0324,processing,2024-06-24,2024-06-29,2024-07-09
ord_06651,cust_0300,shipped,2024-01-21,2024-02-18,2024-01-30
ord_06652,cust_0245,canceled,2024-06-14,2024-06-20,2024-06-23
ord_06653,cust_0161,shipped,2024-06-25,2024-07-24,2024-07-13
ord_06654,cust_0473,processing,2024-12-18,2025-01-04,2024-12-26
ord_06655,cust_0279,delivered,2024-03-10,2024-03-28,2024-03-22
ord_06656,cust_0127,processing,2024-07-31,2024-08-17,2024-08-13
ord_06657,cust_0432,shipped,2024-05-08,2024-05-23,2024-05-18
ord_06658,cust_0426,processing,2024-02-14,2024-03-09,2024-03-02
ord_06659,cust_0390,processing,2024-07-10,2024-07-26,2024-07-22
ord_06660,cust_0386,processing,2024-05-11,2024-05-17,2024-05-23
ord_06661,cust_0270,delivered,2024-01-15,2024-02-03,2024-01-30
ord_06662,cust_0201,shipped,2024-09-18,2024-10-16,2024-10-09
ord_06663,cust_0218,shipped,2024-01-08,2024-01-29,2024-01-16
ord_06664,cust_0124,delivered,2024-02-12,2024-03-05,2024-03-03
ord_06665,cust_0487,delivered,2024-04-30,2024-05-22,2024-05-17
ord_06666,cust_0482,delivered,2024-08-11,2024-09-06,2024-09-02
ord_06667,cust_0365,canceled,2024-06-08,2024-06-21,2024-06-16
ord_06668,cust_0277,shipped,2024-11-11,2024-12-10,2024-12-06
ord_06669,cust_0226,shipped,2024-03-05,2024-03-29,2024-03-25
ord_06670,cust_0486,shipped,2024-12-12,2025-01-09,2024-12-22
ord_06671,cust_0424,delivered,2024-04-20,2024-05-01,2024-05-04
ord_06672,cust_0436,delivered,2024-06-06,2024-06-25,2024-06-24
ord_06673,cust_0030,shipped,2024-12-02,2024-12-14,2024-12-13
ord_06674,cust_0206,canceled,2024-07-08,2024-07-30,2024-07-22
ord_06675,cust_0284,shipped,2024-07-06,2024-07-10,2024-07-17
ord_06676,cust_0131,shipped,2024-05-01,2024-05-07,2024-05-15
ord_06677,cust_0227,processing,2024-08-29,2024-09-12,2024-09-16
ord_06678,cust_0057,canceled,2024-08-26,2024-09-03,2024-09-04
ord_06679,cust_0384,canceled,2024-05-29,2024-06-19,2024-06-05
ord_06680,cust_0459,delivered,2024-11-17,2024-11-28,2024-11-30
ord_06681,cust_0332,canceled,2024-09-23,2024-10-23,2024-10-06
ord_06682,cust_0116,delivered,2024-05-07,2024-05-23,2024-05-25
ord_06683,cust_0341,processing,2024-01-20,2024-02-13,2024-02-01
ord_06684,cust_0165,delivered,2024-09-04,2024-09-10,2024-09-14
ord_06685,cust_0059,processing,2024-07-27,2024-08-03,2024-08-21
ord_06686,cust_0463,canceled,2024-11-05,2024-11-12,2024-11-24
ord_06687,cust_0439,shipped,2024-02-02,2024-02-19,2024-02-15
ord_06688,cust_0073,delivered,2024-09-17,2024-09-23,2024-10-07
ord_06689,cust_0251,shipped,2024-01-28,2024-02-23,2024-02-20
ord_06690,cust_0051,shipped,2024-11-12,2024-11-19,2024-11-24
ord_06691,cust_0403,canceled,2024-07-22,2024-08-12,2024-07-31
ord_06692,cust_0223,processing,2024-08-14,2024-08-23,2024-09-04
ord_06693,cust_0184,shipped,2024-02-28,2024-03-26,2024-03-06
ord_06694,cust_0250,delivered,2024-10-16,2024-11-04,2024-11-06
ord_06695,cust_0178,delivered,2024-08-14,2024-09-06,2024-08-30
ord_06696,cust_0029,canceled,2024-07-10,2024-08-09,2024-07-23
ord_06697,cust_0006,shipped,2024-05-20,2024-06-02,2024-05-28
ord_06698,cust_0381,shipped,2024-01-04,2024-01-11,2024-01-23
ord_06699,cust_0314,delivered,2024-10-13,2024-10-31,2024-11-06
ord_06700,cust_0327,canceled,2024-04-19,2024-05-15,2024-05-05
ord_06701,cust_0258,processing,2024-01-29,2024-02-06,2024-02-15
ord_06702,cust_0025,shipped,2024-08-19,2024-09-15,2024-09-07
ord_06703,cust_0140,delivered,2024-11-28,2024-12-25,2024-12-06
ord_06704,cust_0140,processing,2024-11-05,2024-12-02,2024-11-18
ord_06705,cust_0348,canceled,2024-12-16,2025-01-10,2025-01-06
ord_06706,cust_0275,shipped,2024-06-01,2024-06-24,2024-06-10
ord_06707,cust_0278,delivered,2024-05-02,2024-05-30,2024-05-22
ord_06708,cust_0426,shipped,2024-01-23,2024-01-28,2024-02-06
ord_06709,cust_0025,canceled,2024-08-16,2024-08-24,2024-08-25
ord_06710,cust_0144,processing,2024-02-21,2024-03-02,2024-03-06
ord_06711,cust_0159,shipped,2024-01-31,2024-02-06,2024-02-24
ord_06712,cust_0121,shipped,2024-03-17,2024-03-20,2024-03-27
ord_06713,cust_0089,delivered,2024-07-04,2024-08-01,2024-07-18
ord_06714,cust_0351,delivered,2024-10-08,2024-11-03,2024-10-21
ord_06715,cust_0063,processing,2024-12-10,2024-12-25,2025-01-02
ord_06716,cust_0122,delivered,2024-04-23,2024-05-09,2024-04-30
ord_06717,cust_0126,processing,2024-11-28,2024-12-23,2024-12-20
ord_06718,cust_0384,canceled,2024-11-03,2024-11-06,2024-11-24
ord_06719,cust_0247,shipped,2024-11-27,2024-12-15,2024-12-17
ord_06720,cust_0182,shipped,2024-01-24,2024-01-28,2024-01-31
ord_06721,cust_0400,delivered,2024-02-11,2024-02-22,2024-02-21
ord_06722,cust_0059,processing,2024-08-30,2024-09-02,2024-09-20
ord_06723,cust_0187,delivered,2024-05-03,2024-05-14,2024-05-27
ord_06724,cust_0430,canceled,2024-11-30,2024-12-24,2024-12-24
ord_06725,cust_0235,delivered,2024-02-23,2024-03-02,2024-03-07
ord_06726,cust_0392,delivered,2024-09-27,2024-10-11,2024-10-06
ord_06727,cust_0319,canceled,2024-10-26,2024-11-22,2024-11-04
ord_06728,cust_0133,canceled,2024-11-25,2024-12-07,2024-12-13
ord_06729,cust_0073,processing,2024-08-03,2024-08-25,2024-08-25
ord_06730,cust_0422,delivered,2024-06-25,2024-07-08,2024-07-14
ord_06731,cust_0220,processing,2024-11-03,2024-11-11,2024-11-24
ord_06732,cust_0229,delivered,2024-02-10,2024-02-20,2024-03-02
ord_06733,cust_0257,processing,2024-12-18,2025-01-14,2025-01-10
ord_06734,cust_0124,canceled,2024-03-13,2024-04-12,2024-04-02
ord_06735,cust_0380,processing,2024-07-24,2024-07-30,2024-08-04
ord_06736,cust_0279,shipped,2024-07-14,2024-08-10,2024-08-04
ord_06737,cust_0254,shipped,2024-01-13,2024-01-27,2024-01-31
ord_06738,cust_0279,processing,2024-08-22,2024-08-28,2024-09-04
ord_06739,cust_0085,shipped,2024-05-26,2024-06-24,2024-06-03
ord_06740,cust_0342,processing,2024-04-21,2024-05-15,2024-05-07
ord_06741,cust_0404,processing,2024-02-05,2024-02-17,2024-02-21
ord_06742,cust_0218,shipped,2024-07-14,2024-07-22,2024-08-05
ord_06743,cust_0488,delivered,2024-04-21,2024-04-24,2024-05-07
ord_06744,cust_0214,delivered,2024-02-06,2024-03-05,2024-02-27
ord_06745,cust_0321,delivered,2024-12-16,2024-12-28,2024-12-28
ord_06746,cust_0262,shipped,2024-07-10,2024-07-18,2024-07-26
ord_06747,cust_0273,processing,2024-02-27,2024-03-20,2024-03-17
ord_06748,cust_0246,delivered,2024-04-16,2024-05-02,2024-05-01
ord_06749,cust_0194,processing,2024-05-08,2024-05-23,2024-05-25
ord_06750,cust_0475,delivered,2024-10-30,2024-11-18,2024-11-21
ord_06751,cust_0287,shipped,2024-04-20,2024-05-05,2024-05-14
ord_06752,cust_0278,shipped,2024-01-02,2024-01-05,2024-01-17
ord_06753,cust_0206,shipped,2024-09-06,2024-09-30,2024-09-20
ord_06754,cust_0392,canceled,2024-12-19,2025-01-17,2024-12-28
ord_06755,cust_0400,delivered,2024-10-22,2024-10-30,2024-11-02
ord_06756,cust_0248,delivered,2024-12-04,2024-12-27,2024-12-16
ord_06757,cust_0144,delivered,2024-07-15,2024-07-28,2024-07-29
ord_06758,cust_0194,shipped,2024-01-23,2024-02-03,2024-01-31
ord_06759,cust_0279,processing,2024-10-23,2024-10-29,2024-11-01
ord_06760,cust_0081,canceled,2024-03-28,2024-04-04,2024-04-20
ord_06761,cust_0099,delivered,2024-09-02,2024-09-08,2024-09-25
ord_06762,cust_0229,processing,2024-02-14,2024-03-05,2024-02-24
ord_06763,cust_0172,processing,2024-11-29,2024-12-03,2024-12-21
ord_06764,cust_0336,canceled,2024-09-26,2024-10-18,2024-10-19
ord_06765,cust_0298,processing,2024-10-22,2024-11-09,2024-11-07
ord_06766,cust_0162,shipped,2024-11-15,2024-12-07,2024-11-23
ord_06767,cust_0064,delivered,2024-03-10,2024-03-16,2024-04-01
ord_06768,cust_0405,canceled,2024-05-22,2024-06-11,2024-06-11
ord_06769,cust_0378,delivered,2024-08-01,2024-08-15,2024-08-24
ord_06770,cust_0340,delivered,2024-10-10,2024-11-01,2024-11-03
ord_06771,cust_0253,shipped,2024-01-05,2024-01-21,2024-01-14
ord_06772,cust_0209,shipped,2024-11-19,2024-12-17,2024-12-06
ord_06773,cust_0425,delivered,2024-02-18,2024-03-05,2024-03-02
ord_06774,cust_0490,canceled,2024-03-27,2024-04-18,2024-04-17
ord_06775,cust_0382,processing,2024-06-29,2024-07-16,2024-07-11
ord_06776,cust_0312,processing,2024-02-22,2024-03-09,2024-03-09
ord_06777,cust_0260,delivered,2024-04-21,2024-05-09,2024-05-15
ord_06778,cust_0270,delivered,2024-02-15,2024-03-07,2024-02-28
ord_06779,cust_0358,delivered,2024-07-19,2024-08-07,2024-07-31
ord_06780,cust_0330,delivered,2024-02-28,2024-03-26,2024-03-12
ord_06781,cust_0253,canceled,2024-09-12,2024-09-17,2024-10-02
ord_06782,cust_0059,processing,2024-04-06,2024-05-04,2024-04-18
ord_06783,cust_0216,delivered,2024-04-23,2024-05-21,2024-05-06
ord_06784,cust_0315,canceled,2024-05-03,2024-05-08,2024-05-25
ord_06785,cust_0387,delivered,2024-05-17,2024-06-07,2024-05-25
ord_06786,cust_0125,processing,2024-06-07,2024-07-02,2024-06-15
ord_06787,cust_0384,canceled,2024-12-10,2024-12-18,2024-12-28
ord_06788,cust_0258,shipped,2024-07-09,2024-07-28,2024-07-26
ord_06789,cust_0463,shipped,2024-06-23,2024-07-18,2024-07-13
ord_06790,cust_0281,delivered,2024-12-14,2025-01-05,2025-01-08
ord_06791,cust_0376,shipped,2024-03-19,2024-04-06,2024-04-03
ord_06792,cust_0075,canceled,2024-11-05,2024-11-28,2024-11-16
ord_06793,cust_0415,canceled,2024-06-24,2024-06-30,2024-07-15
ord_06794,cust_0166,delivered,2024-02-05,2024-03-05,2024-02-17
ord_06795,cust_0427,processing,2024-11-18,2024-12-14,2024-12-03
ord_06796,cust_0420,shipped,2024-08-03,2024-08-11,2024-08-13
ord_06797,cust_0416,delivered,2024-12-27,2025-01-05,2025-01-15
ord_06798,cust_0203,shipped,2024-03-03,2024-03-28,2024-03-27
ord_06799,cust_0184,canceled,2024-10-19,2024-11-10,2024-11-03
ord_06800,cust_0371,canceled,2024-02-20,2024-03-20,2024-03-04
ord_06801,cust_0161,processing,2024-06-11,2024-06-21,2024-06-21
ord_06802,cust_0309,shipped,2024-04-21,2024-05-18,2024-04-29
ord_06803,cust_0307,processing,2024-01-05,2024-02-01,2024-01-27
ord_06804,cust_0397,delivered,2024-09-23,2024-10-17,2024-10-10
ord_06805,cust_0357,canceled,2024-11-29,2024-12-20,2024-12-19
ord_06806,cust_0276,processing,2024-07-04,2024-08-01,2024-07-29
ord_06807,cust_0469,delivered,2024-03-10,2024-04-02,2024-03-25
ord_06808,cust_0360,delivered,2024-10-14,2024-11-09,2024-10-26
ord_06809,cust_0169,delivered,2024-08-23,2024-09-10,2024-09-05
ord_06810,cust_0033,delivered,2024-08-02,2024-08-17,2024-08-25
ord_06811,cust_0099,processing,2024-04-15,2024-04-24,2024-05-07
ord_06812,cust_0355,shipped,2024-08-19,2024-08-22,2024-09-10
ord_06813,cust_0362,canceled,2024-03-02,2024-03-20,2024-03-16
ord_06814,cust_0157,shipped,2024-01-06,2024-01-31,2024-01-18
ord_06815,cust_0377,canceled,2024-11-29,2024-12-07,2024-12-11
ord_06816,cust_0451,shipped,2024-02-18,2024-03-14,2024-03-12
ord_06817,cust_0095,shipped,2024-02-01,2024-02-17,2024-02-15
ord_06818,cust_0462,delivered,2024-08-10,2024-08-23,2024-08-26
ord_06819,cust_0333,canceled,2024-02-18,2024-03-09,2024-02-28
ord_06820,cust_0152,canceled,2024-05-28,2024-06-08,2024-06-09
ord_06821,cust_0081,canceled,2024-03-20,2024-04-13,2024-03-27
ord_06822,cust_0004,canceled,2024-05-05,2024-06-02,2024-05-23
ord_06823,cust_0360,delivered,2024-08-12,2024-08-28,2024-08-30
ord_06824,cust_0219,delivered,2024-03-01,2024-03-25,2024-03-24
ord_06825,cust_0005,canceled,2024-06-21,2024-07-07,2024-07-06
ord_06826,cust_0180,shipped,2024-02-22,2024-03-05,2024-03-15
ord_06827,cust_0460,shipped,2024-11-13,2024-12-03,2024-11-22
ord_06828,cust_0160,shipped,2024-08-27,2024-08-31,2024-09-13
ord_06829,cust_0048,delivered,2024-06-02,2024-07-01,2024-06-19
ord_06830,cust_0198,delivered,2024-09-17,2024-10-16,2024-09-29
ord_06831,cust_0014,shipped,2024-12-07,2025-01-05,2024-12-16
ord_06832,cust_0316,canceled,2024-06-11,2024-06-26,2024-06-28
ord_06833,cust_0304,shipped,2024-04-02,2024-04-28,2024-04-27
ord_06834,cust_0124,processing,2024-01-19,2024-02-11,2024-01-31
ord_06835,cust_0222,processing,2024-07-14,2024-08-08,2024-08-02
ord_06836,cust_0292,canceled,2024-11-03,2024-11-11,2024-11-15
ord_06837,cust_0197,delivered,2024-04-29,2024-05-09,2024-05-23
ord_06838,cust_0428,delivered,2024-10-18,2024-10-29,2024-10-27
ord_06839,cust_0401,shipped,2024-11-16,2024-12-15,2024-12-10
ord_06840,cust_0428,shipped,2024-11-07,2024-12-01,2024-11-14
ord_06841,cust_0335,shipped,2024-06-05,2024-06-12,2024-06-20
ord_06842,cust_0218,shipped,2024-05-30,2024-06-02,2024-06-18
ord_06843,cust_0139,processing,2024-09-19,2024-10-15,2024-10-02
ord_06844,cust_0346,shipped,2024-04-07,2024-04-16,2024-04-23
ord_06845,cust_0242,canceled,2024-05-01,2024-05-12,2024-05-14
ord_06846,cust_0196,processing,2024-02-22,2024-03-19,2024-03-16
ord_06847,cust_0260,processing,2024-11-09,2024-11-20,2024-11-17
ord_06848,cust_0090,canceled,2024-07-04,2024-08-01,2024-07-20
ord_06849,cust_0091,processing,2024-05-07,2024-06-02,2024-05-31
ord_06850,cust_0169,canceled,2024-11-13,2024-11-20,2024-12-07
ord_06851,cust_0105,canceled,2024-01-11,2024-01-28,2024-01-26
ord_06852,cust_0084,canceled,2024-01-12,2024-02-02,2024-01-30
ord_06853,cust_0432,delivered,2024-11-07,2024-11-18,2024-11-29
ord_06854,cust_0414,processing,2024-05-07,2024-05-28,2024-05-27
ord_06855,cust_0166,delivered,2024-05-25,2024-06-07,2024-06-07
ord_06856,cust_0023,canceled,2024-08-28,2024-09-12,2024-09-14
ord_06857,cust_0268,shipped,2024-08-22,2024-08-28,2024-09-15
ord_06858,cust_0409,canceled,2024-01-03,2024-01-07,2024-01-28
ord_06859,cust_0261,processing,2024-05-20,2024-05-27,2024-06-13
ord_06860,cust_0379,processing,2024-04-18,2024-04-29,2024-05-04
ord_06861,cust_0493,processing,2024-12-07,2024-12-22,2024-12-30
ord_06862,cust_0276,canceled,2024-08-08,2024-08-25,2024-09-02
ord_06863,cust_0359,delivered,2024-08-21,2024-08-24,2024-09-10
ord_06864,cust_0447,processing,2024-08-22,2024-09-16,2024-08-29
ord_06865,cust_0434,canceled,2024-10-26,2024-10-30,2024-11-04
ord_06866,cust_0042,delivered,2024-11-14,2024-12-01,2024-11-23
ord_06867,cust_0134,processing,2024-04-20,2024-05-18,2024-05-13
ord_06868,cust_0246,canceled,2024-02-22,2024-03-06,2024-03-12
ord_06869,cust_0001,canceled,2024-08-02,2024-08-18,2024-08-19
ord_06870,cust_0217,delivered,2024-02-09,2024-02-29,2024-03-03
ord_06871,cust_0252,canceled,2024-12-17,2024-12-23,2025-01-05
ord_06872,cust_0105,canceled,2024-05-13,2024-06-03,2024-05-25
ord_06873,cust_0313,processing,2024-12-21,2024-12-30,2025-01-08
ord_06874,cust_0010,canceled,2024-10-21,2024-11-09,2024-11-07
ord_06875,cust_0331,canceled,2024-06-14,2024-07-11,2024-06-21
ord_06876,cust_0405,shipped,2024-07-28,2024-08-13,2024-08-22
ord_06877,cust_0024,shipped,2024-09-05,2024-09-18,2024-09-21
ord_06878,cust_0462,shipped,2024-12-30,2025-01-25,2025-01-14
ord_06879,cust_0242,shipped,2024-10-14,2024-10-30,2024-10-23
ord_06880,cust_0064,canceled,2024-06-18,2024-07-16,2024-07-09
ord_06881,cust_0170,delivered,2024-01-18,2024-02-17,2024-01-29
ord_06882,cust_0276,canceled,2024-12-15,2025-01-14,2024-12-29
ord_06883,cust_0382,shipped,2024-12-27,2025-01-14,2025-01-16
ord_06884,cust_0264,delivered,2024-07-11,2024-08-10,2024-07-27
ord_06885,cust_0265,canceled,2024-11-18,2024-12-04,2024-12-02
ord_06886,cust_0441,delivered,2024-10-20,2024-10-30,2024-11-09
ord_06887,cust_0166,canceled,2024-12-09,2024-12-24,2024-12-22
ord_06888,cust_0012,delivered,2024-04-23,2024-04-26,2024-05-02
ord_06889,cust_0296,processing,2024-03-13,2024-03-30,2024-04-06
ord_06890,cust_0496,shipped,2024-11-03,2024-11-16,2024-11-12
ord_06891,cust_0330,canceled,2024-01-01,2024-01-28,2024-01-17
ord_06892,cust_0236,canceled,2024-03-16,2024-04-15,2024-04-07
ord_06893,cust_0025,shipped,2024-09-25,2024-10-10,2024-10-17
ord_06894,cust_0076,delivered,2024-07-17,2024-07-30,2024-08-06
ord_06895,cust_0111,canceled,2024-04-09,2024-05-05,2024-04-29
ord_06896,cust_0109,canceled,2024-06-04,2024-06-28,2024-06-20
ord_06897,cust_0383,shipped,2024-07-25,2024-08-13,2024-08-13
ord_06898,cust_0037,shipped,2024-04-29,2024-05-05,2024-05-23
ord_06899,cust_0226,processing,2024-04-10,2024-04-20,2024-04-28
ord_06900,cust_0230,shipped,2024-02-15,2024-03-04,2024-02-23
ord_06901,cust_0144,canceled,2024-03-04,2024-03-21,2024-03-20
ord_06902,cust_0089,processing,2024-08-24,2024-09-10,2024-09-13
ord_06903,cust_0483,processing,2024-03-10,2024-03-25,2024-03-24
ord_06904,cust_0357,delivered,2024-08-15,2024-09-04,2024-09-01
ord_06905,cust_0469,processing,2024-09-17,2024-10-09,2024-10-11
ord_06906,cust_0495,canceled,2024-09-10,2024-09-21,2024-10-02
ord_06907,cust_0333,shipped,2024-11-09,2024-11-20,2024-11-25
ord_06908,cust_0365,canceled,2024-05-26,2024-06-24,2024-06-18
ord_06909,cust_0435,shipped,2024-03-11,2024-04-01,2024-03-29
ord_06910,cust_0404,canceled,2024-08-16,2024-09-11,2024-09-06
ord_06911,cust_0244,processing,2024-01-15,2024-02-11,2024-01-29
ord_06912,cust_0244,canceled,2024-08-26,2024-09-11,2024-09-19
ord_06913,cust_0012,processing,2024-01-13,2024-01-24,2024-01-24
ord_06914,cust_0042,canceled,2024-08-03,2024-08-20,2024-08-21
ord_06915,cust_0103,canceled,2024-11-01,2024-11-18,2024-11-19
ord_06916,cust_0387,processing,2024-02-15,2024-02-20,2024-03-03
ord_06917,cust_0031,delivered,2024-04-16,2024-05-09,2024-04-29
ord_06918,cust_0293,canceled,2024-01-17,2024-02-09,2024-01-25
ord_06919,cust_0191,processing,2024-01-18,2024-02-15,2024-02-07
ord_06920,cust_0077,shipped,2024-07-01,2024-07-27,2024-07-24
ord_06921,cust_0176,shipped,2024-05-28,2024-06-23,2024-06-12
ord_06922,cust_0336,processing,2024-09-25,2024-10-23,2024-10-12
ord_06923,cust_0489,shipped,2024-07-06,2024-07-16,2024-07-23
ord_06924,cust_0483,processing,2024-04-12,2024-05-12,2024-04-23
ord_06925,cust_0442,delivered,2024-08-08,2024-08-12,2024-08-15
ord_06926,cust_0438,delivered,2024-05-13,2024-05-30,2024-05-20
ord_06927,cust_0418,canceled,2024-02-05,2024-02-09,2024-02-19
ord_06928,cust_0423,processing,2024-10-26,2024-11-22,2024-11-13
ord_06929,cust_0291,processing,2024-02-09,2024-02-14,2024-03-03
ord_06930,cust_0281,delivered,2024-06-09,2024-06-14,2024-06-18
ord_06931,cust_0111,processing,2024-12-15,2024-12-28,2025-01-07
ord_06932,cust_0040,canceled,2024-05-21,2024-06-05,2024-06-10
ord_06933,cust_0218,delivered,2024-06-05,2024-06-23,2024-06-26
ord_06934,cust_0262,processing,2024-09-18,2024-10-11,2024-10-08
ord_06935,cust_0369,processing,2024-12-08,2024-12-11,2024-12-23
ord_06936,cust_0344,processing,2024-10-25,2024-11-10,2024-11-13
ord_06937,cust_0380,canceled,2024-10-07,2024-10-14,2024-10-14
ord_06938,cust_0207,canceled,2024-12-30,2025-01-06,2025-01-17
ord_06939,cust_0009,delivered,2024-11-03,2024-11-24,2024-11-21
ord_06940,cust_0360,shipped,2024-05-21,2024-06-15,2024-06-02
ord_06941,cust_0374,shipped,2024-12-20,2024-12-30,2024-12-27
ord_06942,cust_0255,processing,2024-10-21,2024-11-15,2024-11-02
ord_06943,cust_0162,canceled,2024-05-26,2024-06-25,2024-06-02
ord_06944,cust_0320,processing,2024-09-03,2024-09-27,2024-09-17
ord_06945,cust_0130,delivered,2024-03-30,2024-04-06,2024-04-08
ord_06946,cust_0449,delivered,2024-06-30,2024-07-05,2024-07-13
ord_06947,cust_0017,canceled,2024-09-29,2024-10-14,2024-10-18
ord_06948,cust_0445,shipped,2024-09-05,2024-09-17,2024-09-26
ord_06949,cust_0430,delivered,2024-04-19,2024-05-09,2024-05-14
ord_06950,cust_0174,shipped,2024-05-09,2024-05-26,2024-06-01
ord_06951,cust_0443,canceled,2024-05-13,2024-05-30,2024-05-29
ord_06952,cust_0168,canceled,2024-03-06,2024-03-09,2024-03-19
ord_06953,cust_0477,shipped,2024-05-24,2024-05-30,2024-05-31
ord_06954,cust_0247,shipped,2024-04-25,2024-05-23,2024-05-18
ord_06955,cust_0469,processing,2024-07-01,2024-07-06,2024-07-25
ord_06956,cust_0246,canceled,2024-07-30,2024-08-11,2024-08-21
ord_06957,cust_0497,shipped,2024-02-18,2024-02-27,2024-02-27
ord_06958,cust_0346,shipped,2024-07-06,2024-07-11,2024-07-29
ord_06959,cust_0264,canceled,2024-01-05,2024-01-12,2024-01-23
ord_06960,cust_0396,canceled,2024-04-10,2024-04-21,2024-04-30
ord_06961,cust_0179,shipped,2024-09-30,2024-10-29,2024-10-09
ord_06962,cust_0187,shipped,2024-11-14,2024-12-03,2024-12-08
ord_06963,cust_0282,canceled,2024-12-21,2024-12-27,2025-01-12
ord_06964,cust_0415,canceled,2024-06-24,2024-07-16,2024-07-02
ord_06965,cust_0470,shipped,2024-12-27,2025-01-20,2025-01-05
ord_06966,cust_0185,delivered,2024-10-10,2024-10-25,2024-10-27
ord_06967,cust_0389,shipped,2024-07-11,2024-07-28,2024-07-29
ord_06968,cust_0483,delivered,2024-04-20,2024-05-10,2024-05-03
ord_06969,cust_0273,delivered,2024-10-27,2024-11-06,2024-11-12
ord_06970,cust_0375,delivered,2024-10-07,2024-11-01,2024-10-15
ord_06971,cust_0420,canceled,2024-04-10,2024-04-30,2024-04-19
ord_06972,cust_0066,shipped,2024-07-16,2024-07-25,2024-07-31
ord_06973,cust_0353,canceled,2024-06-08,2024-06-16,2024-06-18
ord_06974,cust_0391,delivered,2024-10-21,2024-11-07,2024-11-04
ord_06975,cust_0089,delivered,2024-10-27,2024-11-22,2024-11-06
ord_06976,cust_0242,shipped,2024-09-20,2024-10-03,2024-10-01
ord_06977,cust_0152,processing,2024-05-31,2024-06-05,2024-06-09
ord_06978,cust_0043,canceled,2024-02-15,2024-02-24,2024-02-29
ord_06979,cust_0101,delivered,2024-11-24,2024-12-08,2024-12-12
ord_06980,cust_0020,shipped,2024-02-02,2024-02-15,2024-02-16
ord_06981,cust_0152,delivered,2024-01-31,2024-02-28,2024-02-16
ord_06982,cust_0046,delivered,2024-08-18,2024-09-04,2024-09-11
ord_06983,cust_0185,canceled,2024-01-25,2024-02-16,2024-02-14
ord_06984,cust_0164,processing,2024-12-05,2025-01-01,2024-12-22
ord_06985,cust_0122,canceled,2024-07-27,2024-08-22,2024-08-16
ord_06986,cust_0401,shipped,2024-06-15,2024-06-27,2024-06-25
ord_06987,cust_0073,processing,2024-11-01,2024-11-22,2024-11-11
ord_06988,cust_0175,shipped,2024-11-10,2024-12-10,2024-11-25
ord_06989,cust_0351,delivered,2024-01-29,2024-02-14,2024-02-14
ord_06990,cust_0012,processing,2024-11-12,2024-12-08,2024-11-22
ord_06991,cust_0329,processing,2024-02-23,2024-03-19,2024-03-13
ord_06992,cust_0009,delivered,2024-12-19,2025-01-10,2024-12-28
ord_06993,cust_0326,shipped,2024-12-25,2025-01-20,2025-01-17
ord_06994,cust_0069,delivered,2024-03-22,2024-04-15,2024-04-06
ord_06995,cust_0214,shipped,2024-07-26,2024-08-15,2024-08-06
ord_06996,cust_0325,processing,2024-03-18,2024-04-11,2024-03-27
ord_06997,cust_0088,processing,2024-07-01,2024-07-24,2024-07-20
ord_06998,cust_0489,shipped,2024-11-12,2024-12-03,2024-12-01
ord_06999,cust_0324,canceled,2024-01-16,2024-02-04,2024-01-29
ord_07000,cust_0382,delivered,2024-09-11,2024-10-02,2024-09-20
ord_07001,cust_0118,shipped,2024-01-06,2024-01-20,2024-01-31
ord_07002,cust_0253,shipped,2024-12-04,2025-01-01,2024-12-22
ord_07003,cust_0026,shipped,2024-03-08,2024-03-28,2024-03-29
ord_07004,cust_0024,processing,2024-03-21,2024-03-28,2024-03-28
ord_07005,cust_0316,processing,2024-05-16,2024-06-05,2024-06-02
ord_07006,cust_0285,processing,2024-03-06,2024-03-17,2024-03-19
ord_07007,cust_0046,canceled,2024-03-03,2024-03-10,2024-03-21
ord_07008,cust_0170,delivered,2024-06-20,2024-06-28,2024-06-28
ord_07009,cust_0205,delivered,2024-12-27,2025-01-03,2025-01-19
ord_07010,cust_0283,delivered,2024-07-13,2024-07-17,2024-07-29
ord_07011,cust_0135,delivered,2024-03-29,2024-04-26,2024-04-10
ord_07012,cust_0434,canceled,2024-08-02,2024-08-30,2024-08-20
ord_07013,cust_0489,processing,2024-09-01,2024-09-12,2024-09-22
ord_07014,cust_0022,delivered,2024-12-20,2025-01-11,2025-01-06
ord_07015,cust_0325,canceled,2024-05-11,2024-06-10,2024-05-20
ord_07016,cust_0105,delivered,2024-08-11,2024-08-26,2024-08-26
ord_07017,cust_0322,canceled,2024-02-18,2024-03-04,2024-03-06
ord_07018,cust_0113,processing,2024-08-08,2024-09-05,2024-08-19
ord_07019,cust_0227,processing,2024-09-28,2024-10-17,2024-10-21
ord_07020,cust_0038,shipped,2024-06-26,2024-07-12,2024-07-10
ord_07021,cust_0214,shipped,2024-07-18,2024-08-11,2024-07-26
ord_07022,cust_0012,delivered,2024-03-11,2024-04-09,2024-04-05
ord_07023,cust_0285,processing,2024-02-20,2024-03-19,2024-03-04
ord_07024,cust_0426,canceled,2024-01-05,2024-01-16,2024-01-27
ord_07025,cust_0463,delivered,2024-12-06,2025-01-02,2024-12-27
ord_07026,cust_0110,delivered,2024-10-22,2024-11-13,2024-10-29
ord_07027,cust_0390,canceled,2024-04-16,2024-04-29,2024-04-26
ord_07028,cust_0374,shipped,2024-09-23,2024-10-14,2024-10-10
ord_07029,cust_0149,canceled,2024-10-13,2024-10-21,2024-11-07
ord_07030,cust_0133,processing,2024-02-07,2024-02-28,2024-02-17
ord_07031,cust_0491,canceled,2024-10-15,2024-11-10,2024-10-23
ord_07032,cust_0066,shipped,2024-04-29,2024-05-11,2024-05-20
ord_07033,cust_0491,processing,2024-10-28,2024-11-11,2024-11-06
ord_07034,cust_0420,canceled,2024-08-30,2024-09-08,2024-09-07
ord_07035,cust_0253,delivered,2024-04-23,2024-04-30,2024-05-12
ord_07036,cust_0389,processing,2024-10-11,2024-10-22,2024-11-03
ord_07037,cust_0428,canceled,2024-11-16,2024-12-05,2024-12-06
ord_07038,cust_0304,shipped,2024-07-13,2024-08-07,2024-07-24
ord_07039,cust_0340,shipped,2024-07-07,2024-08-03,2024-07-31
ord_07040,cust_0368,delivered,2024-03-22,2024-04-10,2024-04-03
ord_07041,cust_0079,shipped,2024-02-26,2024-03-16,2024-03-10
ord_07042,cust_0224,canceled,2024-07-10,2024-07-19,2024-07-18
ord_07043,cust_0349,processing,2024-08-06,2024-08-26,2024-08-22
ord_07044,cust_0258,delivered,2024-09-05,2024-09-21,2024-09-27
ord_07045,cust_0166,shipped,2024-11-08,2024-11-23,2024-11-23
ord_07046,cust_0295,canceled,2024-09-02,2024-09-13,2024-09-17
ord_07047,cust_0076,delivered,2024-10-21,2024-11-08,2024-11-07
ord_07048,cust_0042,processing,2024-04-28,2024-05-12,2024-05-11
ord_07049,cust_0308,shipped,2024-06-14,2024-06-28,2024-07-01
ord_07050,cust_0141,processing,2024-09-14,2024-10-09,2024-10-06
ord_07051,cust_0362,canceled,2024-05-21,2024-05-26,2024-05-30
ord_07052,cust_0220,processing,2024-09-26,2024-10-11,2024-10-08
ord_07053,cust_0430,delivered,2024-06-14,2024-07-11,2024-06-24
ord_07054,cust_0218,canceled,2024-11-11,2024-12-03,2024-12-03
ord_07055,cust_0314,processing,2024-06-20,2024-06-30,2024-07-05
ord_07056,cust_0037,canceled,2024-07-01,2024-07-29,2024-07-18
ord_07057,cust_0455,delivered,2024-11-24,2024-12-10,2024-12-10
ord_07058,cust_0272,processing,2024-11-09,2024-11-24,2024-11-30
ord_07059,cust_0468,delivered,2024-05-01,2024-05-27,2024-05-08
ord_07060,cust_0378,shipped,2024-10-16,2024-10-25,2024-11-03
ord_07061,cust_0203,shipped,2024-02-01,2024-03-01,2024-02-11
ord_07062,cust_0295,processing,2024-01-20,2024-01-25,2024-02-06
ord_07063,cust_0089,canceled,2024-11-29,2024-12-22,2024-12-10
ord_07064,cust_0144,shipped,2024-03-15,2024-03-22,2024-04-07
ord_07065,cust_0246,processing,2024-06-05,2024-07-02,2024-06-17
ord_07066,cust_0291,canceled,2024-07-29,2024-08-18,2024-08-06
ord_07067,cust_0489,delivered,2024-08-11,2024-09-03,2024-08-19
ord_07068,cust_0498,delivered,2024-11-20,2024-12-20,2024-12-13
ord_07069,cust_0101,canceled,2024-05-20,2024-05-23,2024-06-02
ord_07070,cust_0430,canceled,2024-10-10,2024-10-13,2024-10-19
ord_07071,cust_0192,processing,2024-04-22,2024-05-09,2024-05-06
ord_07072,cust_0054,canceled,2024-07-23,2024-08-18,2024-08-14
ord_07073,cust_0214,delivered,2024-06-16,2024-06-27,2024-07-01
ord_07074,cust_0079,processing,2024-06-25,2024-07-05,2024-07-20
ord_07075,cust_0249,canceled,2024-01-21,2024-02-12,2024-02-10
ord_07076,cust_0254,shipped,2024-07-25,2024-08-17,2024-08-05
ord_07077,cust_0384,shipped,2024-01-25,2024-02-17,2024-02-11
ord_07078,cust_0320,delivered,2024-07-21,2024-08-15,2024-08-06
ord_07079,cust_0364,canceled,2024-02-24,2024-03-17,2024-03-06
ord_07080,cust_0412,canceled,2024-07-28,2024-08-14,2024-08-08
ord_07081,cust_0451,canceled,2024-01-22,2024-01-30,2024-01-31
ord_07082,cust_0286,shipped,2024-06-13,2024-07-09,2024-06-26
ord_07083,cust_0233,canceled,2024-01-11,2024-02-04,2024-02-02
ord_07084,cust_0046,shipped,2024-06-12,2024-07-02,2024-06-23
ord_07085,cust_0134,shipped,2024-07-16,2024-07-24,2024-08-05
ord_07086,cust_0245,canceled,2024-11-06,2024-11-20,2024-11-25
ord_07087,cust_0002,processing,2024-05-27,2024-06-22,2024-06-15
ord_07088,cust_0426,processing,2024-10-14,2024-11-05,2024-10-21
ord_07089,cust_0357,delivered,2024-06-24,2024-06-29,2024-07-19
ord_07090,cust_0234,processing,2024-11-06,2024-11-25,2024-11-15
ord_07091,cust_0079,canceled,2024-07-10,2024-07-24,2024-07-19
ord_07092,cust_0310,shipped,2024-06-02,2024-06-08,2024-06-18
ord_07093,cust_0220,canceled,2024-06-22,2024-07-01,2024-07-02
ord_07094,cust_0267,shipped,2024-11-13,2024-12-03,2024-11-25
ord_07095,cust_0340,processing,2024-09-21,2024-10-18,2024-10-08
ord_07096,cust_0223,canceled,2024-05-19,2024-06-05,2024-06-09
ord_07097,cust_0299,delivered,2024-07-13,2024-08-09,2024-07-30
ord_07098,cust_0167,canceled,2024-09-03,2024-09-06,2024-09-21
ord_07099,cust_0327,canceled,2024-11-09,2024-11-20,2024-11-22
ord_07100,cust_0275,processing,2024-04-23,2024-05-20,2024-05-13
ord_07101,cust_0173,processing,2024-12-02,2024-12-20,2024-12-12
ord_07102,cust_0372,delivered,2024-10-15,2024-10-23,2024-10-26
ord_07103,cust_0250,processing,2024-10-25,2024-11-05,2024-11-02
ord_07104,cust_0443,delivered,2024-12-21,2024-12-31,2025-01-06
ord_07105,cust_0304,processing,2024-06-26,2024-07-05,2024-07-14
ord_07106,cust_0340,delivered,2024-08-26,2024-09-01,2024-09-03
ord_07107,cust_0330,canceled,2024-02-26,2024-03-03,2024-03-14
ord_07108,cust_0393,canceled,2024-08-24,2024-09-10,2024-09-07
ord_07109,cust_0340,delivered,2024-11-10,2024-11-21,2024-11-24
ord_07110,cust_0248,shipped,2024-12-03,2024-12-14,2024-12-27
ord_07111,cust_0240,canceled,2024-03-29,2024-04-12,2024-04-16
ord_07112,cust_0115,canceled,2024-07-24,2024-08-04,2024-08-03
ord_07113,cust_0159,delivered,2024-05-18,2024-06-10,2024-06-09
ord_07114,cust_0449,canceled,2024-07-20,2024-08-09,2024-08-06
ord_07115,cust_0078,shipped,2024-08-27,2024-09-05,2024-09-13
ord_07116,cust_0495,canceled,2024-03-15,2024-04-04,2024-04-02
ord_07117,cust_0428,canceled,2024-06-27,2024-07-17,2024-07-04
ord_07118,cust_0427,processing,2024-09-05,2024-10-01,2024-09-21
ord_07119,cust_0335,processing,2024-07-04,2024-07-23,2024-07-14
ord_07120,cust_0404,canceled,2024-07-25,2024-07-29,2024-08-05
ord_07121,cust_0398,shipped,2024-11-17,2024-12-10,2024-11-27
ord_07122,cust_0110,canceled,2024-07-29,2024-08-06,2024-08-12
ord_07123,cust_0010,processing,2024-08-15,2024-08-18,2024-08-31
ord_07124,cust_0414,processing,2024-02-22,2024-03-04,2024-03-12
ord_07125,cust_0131,processing,2024-11-20,2024-12-15,2024-11-30
ord_07126,cust_0369,shipped,2024-12-08,2024-12-29,2024-12-30
ord_07127,cust_0179,canceled,2024-05-28,2024-06-03,2024-06-21
ord_07128,cust_0266,shipped,2024-10-19,2024-11-01,2024-10-27
ord_07129,cust_0366,processing,2024-09-12,2024-09-24,2024-09-30
ord_07130,cust_0014,shipped,2024-01-19,2024-01-25,2024-02-09
ord_07131,cust_0052,delivered,2024-11-07,2024-12-06,2024-11-26
ord_07132,cust_0316,delivered,2024-02-09,2024-02-26,2024-02-27
ord_07133,cust_0389,delivered,2024-12-03,2025-01-02,2024-12-11
ord_07134,cust_0482,processing,2024-08-12,2024-09-07,2024-08-20
ord_07135,cust_0295,delivered,2024-08-23,2024-09-13,2024-09-07
ord_07136,cust_0359,shipped,2024-09-07,2024-09-27,2024-09-27
ord_07137,cust_0349,delivered,2024-09-27,2024-10-10,2024-10-14
ord_07138,cust_0057,canceled,2024-07-22,2024-08-16,2024-08-02
ord_07139,cust_0341,processing,2024-10-23,2024-11-20,2024-11-06
ord_07140,cust_0181,shipped,2024-08-15,2024-08-30,2024-08-29
ord_07141,cust_0189,canceled,2024-08-07,2024-08-25,2024-08-21
ord_07142,cust_0024,processing,2024-12-26,2025-01-14,2025-01-15
ord_07143,cust_0069,shipped,2024-01-30,2024-02-16,2024-02-10
ord_07144,cust_0496,shipped,2024-05-18,2024-06-14,2024-05-27
ord_07145,cust_0420,delivered,2024-04-28,2024-05-26,2024-05-16
ord_07146,cust_0039,canceled,2024-04-09,2024-05-01,2024-04-16
ord_07147,cust_0467,canceled,2024-04-07,2024-04-11,2024-04-28
ord_07148,cust_0500,shipped,2024-03-25,2024-04-12,2024-04-10
ord_07149,cust_0161,processing,2024-08-09,2024-08-24,2024-08-23
ord_07150,cust_0212,processing,2024-12-30,2025-01-26,2025-01-24
ord_07151,cust_0267,delivered,2024-02-02,2024-02-27,2024-02-17
ord_07152,cust_0341,delivered,2024-04-10,2024-05-05,2024-04-17
ord_07153,cust_0412,canceled,2024-08-21,2024-09-14,2024-09-04
ord_07154,cust_0288,shipped,2024-11-17,2024-12-03,2024-12-05
ord_07155,cust_0263,shipped,2024-07-18,2024-08-16,2024-07-25
ord_07156,cust_0122,processing,2024-06-24,2024-07-02,2024-07-14
ord_07157,cust_0073,processing,2024-10-29,2024-11-09,2024-11-07
ord_07158,cust_0046,shipped,2024-08-07,2024-08-28,2024-08-17
ord_07159,cust_0408,shipped,2024-12-10,2024-12-17,2024-12-23
ord_07160,cust_0166,shipped,2024-02-08,2024-02-19,2024-02-20
ord_07161,cust_0300,processing,2024-07-12,2024-07-17,2024-07-22
ord_07162,cust_0413,shipped,2024-11-24,2024-12-14,2024-12-19
ord_07163,cust_0202,canceled,2024-06-19,2024-07-17,2024-07-05
ord_07164,cust_0194,canceled,2024-08-19,2024-08-30,2024-09-03
ord_07165,cust_0192,canceled,2024-12-24,2025-01-02,2025-01-05
ord_07166,cust_0057,delivered,2024-05-23,2024-06-04,2024-06-01
ord_07167,cust_0044,shipped,2024-12-18,2025-01-07,2025-01-04
ord_07168,cust_0262,delivered,2024-07-14,2024-07-31,2024-07-27
ord_07169,cust_0030,shipped,2024-12-17,2024-12-30,2024-12-28
ord_07170,cust_0052,shipped,2024-10-09,2024-11-07,2024-11-02
ord_07171,cust_0263,canceled,2024-08-15,2024-09-13,2024-09-04
ord_07172,cust_0442,processing,2024-02-21,2024-03-12,2024-03-07
ord_07173,cust_0344,shipped,2024-02-11,2024-02-22,2024-03-01
ord_07174,cust_0134,shipped,2024-03-25,2024-03-28,2024-04-03
ord_07175,cust_0137,delivered,2024-04-11,2024-04-21,2024-04-28
ord_07176,cust_0227,shipped,2024-02-19,2024-02-25,2024-03-02
ord_07177,cust_0006,shipped,2024-10-04,2024-10-13,2024-10-23
ord_07178,cust_0450,processing,2024-01-01,2024-01-20,2024-01-23
ord_07179,cust_0024,delivered,2024-05-29,2024-06-15,2024-06-20
ord_07180,cust_0223,delivered,2024-08-03,2024-08-27,2024-08-25
ord_07181,cust_0194,shipped,2024-10-05,2024-10-15,2024-10-26
ord_07182,cust_0248,processing,2024-11-05,2024-11-19,2024-11-12
ord_07183,cust_0326,processing,2024-11-30,2024-12-18,2024-12-09
ord_07184,cust_0076,delivered,2024-04-04,2024-04-10,2024-04-26
ord_07185,cust_0433,processing,2024-05-24,2024-06-13,2024-06-16
ord_07186,cust_0053,processing,2024-10-14,2024-10-18,2024-10-30
ord_07187,cust_0116,shipped,2024-10-21,2024-10-31,2024-10-29
ord_07188,cust_0336,canceled,2024-07-17,2024-08-16,2024-08-02
ord_07189,cust_0240,canceled,2024-07-24,2024-08-04,2024-08-13
ord_07190,cust_0206,delivered,2024-02-25,2024-03-17,2024-03-05
ord_07191,cust_0312,delivered,2024-06-14,2024-07-09,2024-06-28
ord_07192,cust_0408,delivered,2024-07-17,2024-08-14,2024-08-01
ord_07193,cust_0331,delivered,2024-10-16,2024-11-11,2024-11-07
ord_07194,cust_0173,delivered,2024-04-27,2024-05-09,2024-05-08
ord_07195,cust_0350,delivered,2024-12-27,2025-01-18,2025-01-17
ord_07196,cust_0378,canceled,2024-03-04,2024-03-24,2024-03-13
ord_07197,cust_0097,processing,2024-10-13,2024-11-03,2024-10-23
ord_07198,cust_0201,processing,2024-10-05,2024-10-12,2024-10-30
ord_07199,cust_0090,delivered,2024-01-06,2024-01-23,2024-01-21
ord_07200,cust_0307,shipped,2024-06-19,2024-06-29,2024-06-28
ord_07201,cust_0400,canceled,2024-11-22,2024-12-07,2024-12-03
ord_07202,cust_0072,shipped,2024-03-28,2024-04-12,2024-04-04
ord_07203,cust_0377,delivered,2024-02-27,2024-03-14,2024-03-23
ord_07204,cust_0234,canceled,2024-10-08,2024-11-02,2024-10-31
ord_07205,cust_0073,shipped,2024-05-21,2024-06-09,2024-05-28
ord_07206,cust_0280,shipped,2024-04-11,2024-05-08,2024-04-29
ord_07207,cust_0099,delivered,2024-09-14,2024-10-13,2024-09-30
ord_07208,cust_0230,shipped,2024-01-03,2024-01-19,2024-01-21
ord_07209,cust_0246,canceled,2024-06-16,2024-07-16,2024-06-25
ord_07210,cust_0294,shipped,2024-06-22,2024-07-03,2024-07-11
ord_07211,cust_0063,delivered,2024-12-19,2025-01-13,2025-01-06
ord_07212,cust_0156,delivered,2024-03-24,2024-04-19,2024-04-02
ord_07213,cust_0126,shipped,2024-02-15,2024-02-22,2024-03-10
ord_07214,cust_0189,processing,2024-02-14,2024-03-06,2024-03-02
ord_07215,cust_0478,shipped,2024-10-16,2024-11-06,2024-10-23
ord_07216,cust_0052,processing,2024-06-22,2024-07-20,2024-07-13
ord_07217,cust_0359,delivered,2024-09-09,2024-09-14,2024-10-01
ord_07218,cust_0211,processing,2024-04-08,2024-04-12,2024-04-26
ord_07219,cust_0038,shipped,2024-01-30,2024-02-20,2024-02-15
ord_07220,cust_0003,canceled,2024-05-09,2024-06-03,2024-05-28
ord_07221,cust_0277,shipped,2024-02-17,2024-03-03,2024-03-03
ord_07222,cust_0303,canceled,2024-11-20,2024-12-13,2024-12-14
ord_07223,cust_0198,canceled,2024-04-16,2024-04-26,2024-05-07
ord_07224,cust_0233,processing,2024-02-29,2024-03-27,2024-03-24
ord_07225,cust_0440,delivered,2024-08-22,2024-09-08,2024-09-11
ord_07226,cust_0115,canceled,2024-01-05,2024-01-20,2024-01-20
ord_07227,cust_0410,processing,2024-06-15,2024-07-08,2024-07-10
ord_07228,cust_0432,delivered,2024-12-12,2025-01-04,2024-12-26
ord_07229,cust_0390,shipped,2024-11-23,2024-12-20,2024-12-15
ord_07230,cust_0091,canceled,2024-01-23,2024-02-02,2024-02-06
ord_07231,cust_0384,processing,2024-10-24,2024-11-21,2024-11-13
ord_07232,cust_0459,canceled,2024-06-19,2024-07-16,2024-07-11
ord_07233,cust_0155,canceled,2024-06-23,2024-06-29,2024-06-30
ord_07234,cust_0301,canceled,2024-09-30,2024-10-30,2024-10-08
ord_07235,cust_0372,shipped,2024-12-24,2025-01-23,2025-01-14
ord_07236,cust_0177,processing,2024-02-29,2024-03-20,2024-03-09
ord_07237,cust_0433,canceled,2024-01-11,2024-02-10,2024-01-28
ord_07238,cust_0233,canceled,2024-03-24,2024-04-11,2024-04-01
ord_07239,cust_0412,processing,2024-10-23,2024-11-17,2024-11-08
ord_07240,cust_0054,delivered,2024-07-30,2024-08-28,2024-08-09
ord_07241,cust_0243,processing,2024-01-27,2024-02-14,2024-02-21
ord_07242,cust_0149,canceled,2024-06-06,2024-06-23,2024-06-24
ord_07243,cust_0077,processing,2024-08-02,2024-08-15,2024-08-23
ord_07244,cust_0350,shipped,2024-03-18,2024-03-26,2024-04-06
ord_07245,cust_0138,delivered,2024-05-31,2024-06-19,2024-06-17
ord_07246,cust_0312,canceled,2024-04-14,2024-05-05,2024-04-21
ord_07247,cust_0440,canceled,2024-12-16,2024-12-31,2025-01-08
ord_07248,cust_0195,shipped,2024-08-01,2024-08-04,2024-08-21
ord_07249,cust_0035,shipped,2024-11-28,2024-12-23,2024-12-18
ord_07250,cust_0401,processing,2024-09-22,2024-09-29,2024-10-12
ord_07251,cust_0453,processing,2024-01-18,2024-02-09,2024-02-08
ord_07252,cust_0240,delivered,2024-08-21,2024-09-07,2024-09-08
ord_07253,cust_0290,processing,2024-11-30,2024-12-09,2024-12-25
ord_07254,cust_0255,processing,2024-03-14,2024-03-29,2024-03-28
ord_07255,cust_0036,delivered,2024-10-28,2024-11-05,2024-11-18
ord_07256,cust_0184,delivered,2024-01-29,2024-02-15,2024-02-12
ord_07257,cust_0089,shipped,2024-03-07,2024-03-27,2024-03-27
ord_07258,cust_0209,shipped,2024-12-04,2025-01-01,2024-12-12
ord_07259,cust_0119,shipped,2024-05-27,2024-06-05,2024-06-08
ord_07260,cust_0027,shipped,2024-12-16,2025-01-12,2024-12-30
ord_07261,cust_0476,shipped,2024-04-20,2024-05-12,2024-05-15
ord_07262,cust_0012,processing,2024-05-09,2024-05-20,2024-05-28
ord_07263,cust_0290,canceled,2024-12-28,2024-12-31,2025-01-16
ord_07264,cust_0205,canceled,2024-12-28,2025-01-07,2025-01-04
ord_07265,cust_0175,processing,2024-12-01,2024-12-08,2024-12-14
ord_07266,cust_0399,shipped,2024-10-02,2024-10-17,2024-10-19
ord_07267,cust_0070,canceled,2024-11-02,2024-11-14,2024-11-11
ord_07268,cust_0017,processing,2024-05-04,2024-05-22,2024-05-12
ord_07269,cust_0454,canceled,2024-05-15,2024-05-26,2024-06-07
ord_07270,cust_0400,canceled,2024-05-27,2024-06-16,2024-06-18
ord_07271,cust_0493,delivered,2024-05-05,2024-05-11,2024-05-15
ord_07272,cust_0180,canceled,2024-05-11,2024-05-19,2024-05-29
ord_07273,cust_0166,shipped,2024-03-14,2024-04-02,2024-03-21
ord_07274,cust_0497,shipped,2024-08-15,2024-08-31,2024-08-31
ord_07275,cust_0246,processing,2024-07-05,2024-07-18,2024-07-12
ord_07276,cust_0279,processing,2024-10-08,2024-10-27,2024-10-29
ord_07277,cust_0022,shipped,2024-01-15,2024-02-08,2024-01-27
ord_07278,cust_0063,shipped,2024-10-29,2024-11-05,2024-11-10
ord_07279,cust_0462,delivered,2024-02-08,2024-02-26,2024-02-16
ord_07280,cust_0287,processing,2024-11-14,2024-12-09,2024-12-01
ord_07281,cust_0398,shipped,2024-07-31,2024-08-09,2024-08-25
ord_07282,cust_0290,processing,2024-10-03,2024-10-31,2024-10-25
ord_07283,cust_0104,delivered,2024-03-22,2024-04-10,2024-04-13
ord_07284,cust_0413,canceled,2024-05-08,2024-06-05,2024-05-20
ord_07285,cust_0089,delivered,2024-10-17,2024-10-31,2024-11-06
ord_07286,cust_0201,canceled,2024-08-30,2024-09-23,2024-09-24
ord_07287,cust_0005,shipped,2024-06-02,2024-06-08,2024-06-22
ord_07288,cust_0278,delivered,2024-04-09,2024-05-06,2024-04-21
ord_07289,cust_0166,delivered,2024-08-29,2024-09-01,2024-09-05
ord_07290,cust_0270,processing,2024-12-25,2024-12-29,2025-01-06
ord_07291,cust_0077,delivered,2024-06-08,2024-06-21,2024-06-17
ord_07292,cust_0375,delivered,2024-03-16,2024-04-09,2024-03-28
ord_07293,cust_0185,canceled,2024-02-12,2024-03-09,2024-03-05
ord_07294,cust_0204,canceled,2024-07-06,2024-07-17,2024-07-15
ord_07295,cust_0338,delivered,2024-09-28,2024-10-16,2024-10-09
ord_07296,cust_0208,processing,2024-01-29,2024-02-28,2024-02-13
ord_07297,cust_0164,delivered,2024-03-08,2024-04-07,2024-03-29
ord_07298,cust_0208,processing,2024-02-20,2024-03-05,2024-03-03
ord_07299,cust_0423,delivered,2024-05-09,2024-05-20,2024-05-21
ord_07300,cust_0029,processing,2024-04-27,2024-05-27,2024-05-16
ord_07301,cust_0150,shipped,2024-09-30,2024-10-27,2024-10-17
ord_07302,cust_0496,canceled,2024-04-13,2024-04-16,2024-05-08
ord_07303,cust_0462,shipped,2024-09-16,2024-10-04,2024-09-27
ord_07304,cust_0204,delivered,2024-12-18,2025-01-07,2024-12-31
ord_07305,cust_0443,canceled,2024-08-06,2024-08-10,2024-08-15
ord_07306,cust_0118,shipped,2024-06-20,2024-07-07,2024-07-01
ord_07307,cust_0138,canceled,2024-07-24,2024-08-11,2024-08-02
ord_07308,cust_0318,processing,2024-09-13,2024-10-08,2024-09-23
ord_07309,cust_0023,delivered,2024-01-04,2024-01-10,2024-01-22
ord_07310,cust_0312,processing,2024-10-16,2024-11-01,2024-11-07
ord_07311,cust_0317,shipped,2024-12-08,2024-12-15,2024-12-15
ord_07312,cust_0067,delivered,2024-06-28,2024-07-03,2024-07-23
ord_07313,cust_0080,canceled,2024-03-02,2024-04-01,2024-03-26
ord_07314,cust_0361,shipped,2024-03-05,2024-03-15,2024-03-19
ord_07315,cust_0426,canceled,2024-10-16,2024-11-02,2024-10-23
ord_07316,cust_0387,processing,2024-10-21,2024-11-13,2024-11-03
ord_07317,cust_0083,delivered,2024-10-26,2024-11-08,2024-11-18
ord_07318,cust_0469,canceled,2024-06-24,2024-07-14,2024-07-12
ord_07319,cust_0432,shipped,2024-03-04,2024-03-09,2024-03-24
ord_07320,cust_0043,canceled,2024-11-05,2024-11-28,2024-11-26
ord_07321,cust_0463,processing,2024-11-03,2024-11-11,2024-11-10
ord_07322,cust_0155,delivered,2024-06-20,2024-07-19,2024-07-11
ord_07323,cust_0288,processing,2024-06-07,2024-06-15,2024-06-23
ord_07324,cust_0082,processing,2024-05-01,2024-05-22,2024-05-21
ord_07325,cust_0265,shipped,2024-03-07,2024-03-21,2024-03-16
ord_07326,cust_0154,processing,2024-12-20,2024-12-25,2025-01-01
ord_07327,cust_0363,processing,2024-08-18,2024-08-28,2024-09-07
ord_07328,cust_0153,shipped,2024-09-02,2024-09-10,2024-09-17
ord_07329,cust_0323,canceled,2024-11-21,2024-12-03,2024-12-04
ord_07330,cust_0266,processing,2024-06-04,2024-06-26,2024-06-25
ord_07331,cust_0186,processing,2024-03-25,2024-04-16,2024-04-13
ord_07332,cust_0386,canceled,2024-02-26,2024-03-10,2024-03-16
ord_07333,cust_0428,shipped,2024-04-24,2024-05-13,2024-05-02
ord_07334,cust_0391,shipped,2024-11-10,2024-12-01,2024-11-18
ord_07335,cust_0329,canceled,2024-05-18,2024-06-07,2024-05-25
ord_07336,cust_0298,processing,2024-03-05,2024-03-17,2024-03-27
ord_07337,cust_0370,delivered,2024-01-26,2024-02-18,2024-02-02
ord_07338,cust_0308,delivered,2024-10-17,2024-10-29,2024-10-24
ord_07339,cust_0248,shipped,2024-08-02,2024-08-27,2024-08-20
ord_07340,cust_0148,shipped,2024-09-01,2024-09-17,2024-09-12
ord_07341,cust_0065,canceled,2024-07-26,2024-08-10,2024-08-06
ord_07342,cust_0473,delivered,2024-05-13,2024-06-04,2024-05-24
ord_07343,cust_0028,delivered,2024-04-23,2024-05-09,2024-05-07
ord_07344,cust_0468,delivered,2024-05-17,2024-06-15,2024-05-25
ord_07345,cust_0239,shipped,2024-12-13,2024-12-26,2024-12-24
ord_07346,cust_0386,processing,2024-02-25,2024-03-21,2024-03-06
ord_07347,cust_0203,canceled,2024-04-04,2024-05-03,2024-04-16
ord_07348,cust_0492,canceled,2024-02-03,2024-02-14,2024-02-25
ord_07349,cust_0450,delivered,2024-08-03,2024-08-24,2024-08-10
ord_07350,cust_0137,shipped,2024-11-20,2024-11-25,2024-12-13
ord_07351,cust_0112,canceled,2024-11-08,2024-12-06,2024-11-22
ord_07352,cust_0230,canceled,2024-11-08,2024-11-27,2024-11-23
ord_07353,cust_0276,shipped,2024-03-24,2024-04-01,2024-04-18
ord_07354,cust_0316,processing,2024-11-27,2024-12-24,2024-12-14
ord_07355,cust_0404,processing,2024-12-16,2025-01-01,2025-01-07
ord_07356,cust_0442,delivered,2024-02-12,2024-02-26,2024-02-26
ord_07357,cust_0394,shipped,2024-03-27,2024-04-04,2024-04-16
ord_07358,cust_0207,canceled,2024-06-03,2024-06-20,2024-06-17
ord_07359,cust_0074,delivered,2024-01-06,2024-01-10,2024-01-19
ord_07360,cust_0222,canceled,2024-10-21,2024-10-25,2024-10-29
ord_07361,cust_0443,canceled,2024-08-20,2024-09-05,2024-08-29
ord_07362,cust_0258,processing,2024-06-03,2024-06-10,2024-06-24
ord_07363,cust_0163,canceled,2024-05-07,2024-06-05,2024-05-24
ord_07364,cust_0091,shipped,2024-12-03,2024-12-07,2024-12-19
ord_07365,cust_0307,shipped,2024-03-04,2024-03-19,2024-03-26
ord_07366,cust_0377,processing,2024-12-27,2025-01-22,2025-01-04
ord_07367,cust_0485,shipped,2024-08-14,2024-08-28,2024-08-29
ord_07368,cust_0490,shipped,2024-11-14,2024-11-23,2024-11-30
ord_07369,cust_0301,delivered,2024-12-16,2025-01-06,2025-01-04
ord_07370,cust_0379,shipped,2024-05-21,2024-06-03,2024-06-03
ord_07371,cust_0263,processing,2024-12-18,2025-01-01,2024-12-30
ord_07372,cust_0172,processing,2024-10-12,2024-11-06,2024-10-26
ord_07373,cust_0051,shipped,2024-04-11,2024-04-21,2024-05-04
ord_07374,cust_0120,canceled,2024-05-06,2024-05-09,2024-05-28
ord_07375,cust_0026,shipped,2024-06-23,2024-07-03,2024-07-06
ord_07376,cust_0052,shipped,2024-04-27,2024-05-13,2024-05-13
ord_07377,cust_0478,canceled,2024-03-19,2024-03-31,2024-04-10
ord_07378,cust_0276,canceled,2024-01-12,2024-02-04,2024-02-06
ord_07379,cust_0081,delivered,2024-04-07,2024-05-02,2024-04-28
ord_07380,cust_0023,canceled,2024-05-03,2024-05-13,2024-05-21
ord_07381,cust_0065,shipped,2024-02-07,2024-02-22,2024-02-15
ord_07382,cust_0420,delivered,2024-03-08,2024-03-21,2024-03-18
ord_07383,cust_0188,canceled,2024-09-06,2024-10-01,2024-09-15
ord_07384,cust_0028,canceled,2024-06-15,2024-07-05,2024-07-07
ord_07385,cust_0140,shipped,2024-11-20,2024-12-15,2024-11-28
ord_07386,cust_0485,canceled,2024-03-18,2024-04-10,2024-04-03
ord_07387,cust_0041,shipped,2024-07-20,2024-08-01,2024-07-29
ord_07388,cust_0439,delivered,2024-07-09,2024-08-07,2024-07-27
ord_07389,cust_0262,delivered,2024-03-08,2024-03-21,2024-03-22
ord_07390,cust_0039,delivered,2024-09-05,2024-10-02,2024-09-28
ord_07391,cust_0463,delivered,2024-05-07,2024-06-05,2024-05-25
ord_07392,cust_0374,canceled,2024-06-27,2024-07-22,2024-07-11
ord_07393,cust_0316,processing,2024-11-08,2024-11-19,2024-11-17
ord_07394,cust_0440,canceled,2024-02-26,2024-03-10,2024-03-19
ord_07395,cust_0458,processing,2024-07-02,2024-07-20,2024-07-12
ord_07396,cust_0089,shipped,2024-08-09,2024-09-06,2024-08-23
ord_07397,cust_0009,processing,2024-05-22,2024-06-07,2024-06-05
ord_07398,cust_0069,delivered,2024-03-02,2024-03-28,2024-03-22
ord_07399,cust_0337,canceled,2024-12-09,2025-01-02,2025-01-02
ord_07400,cust_0068,delivered,2024-08-09,2024-08-19,2024-08-26
ord_07401,cust_0482,delivered,2024-01-01,2024-01-18,2024-01-21
ord_07402,cust_0079,delivered,2024-06-09,2024-06-13,2024-06-25
ord_07403,cust_0338,processing,2024-06-09,2024-07-01,2024-07-03
ord_07404,cust_0342,processing,2024-09-13,2024-10-11,2024-10-01
ord_07405,cust_0450,delivered,2024-10-31,2024-11-17,2024-11-21
ord_07406,cust_0355,processing,2024-06-05,2024-06-14,2024-06-18
ord_07407,cust_0382,delivered,2024-01-13,2024-02-01,2024-01-21
ord_07408,cust_0470,canceled,2024-02-25,2024-02-29,2024-03-05
ord_07409,cust_0435,delivered,2024-08-01,2024-08-27,2024-08-11
ord_07410,cust_0249,delivered,2024-04-20,2024-05-12,2024-05-01
ord_07411,cust_0020,canceled,2024-10-02,2024-10-24,2024-10-15
ord_07412,cust_0198,shipped,2024-07-19,2024-08-12,2024-07-29
ord_07413,cust_0209,processing,2024-10-11,2024-10-30,2024-10-21
ord_07414,cust_0046,canceled,2024-12-28,2025-01-17,2025-01-15
ord_07415,cust_0180,delivered,2024-08-03,2024-08-25,2024-08-11
ord_07416,cust_0172,processing,2024-12-04,2024-12-25,2024-12-23
ord_07417,cust_0195,processing,2024-10-12,2024-11-01,2024-10-24
ord_07418,cust_0007,processing,2024-03-31,2024-04-19,2024-04-08
ord_07419,cust_0081,delivered,2024-03-20,2024-04-14,2024-04-11
ord_07420,cust_0345,canceled,2024-11-22,2024-12-12,2024-12-02
ord_07421,cust_0235,shipped,2024-08-17,2024-08-24,2024-08-30
ord_07422,cust_0010,processing,2024-06-29,2024-07-15,2024-07-15
ord_07423,cust_0492,shipped,2024-09-21,2024-10-01,2024-09-28
ord_07424,cust_0310,processing,2024-01-26,2024-02-22,2024-02-14
ord_07425,cust_0322,canceled,2024-09-23,2024-10-20,2024-10-18
ord_07426,cust_0178,canceled,2024-02-22,2024-03-16,2024-03-08
ord_07427,cust_0211,processing,2024-11-07,2024-11-27,2024-11-20
ord_07428,cust_0247,canceled,2024-02-10,2024-02-21,2024-02-29
ord_07429,cust_0195,processing,2024-10-15,2024-10-19,2024-11-04
ord_07430,cust_0445,canceled,2024-08-18,2024-09-01,2024-08-27
ord_07431,cust_0218,canceled,2024-09-08,2024-09-14,2024-09-17
ord_07432,cust_0180,canceled,2024-06-30,2024-07-16,2024-07-08
ord_07433,cust_0128,delivered,2024-07-24,2024-08-02,2024-08-09
ord_07434,cust_0108,shipped,2024-09-14,2024-09-18,2024-10-05
ord_07435,cust_0069,canceled,2024-01-09,2024-02-04,2024-01-17
ord_07436,cust_0220,canceled,2024-09-27,2024-10-26,2024-10-15
ord_07437,cust_0361,processing,2024-04-19,2024-04-29,2024-05-11
ord_07438,cust_0010,shipped,2024-09-03,2024-10-01,2024-09-17
ord_07439,cust_0353,processing,2024-02-20,2024-03-06,2024-03-13
ord_07440,cust_0430,processing,2024-02-25,2024-03-17,2024-03-08
ord_07441,cust_0281,processing,2024-02-25,2024-03-10,2024-03-12
ord_07442,cust_0437,delivered,2024-12-10,2024-12-17,2024-12-17
ord_07443,cust_0071,canceled,2024-03-14,2024-03-25,2024-03-22
ord_07444,cust_0013,delivered,2024-05-28,2024-06-10,2024-06-14
ord_07445,cust_0017,delivered,2024-06-24,2024-07-06,2024-07-19
ord_07446,cust_0471,shipped,2024-12-06,2024-12-27,2024-12-31
ord_07447,cust_0206,processing,2024-10-17,2024-11-16,2024-11-08
ord_07448,cust_0245,shipped,2024-05-01,2024-05-20,2024-05-24
ord_07449,cust_0201,shipped,2024-06-07,2024-06-22,2024-06-17
ord_07450,cust_0128,shipped,2024-01-07,2024-01-16,2024-01-23
ord_07451,cust_0016,delivered,2024-12-09,2024-12-13,2024-12-16
ord_07452,cust_0081,canceled,2024-05-29,2024-06-08,2024-06-15
ord_07453,cust_0252,canceled,2024-11-12,2024-11-22,2024-11-19
ord_07454,cust_0290,processing,2024-02-24,2024-03-12,2024-03-20
ord_07455,cust_0387,processing,2024-06-09,2024-06-20,2024-06-29
ord_07456,cust_0355,shipped,2024-03-19,2024-04-07,2024-04-10
ord_07457,cust_0311,processing,2024-07-02,2024-07-08,2024-07-25
ord_07458,cust_0080,processing,2024-03-21,2024-03-28,2024-04-07
ord_07459,cust_0029,delivered,2024-06-16,2024-07-09,2024-07-05
ord_07460,cust_0020,shipped,2024-03-25,2024-04-01,2024-04-08
ord_07461,cust_0191,processing,2024-04-24,2024-05-06,2024-05-02
ord_07462,cust_0095,canceled,2024-08-27,2024-09-13,2024-09-06
ord_07463,cust_0266,delivered,2024-02-10,2024-03-05,2024-02-28
ord_07464,cust_0436,shipped,2024-05-14,2024-05-20,2024-06-06
ord_07465,cust_0036,processing,2024-09-16,2024-09-19,2024-10-03
ord_07466,cust_0364,delivered,2024-07-25,2024-08-10,2024-08-02
ord_07467,cust_0066,processing,2024-04-02,2024-04-11,2024-04-27
ord_07468,cust_0395,canceled,2024-09-26,2024-10-16,2024-10-12
ord_07469,cust_0299,processing,2024-09-05,2024-09-28,2024-09-13
ord_07470,cust_0168,shipped,2024-04-09,2024-04-25,2024-04-18
ord_07471,cust_0425,canceled,2024-08-30,2024-09-14,2024-09-16
ord_07472,cust_0008,shipped,2024-06-04,2024-06-16,2024-06-15
ord_07473,cust_0356,shipped,2024-03-22,2024-04-19,2024-04-06
ord_07474,cust_0429,processing,2024-05-08,2024-05-28,2024-06-01
ord_07475,cust_0126,processing,2024-04-07,2024-05-03,2024-04-16
ord_07476,cust_0154,canceled,2024-04-30,2024-05-17,2024-05-09
ord_07477,cust_0429,delivered,2024-01-22,2024-02-01,2024-01-31
ord_07478,cust_0195,processing,2024-09-29,2024-10-03,2024-10-10
ord_07479,cust_0472,canceled,2024-11-19,2024-12-10,2024-11-29
ord_07480,cust_0343,processing,2024-03-03,2024-03-25,2024-03-17
ord_07481,cust_0013,canceled,2024-01-04,2024-01-19,2024-01-13
ord_07482,cust_0448,delivered,2024-08-20,2024-09-17,2024-08-29
ord_07483,cust_0412,shipped,2024-02-22,2024-03-22,2024-03-18
ord_07484,cust_0490,shipped,2024-06-10,2024-07-10,2024-06-29
ord_07485,cust_0210,shipped,2024-06-04,2024-06-30,2024-06-26
ord_07486,cust_0113,canceled,2024-05-28,2024-06-02,2024-06-05
ord_07487,cust_0102,delivered,2024-02-10,2024-02-21,2024-02-19
ord_07488,cust_0484,delivered,2024-09-21,2024-09-27,2024-10-01
ord_07489,cust_0472,delivered,2024-06-08,2024-06-11,2024-06-25
ord_07490,cust_0081,canceled,2024-12-23,2025-01-17,2025-01-06
ord_07491,cust_0448,delivered,2024-11-21,2024-11-27,2024-12-12
ord_07492,cust_0020,canceled,2024-06-07,2024-06-19,2024-06-28
ord_07493,cust_0382,canceled,2024-07-31,2024-08-03,2024-08-25
ord_07494,cust_0233,delivered,2024-01-25,2024-02-22,2024-02-13
ord_07495,cust_0235,shipped,2024-05-31,2024-06-24,2024-06-23
ord_07496,cust_0054,canceled,2024-02-05,2024-02-08,2024-02-18
ord_07497,cust_0140,canceled,2024-06-30,2024-07-27,2024-07-19
ord_07498,cust_0235,canceled,2024-08-30,2024-09-06,2024-09-10
ord_07499,cust_0405,delivered,2024-12-04,2024-12-22,2024-12-19
ord_07500,cust_0014,shipped,2024-08-20,2024-09-15,2024-09-04
ord_07501,cust_0136,canceled,2024-04-19,2024-05-19,2024-05-10
ord_07502,cust_0315,processing,2024-11-12,2024-12-05,2024-12-07
ord_07503,cust_0127,delivered,2024-01-02,2024-01-24,2024-01-16
ord_07504,cust_0383,canceled,2024-12-28,2025-01-07,2025-01-16
ord_07505,cust_0494,canceled,2024-02-15,2024-02-23,2024-03-05
ord_07506,cust_0009,shipped,2024-02-06,2024-02-09,2024-02-25
ord_07507,cust_0180,shipped,2024-03-26,2024-04-11,2024-04-16
ord_07508,cust_0024,canceled,2024-02-03,2024-02-28,2024-02-27
ord_07509,cust_0045,delivered,2024-09-07,2024-09-22,2024-09-21
ord_07510,cust_0309,processing,2024-02-11,2024-02-14,2024-03-06
ord_07511,cust_0209,delivered,2024-11-25,2024-12-08,2024-12-11
ord_07512,cust_0203,delivered,2024-03-25,2024-04-07,2024-04-08
ord_07513,cust_0032,canceled,2024-07-17,2024-07-29,2024-07-24
ord_07514,cust_0205,processing,2024-08-13,2024-08-25,2024-09-05
ord_07515,cust_0194,canceled,2024-11-02,2024-11-14,2024-11-26
ord_07516,cust_0036,processing,2024-09-17,2024-09-28,2024-10-10
ord_07517,cust_0208,delivered,2024-01-07,2024-01-30,2024-01-21
ord_07518,cust_0409,processing,2024-01-13,2024-01-17,2024-02-03
ord_07519,cust_0228,processing,2024-01-03,2024-01-30,2024-01-12
ord_07520,cust_0161,canceled,2024-04-23,2024-05-16,2024-05-15
ord_07521,cust_0418,delivered,2024-10-31,2024-11-09,2024-11-13
ord_07522,cust_0057,delivered,2024-08-15,2024-09-03,2024-08-25
ord_07523,cust_0361,processing,2024-08-14,2024-08-20,2024-09-08
ord_07524,cust_0316,delivered,2024-01-27,2024-01-31,2024-02-11
ord_07525,cust_0147,canceled,2024-03-28,2024-04-02,2024-04-12
ord_07526,cust_0172,processing,2024-02-14,2024-03-13,2024-03-03
ord_07527,cust_0119,shipped,2024-08-17,2024-08-28,2024-08-31
ord_07528,cust_0156,processing,2024-12-06,2024-12-30,2024-12-29
ord_07529,cust_0482,shipped,2024-12-25,2025-01-07,2025-01-12
ord_07530,cust_0246,delivered,2024-04-27,2024-05-18,2024-05-07
ord_07531,cust_0185,shipped,2024-04-18,2024-05-14,2024-05-02
ord_07532,cust_0160,shipped,2024-01-01,2024-01-28,2024-01-09
ord_07533,cust_0179,shipped,2024-07-15,2024-08-07,2024-08-03
ord_07534,cust_0491,processing,2024-07-16,2024-08-10,2024-07-26
ord_07535,cust_0121,delivered,2024-11-27,2024-12-26,2024-12-18
ord_07536,cust_0445,canceled,2024-08-20,2024-08-29,2024-09-14
ord_07537,cust_0140,processing,2024-08-06,2024-08-31,2024-08-17
ord_07538,cust_0422,canceled,2024-03-18,2024-03-27,2024-04-11
ord_07539,cust_0497,shipped,2024-09-26,2024-10-11,2024-10-13
ord_07540,cust_0338,processing,2024-11-14,2024-11-21,2024-12-06
ord_07541,cust_0134,delivered,2024-10-10,2024-10-27,2024-10-19
ord_07542,cust_0103,delivered,2024-05-03,2024-05-14,2024-05-28
ord_07543,cust_0226,delivered,2024-09-03,2024-09-25,2024-09-22
ord_07544,cust_0187,delivered,2024-08-08,2024-08-11,2024-08-26
ord_07545,cust_0423,canceled,2024-09-01,2024-10-01,2024-09-15
ord_07546,cust_0061,delivered,2024-08-24,2024-09-15,2024-09-04
ord_07547,cust_0013,processing,2024-07-17,2024-07-24,2024-08-03
ord_07548,cust_0286,shipped,2024-12-23,2025-01-20,2025-01-17
ord_07549,cust_0202,canceled,2024-07-08,2024-08-04,2024-07-23
ord_07550,cust_0274,processing,2024-07-24,2024-08-02,2024-08-18
ord_07551,cust_0340,canceled,2024-01-08,2024-01-14,2024-01-24
ord_07552,cust_0434,shipped,2024-07-03,2024-07-21,2024-07-10
ord_07553,cust_0129,shipped,2024-11-02,2024-11-27,2024-11-16
ord_07554,cust_0371,processing,2024-08-31,2024-09-25,2024-09-10
ord_07555,cust_0495,shipped,2024-07-22,2024-08-17,2024-08-16
ord_07556,cust_0310,delivered,2024-07-04,2024-07-17,2024-07-15
ord_07557,cust_0200,delivered,2024-06-17,2024-06-20,2024-06-29
ord_07558,cust_0402,delivered,2024-01-04,2024-01-08,2024-01-13
ord_07559,cust_0043,canceled,2024-12-07,2025-01-03,2024-12-15
ord_07560,cust_0037,processing,2024-08-05,2024-08-10,2024-08-25
ord_07561,cust_0404,canceled,2024-04-08,2024-04-28,2024-04-23
ord_07562,cust_0042,shipped,2024-11-15,2024-12-08,2024-12-08
ord_07563,cust_0001,delivered,2024-02-14,2024-03-15,2024-02-28
ord_07564,cust_0263,shipped,2024-12-10,2025-01-05,2025-01-03
ord_07565,cust_0272,canceled,2024-12-01,2024-12-28,2024-12-14
ord_07566,cust_0320,delivered,2024-12-06,2024-12-21,2024-12-31
ord_07567,cust_0437,processing,2024-12-14,2025-01-07,2025-01-07
ord_07568,cust_0346,shipped,2024-09-01,2024-09-08,2024-09-14
ord_07569,cust_0341,canceled,2024-02-07,2024-02-11,2024-02-22
ord_07570,cust_0347,processing,2024-09-27,2024-10-03,2024-10-19
ord_07571,cust_0439,canceled,2024-11-17,2024-11-27,2024-12-07
ord_07572,cust_0036,shipped,2024-06-11,2024-07-07,2024-07-01
ord_07573,cust_0281,shipped,2024-03-05,2024-03-10,2024-03-28
ord_07574,cust_0110,delivered,2024-03-12,2024-03-15,2024-04-01
ord_07575,cust_0421,canceled,2024-09-26,2024-10-22,2024-10-15
ord_07576,cust_0033,shipped,2024-03-03,2024-03-21,2024-03-22
ord_07577,cust_0212,canceled,2024-01-15,2024-01-22,2024-01-28
ord_07578,cust_0312,shipped,2024-02-29,2024-03-25,2024-03-20
ord_07579,cust_0163,delivered,2024-08-04,2024-08-23,2024-08-17
ord_07580,cust_0223,canceled,2024-07-30,2024-08-29,2024-08-20
ord_07581,cust_0076,shipped,2024-01-08,2024-02-06,2024-01-22
ord_07582,cust_0366,shipped,2024-10-22,2024-11-15,2024-10-31
ord_07583,cust_0072,shipped,2024-12-03,2024-12-11,2024-12-20
ord_07584,cust_0413,processing,2024-11-21,2024-12-19,2024-12-10
ord_07585,cust_0455,shipped,2024-02-22,2024-03-01,2024-03-12
ord_07586,cust_0310,canceled,2024-08-24,2024-09-14,2024-09-08
ord_07587,cust_0095,processing,2024-03-25,2024-04-02,2024-04-11
ord_07588,cust_0351,canceled,2024-05-11,2024-05-22,2024-05-27
ord_07589,cust_0393,processing,2024-05-07,2024-06-04,2024-05-27
ord_07590,cust_0039,canceled,2024-09-16,2024-09-22,2024-09-26
ord_07591,cust_0219,canceled,2024-04-23,2024-05-03,2024-05-01
ord_07592,cust_0013,canceled,2024-01-13,2024-02-04,2024-02-05
ord_07593,cust_0044,canceled,2024-10-14,2024-11-01,2024-11-05
ord_07594,cust_0305,delivered,2024-06-11,2024-07-06,2024-06-29
ord_07595,cust_0400,processing,2024-11-23,2024-12-08,2024-12-05
ord_07596,cust_0088,canceled,2024-09-28,2024-10-16,2024-10-06
ord_07597,cust_0009,canceled,2024-10-22,2024-10-28,2024-11-02
ord_07598,cust_0087,delivered,2024-07-18,2024-07-28,2024-08-08
ord_07599,cust_0203,delivered,2024-07-30,2024-08-07,2024-08-18
ord_07600,cust_0166,canceled,2024-04-20,2024-04-27,2024-05-03
ord_07601,cust_0090,canceled,2024-02-07,2024-02-27,2024-02-14
ord_07602,cust_0291,processing,2024-06-25,2024-07-19,2024-07-20
ord_07603,cust_0370,processing,2024-08-27,2024-09-23,2024-09-10
ord_07604,cust_0251,canceled,2024-10-19,2024-10-28,2024-11-06
ord_07605,cust_0493,shipped,2024-06-26,2024-07-01,2024-07-21
ord_07606,cust_0138,delivered,2024-05-10,2024-06-05,2024-05-31
ord_07607,cust_0346,shipped,2024-02-07,2024-02-12,2024-02-29
ord_07608,cust_0112,processing,2024-07-19,2024-08-05,2024-07-26
ord_07609,cust_0491,processing,2024-03-16,2024-03-30,2024-04-04
ord_07610,cust_0083,canceled,2024-08-08,2024-08-14,2024-08-18
ord_07611,cust_0106,shipped,2024-10-11,2024-10-23,2024-10-23
ord_07612,cust_0279,delivered,2024-01-16,2024-02-13,2024-01-23
ord_07613,cust_0017,shipped,2024-07-04,2024-07-19,2024-07-18
ord_07614,cust_0327,shipped,2024-10-22,2024-10-30,2024-11-06
ord_07615,cust_0493,shipped,2024-09-18,2024-10-05,2024-10-02
ord_07616,cust_0350,shipped,2024-02-26,2024-03-01,2024-03-19
ord_07617,cust_0118,processing,2024-02-12,2024-02-20,2024-03-04
ord_07618,cust_0279,canceled,2024-06-29,2024-07-26,2024-07-15
ord_07619,cust_0242,shipped,2024-03-17,2024-03-25,2024-03-24
ord_07620,cust_0433,delivered,2024-01-04,2024-01-09,2024-01-25
ord_07621,cust_0279,processing,2024-10-08,2024-10-20,2024-10-19
ord_07622,cust_0224,shipped,2024-05-09,2024-06-07,2024-05-18
ord_07623,cust_0391,shipped,2024-09-07,2024-09-29,2024-09-27
ord_07624,cust_0034,shipped,2024-11-18,2024-12-03,2024-12-05
ord_07625,cust_0181,canceled,2024-11-15,2024-12-11,2024-12-02
ord_07626,cust_0010,canceled,2024-02-16,2024-03-11,2024-02-23
ord_07627,cust_0059,canceled,2024-02-11,2024-02-15,2024-03-05
ord_07628,cust_0364,shipped,2024-12-18,2025-01-07,2025-01-02
ord_07629,cust_0107,delivered,2024-03-06,2024-03-22,2024-03-18
ord_07630,cust_0006,processing,2024-01-07,2024-01-16,2024-01-27
ord_07631,cust_0165,delivered,2024-03-09,2024-03-16,2024-03-23
ord_07632,cust_0119,delivered,2024-03-19,2024-04-14,2024-04-11
ord_07633,cust_0350,shipped,2024-12-27,2025-01-05,2025-01-11
ord_07634,cust_0234,canceled,2024-11-23,2024-12-04,2024-12-06
ord_07635,cust_0223,shipped,2024-04-14,2024-05-05,2024-04-24
ord_07636,cust_0447,processing,2024-10-13,2024-10-16,2024-10-23
ord_07637,cust_0064,processing,2024-12-29,2025-01-13,2025-01-12
ord_07638,cust_0429,processing,2024-08-06,2024-08-28,2024-08-25
ord_07639,cust_0128,shipped,2024-12-12,2024-12-24,2024-12-19
ord_07640,cust_0143,canceled,2024-01-01,2024-01-12,2024-01-19
ord_07641,cust_0051,processing,2024-02-02,2024-02-05,2024-02-21
ord_07642,cust_0238,delivered,2024-07-19,2024-07-30,2024-08-13
ord_07643,cust_0148,canceled,2024-01-16,2024-02-09,2024-02-09
ord_07644,cust_0052,canceled,2024-06-18,2024-07-08,2024-06-25
ord_07645,cust_0209,canceled,2024-12-01,2024-12-07,2024-12-23
ord_07646,cust_0426,shipped,2024-03-14,2024-04-04,2024-04-03
ord_07647,cust_0067,canceled,2024-09-21,2024-09-24,2024-10-16
ord_07648,cust_0004,canceled,2024-02-19,2024-02-25,2024-03-08
ord_07649,cust_0316,processing,2024-01-10,2024-02-02,2024-01-30
ord_07650,cust_0063,canceled,2024-02-20,2024-03-17,2024-03-04
ord_07651,cust_0191,shipped,2024-03-24,2024-04-18,2024-04-10
ord_07652,cust_0069,delivered,2024-12-23,2025-01-02,2025-01-04
ord_07653,cust_0099,processing,2024-06-15,2024-07-04,2024-07-09
ord_07654,cust_0121,canceled,2024-11-27,2024-12-14,2024-12-13
ord_07655,cust_0489,canceled,2024-05-18,2024-06-13,2024-05-26
ord_07656,cust_0481,canceled,2024-09-11,2024-09-26,2024-09-23
ord_07657,cust_0024,delivered,2024-12-12,2024-12-21,2024-12-30
ord_07658,cust_0398,shipped,2024-02-14,2024-02-20,2024-03-02
ord_07659,cust_0352,processing,2024-06-15,2024-06-28,2024-07-08
ord_07660,cust_0361,shipped,2024-04-02,2024-04-19,2024-04-23
ord_07661,cust_0043,processing,2024-07-24,2024-07-28,2024-08-07
ord_07662,cust_0010,shipped,2024-05-21,2024-06-10,2024-06-15
ord_07663,cust_0411,delivered,2024-01-11,2024-01-22,2024-01-29
ord_07664,cust_0242,delivered,2024-12-27,2025-01-23,2025-01-21
ord_07665,cust_0410,canceled,2024-10-05,2024-10-21,2024-10-14
ord_07666,cust_0189,canceled,2024-03-08,2024-03-16,2024-03-22
ord_07667,cust_0339,canceled,2024-12-20,2025-01-16,2025-01-05
ord_07668,cust_0167,canceled,2024-11-01,2024-11-09,2024-11-09
ord_07669,cust_0165,processing,2024-10-15,2024-10-31,2024-11-05
ord_07670,cust_0055,shipped,2024-09-10,2024-10-02,2024-09-19
ord_07671,cust_0115,delivered,2024-08-17,2024-09-07,2024-09-10
ord_07672,cust_0240,processing,2024-12-28,2025-01-09,2025-01-14
ord_07673,cust_0167,delivered,2024-03-14,2024-03-31,2024-03-29
ord_07674,cust_0282,canceled,2024-02-14,2024-02-29,2024-02-21
ord_07675,cust_0467,delivered,2024-09-28,2024-10-19,2024-10-19
ord_07676,cust_0093,delivered,2024-02-25,2024-03-10,2024-03-08
ord_07677,cust_0364,processing,2024-04-15,2024-04-24,2024-05-04
ord_07678,cust_0101,canceled,2024-02-01,2024-02-04,2024-02-24
ord_07679,cust_0067,shipped,2024-08-22,2024-09-07,2024-08-31
ord_07680,cust_0144,processing,2024-01-04,2024-01-28,2024-01-26
ord_07681,cust_0383,shipped,2024-02-24,2024-03-21,2024-03-05
ord_07682,cust_0296,shipped,2024-10-19,2024-11-10,2024-11-10
ord_07683,cust_0357,processing,2024-08-26,2024-09-01,2024-09-12
ord_07684,cust_0109,processing,2024-01-25,2024-02-22,2024-02-08
ord_07685,cust_0452,shipped,2024-10-03,2024-10-22,2024-10-21
ord_07686,cust_0441,processing,2024-09-19,2024-10-03,2024-10-13
ord_07687,cust_0280,canceled,2024-09-19,2024-10-12,2024-09-29
ord_07688,cust_0203,shipped,2024-04-30,2024-05-21,2024-05-21
ord_07689,cust_0005,delivered,2024-01-27,2024-02-21,2024-02-21
ord_07690,cust_0301,canceled,2024-08-28,2024-09-07,2024-09-19
ord_07691,cust_0401,canceled,2024-11-11,2024-12-02,2024-11-27
ord_07692,cust_0446,canceled,2024-06-09,2024-06-26,2024-06-24
ord_07693,cust_0232,processing,2024-05-21,2024-05-27,2024-05-29
ord_07694,cust_0381,processing,2024-10-24,2024-11-22,2024-11-05
ord_07695,cust_0146,shipped,2024-03-10,2024-03-25,2024-03-27
ord_07696,cust_0426,canceled,2024-06-01,2024-06-28,2024-06-22
ord_07697,cust_0016,canceled,2024-10-17,2024-10-23,2024-11-05
ord_07698,cust_0334,shipped,2024-05-07,2024-05-20,2024-06-01
ord_07699,cust_0489,delivered,2024-11-08,2024-11-27,2024-11-25
ord_07700,cust_0495,processing,2024-08-24,2024-09-21,2024-09-18
ord_07701,cust_0231,shipped,2024-07-05,2024-07-24,2024-07-22
ord_07702,cust_0214,delivered,2024-12-10,2024-12-28,2024-12-27
ord_07703,cust_0159,shipped,2024-07-12,2024-07-30,2024-08-04
ord_07704,cust_0251,shipped,2024-06-05,2024-06-29,2024-06-13
ord_07705,cust_0413,processing,2024-01-30,2024-02-16,2024-02-09
ord_07706,cust_0451,shipped,2024-08-26,2024-09-10,2024-09-05
ord_07707,cust_0329,delivered,2024-06-10,2024-07-04,2024-06-17
ord_07708,cust_0112,processing,2024-09-08,2024-09-27,2024-10-02
ord_07709,cust_0098,shipped,2024-10-25,2024-11-02,2024-11-05
ord_07710,cust_0145,delivered,2024-12-30,2025-01-18,2025-01-16
ord_07711,cust_0298,canceled,2024-04-30,2024-05-09,2024-05-20
ord_07712,cust_0350,delivered,2024-03-07,2024-03-27,2024-03-24
ord_07713,cust_0392,shipped,2024-04-05,2024-04-15,2024-04-14
ord_07714,cust_0162,shipped,2024-12-15,2025-01-12,2025-01-03
ord_07715,cust_0161,canceled,2024-03-22,2024-04-08,2024-04-05
ord_07716,cust_0080,canceled,2024-03-01,2024-03-13,2024-03-22
ord_07717,cust_0097,shipped,2024-10-31,2024-11-25,2024-11-08
ord_07718,cust_0247,processing,2024-03-06,2024-03-16,2024-03-21
ord_07719,cust_0406,canceled,2024-02-08,2024-02-20,2024-02-28
ord_07720,cust_0364,canceled,2024-01-18,2024-02-08,2024-02-01
ord_07721,cust_0356,processing,2024-06-09,2024-06-23,2024-06-27
ord_07722,cust_0021,processing,2024-01-22,2024-01-29,2024-01-30
ord_07723,cust_0038,shipped,2024-02-28,2024-03-17,2024-03-14
ord_07724,cust_0480,canceled,2024-08-02,2024-08-14,2024-08-17
ord_07725,cust_0410,processing,2024-10-15,2024-10-26,2024-11-06
ord_07726,cust_0056,shipped,2024-02-26,2024-03-24,2024-03-09
ord_07727,cust_0490,shipped,2024-12-05,2024-12-27,2024-12-14
ord_07728,cust_0432,processing,2024-09-01,2024-09-25,2024-09-08
ord_07729,cust_0377,processing,2024-06-15,2024-06-18,2024-07-06
ord_07730,cust_0446,shipped,2024-02-22,2024-02-29,2024-03-05
ord_07731,cust_0336,delivered,2024-10-04,2024-10-27,2024-10-18
ord_07732,cust_0146,processing,2024-07-05,2024-07-20,2024-07-21
ord_07733,cust_0128,delivered,2024-10-12,2024-11-06,2024-10-30
ord_07734,cust_0166,canceled,2024-05-11,2024-05-25,2024-05-29
ord_07735,cust_0065,processing,2024-10-24,2024-11-06,2024-11-01
ord_07736,cust_0220,delivered,2024-04-18,2024-05-13,2024-05-05
ord_07737,cust_0394,canceled,2024-09-12,2024-09-30,2024-10-04
ord_07738,cust_0250,processing,2024-04-20,2024-04-30,2024-05-01
ord_07739,cust_0135,processing,2024-04-08,2024-04-29,2024-04-16
ord_07740,cust_0092,shipped,2024-01-19,2024-01-22,2024-02-11
ord_07741,cust_0370,shipped,2024-07-23,2024-08-13,2024-08-11
ord_07742,cust_0095,shipped,2024-08-05,2024-08-26,2024-08-12
ord_07743,cust_0228,canceled,2024-03-17,2024-03-21,2024-04-11
ord_07744,cust_0206,delivered,2024-06-21,2024-07-15,2024-06-28
ord_07745,cust_0222,processing,2024-08-22,2024-09-18,2024-08-30
ord_07746,cust_0490,canceled,2024-01-13,2024-02-08,2024-01-22
ord_07747,cust_0020,delivered,2024-12-13,2024-12-19,2024-12-25
ord_07748,cust_0130,canceled,2024-04-16,2024-05-07,2024-04-29
ord_07749,cust_0224,processing,2024-11-09,2024-11-13,2024-11-30
ord_07750,cust_0094,delivered,2024-03-24,2024-03-30,2024-04-12
ord_07751,cust_0352,shipped,2024-10-09,2024-11-01,2024-10-22
ord_07752,cust_0302,delivered,2024-12-17,2025-01-15,2024-12-31
ord_07753,cust_0471,processing,2024-11-01,2024-11-09,2024-11-26
ord_07754,cust_0058,delivered,2024-11-28,2024-12-20,2024-12-09
ord_07755,cust_0246,delivered,2024-06-21,2024-07-01,2024-06-28
ord_07756,cust_0022,delivered,2024-03-22,2024-03-30,2024-04-11
ord_07757,cust_0262,shipped,2024-10-13,2024-10-20,2024-10-24
ord_07758,cust_0384,canceled,2024-11-30,2024-12-17,2024-12-21
ord_07759,cust_0162,canceled,2024-04-03,2024-04-20,2024-04-11
ord_07760,cust_0252,processing,2024-11-13,2024-12-03,2024-11-30
ord_07761,cust_0032,processing,2024-03-26,2024-04-15,2024-04-06
ord_07762,cust_0355,delivered,2024-04-09,2024-04-16,2024-04-21
ord_07763,cust_0500,delivered,2024-02-10,2024-02-18,2024-03-01
ord_07764,cust_0361,processing,2024-05-29,2024-06-09,2024-06-18
ord_07765,cust_0166,shipped,2024-07-06,2024-07-25,2024-07-31
ord_07766,cust_0007,processing,2024-05-18,2024-06-05,2024-06-07
ord_07767,cust_0332,processing,2024-12-20,2025-01-18,2024-12-27
ord_07768,cust_0356,canceled,2024-05-15,2024-06-01,2024-05-26
ord_07769,cust_0237,shipped,2024-06-24,2024-07-02,2024-07-12
ord_07770,cust_0356,canceled,2024-08-19,2024-09-08,2024-09-09
ord_07771,cust_0464,canceled,2024-08-28,2024-09-15,2024-09-21
ord_07772,cust_0415,canceled,2024-01-08,2024-01-25,2024-01-15
ord_07773,cust_0240,processing,2024-08-01,2024-08-14,2024-08-23
ord_07774,cust_0073,processing,2024-01-28,2024-02-13,2024-02-06
ord_07775,cust_0080,processing,2024-03-19,2024-04-08,2024-04-04
ord_07776,cust_0263,shipped,2024-09-24,2024-09-28,2024-10-05
ord_07777,cust_0363,processing,2024-07-24,2024-08-17,2024-08-02
ord_07778,cust_0014,delivered,2024-05-11,2024-05-17,2024-06-01
ord_07779,cust_0039,processing,2024-06-23,2024-07-02,2024-07-15
ord_07780,cust_0374,processing,2024-01-18,2024-01-31,2024-02-06
ord_07781,cust_0407,shipped,2024-10-04,2024-10-23,2024-10-11
ord_07782,cust_0194,canceled,2024-02-08,2024-03-04,2024-02-27
ord_07783,cust_0430,canceled,2024-08-29,2024-09-28,2024-09-23
ord_07784,cust_0239,shipped,2024-11-21,2024-11-26,2024-12-02
ord_07785,cust_0069,canceled,2024-03-04,2024-03-12,2024-03-19
ord_07786,cust_0043,processing,2024-05-01,2024-05-15,2024-05-16
ord_07787,cust_0310,delivered,2024-01-10,2024-01-15,2024-02-04
ord_07788,cust_0285,delivered,2024-11-11,2024-12-01,2024-11-26
ord_07789,cust_0477,delivered,2024-09-24,2024-10-11,2024-10-01
ord_07790,cust_0400,processing,2024-08-29,2024-09-01,2024-09-21
ord_07791,cust_0188,shipped,2024-09-05,2024-10-05,2024-09-15
ord_07792,cust_0333,delivered,2024-01-21,2024-02-08,2024-02-11
ord_07793,cust_0030,canceled,2024-01-29,2024-02-16,2024-02-14
ord_07794,cust_0500,canceled,2024-04-25,2024-05-05,2024-05-15
ord_07795,cust_0232,shipped,2024-08-14,2024-09-05,2024-09-02
ord_07796,cust_0043,delivered,2024-11-27,2024-12-09,2024-12-17
ord_07797,cust_0018,delivered,2024-06-16,2024-06-21,2024-06-25
ord_07798,cust_0027,delivered,2024-01-27,2024-02-20,2024-02-18
ord_07799,cust_0015,shipped,2024-09-11,2024-10-01,2024-09-29
ord_07800,cust_0077,canceled,2024-01-07,2024-01-21,2024-01-15
ord_07801,cust_0243,shipped,2024-12-06,2024-12-18,2024-12-31
ord_07802,cust_0361,shipped,2024-12-17,2025-01-13,2024-12-31
ord_07803,cust_0346,shipped,2024-01-17,2024-01-22,2024-01-24
ord_07804,cust_0464,processing,2024-11-13,2024-12-01,2024-12-01
ord_07805,cust_0346,canceled,2024-05-17,2024-06-09,2024-06-07
ord_07806,cust_0165,processing,2024-11-23,2024-12-03,2024-12-13
ord_07807,cust_0178,shipped,2024-06-07,2024-06-18,2024-06-19
ord_07808,cust_0343,shipped,2024-07-15,2024-08-08,2024-07-30
ord_07809,cust_0208,canceled,2024-01-29,2024-02-10,2024-02-07
ord_07810,cust_0226,canceled,2024-02-27,2024-03-12,2024-03-11
ord_07811,cust_0048,shipped,2024-01-21,2024-02-18,2024-02-08
ord_07812,cust_0445,processing,2024-05-02,2024-05-19,2024-05-16
ord_07813,cust_0380,processing,2024-08-04,2024-09-01,2024-08-23
ord_07814,cust_0381,processing,2024-07-13,2024-08-02,2024-07-23
ord_07815,cust_0164,canceled,2024-01-03,2024-02-01,2024-01-26
ord_07816,cust_0414,processing,2024-09-11,2024-10-08,2024-09-20
ord_07817,cust_0410,canceled,2024-06-03,2024-06-25,2024-06-11
ord_07818,cust_0265,delivered,2024-09-23,2024-10-05,2024-10-12
ord_07819,cust_0314,delivered,2024-05-20,2024-05-31,2024-06-14
ord_07820,cust_0490,canceled,2024-09-20,2024-09-24,2024-10-03
ord_07821,cust_0146,delivered,2024-09-14,2024-09-29,2024-09-26
ord_07822,cust_0131,canceled,2024-12-11,2024-12-25,2025-01-01
ord_07823,cust_0317,processing,2024-06-18,2024-06-21,2024-07-13
ord_07824,cust_0192,shipped,2024-04-17,2024-04-25,2024-05-02
ord_07825,cust_0378,delivered,2024-06-11,2024-06-18,2024-07-02
ord_07826,cust_0355,delivered,2024-02-19,2024-02-25,2024-02-28
ord_07827,cust_0410,delivered,2024-12-24,2025-01-12,2025-01-11
ord_07828,cust_0347,processing,2024-09-30,2024-10-11,2024-10-20
ord_07829,cust_0343,canceled,2024-09-18,2024-10-10,2024-10-12
ord_07830,cust_0040,shipped,2024-11-01,2024-11-11,2024-11-13
ord_07831,cust_0211,delivered,2024-07-01,2024-07-30,2024-07-26
ord_07832,cust_0027,processing,2024-09-13,2024-10-07,2024-09-26
ord_07833,cust_0355,delivered,2024-12-21,2024-12-30,2025-01-05
ord_07834,cust_0337,processing,2024-01-21,2024-01-28,2024-02-01
ord_07835,cust_0316,processing,2024-05-15,2024-05-22,2024-06-02
ord_07836,cust_0172,canceled,2024-12-05,2024-12-12,2024-12-12
ord_07837,cust_0422,processing,2024-05-31,2024-06-20,2024-06-12
ord_07838,cust_0368,shipped,2024-10-07,2024-11-06,2024-10-17
ord_07839,cust_0241,canceled,2024-02-02,2024-03-03,2024-02-18
ord_07840,cust_0144,processing,2024-11-07,2024-12-03,2024-12-01
ord_07841,cust_0151,shipped,2024-06-05,2024-06-20,2024-06-12
ord_07842,cust_0491,delivered,2024-10-25,2024-11-04,2024-11-15
ord_07843,cust_0471,canceled,2024-09-03,2024-09-29,2024-09-27
ord_07844,cust_0042,canceled,2024-12-15,2025-01-02,2024-12-27
ord_07845,cust_0094,processing,2024-08-08,2024-08-13,2024-08-29
ord_07846,cust_0415,canceled,2024-06-21,2024-07-11,2024-06-29
ord_07847,cust_0319,shipped,2024-06-25,2024-07-23,2024-07-06
ord_07848,cust_0318,processing,2024-08-04,2024-08-21,2024-08-24
ord_07849,cust_0237,processing,2024-10-28,2024-11-17,2024-11-20
ord_07850,cust_0169,canceled,2024-06-18,2024-06-30,2024-07-03
ord_07851,cust_0495,delivered,2024-08-19,2024-09-15,2024-09-04
ord_07852,cust_0060,shipped,2024-04-30,2024-05-11,2024-05-07
ord_07853,cust_0213,delivered,2024-10-24,2024-11-18,2024-11-06
ord_07854,cust_0094,processing,2024-12-19,2025-01-01,2025-01-08
ord_07855,cust_0358,shipped,2024-06-19,2024-07-13,2024-06-28
ord_07856,cust_0265,delivered,2024-05-08,2024-05-23,2024-05-22
ord_07857,cust_0431,canceled,2024-02-26,2024-03-04,2024-03-12
ord_07858,cust_0217,canceled,2024-05-30,2024-06-17,2024-06-13
ord_07859,cust_0185,processing,2024-07-27,2024-08-02,2024-08-05
ord_07860,cust_0070,shipped,2024-10-10,2024-11-07,2024-10-29
ord_07861,cust_0495,processing,2024-12-25,2025-01-04,2025-01-02
ord_07862,cust_0172,canceled,2024-01-15,2024-02-08,2024-02-04
ord_07863,cust_0496,shipped,2024-09-22,2024-09-25,2024-10-09
ord_07864,cust_0068,shipped,2024-02-22,2024-03-08,2024-03-01
ord_07865,cust_0124,shipped,2024-08-18,2024-09-10,2024-09-03
ord_07866,cust_0492,shipped,2024-01-28,2024-02-06,2024-02-18
ord_07867,cust_0035,processing,2024-11-29,2024-12-24,2024-12-21
ord_07868,cust_0146,canceled,2024-11-21,2024-12-14,2024-12-03
ord_07869,cust_0215,shipped,2024-08-21,2024-09-20,2024-09-08
ord_07870,cust_0067,delivered,2024-02-02,2024-03-01,2024-02-12
ord_07871,cust_0252,shipped,2024-04-17,2024-05-07,2024-04-24
ord_07872,cust_0389,delivered,2024-10-12,2024-10-30,2024-11-05
ord_07873,cust_0164,canceled,2024-07-21,2024-08-06,2024-07-30
ord_07874,cust_0170,processing,2024-06-26,2024-07-18,2024-07-19
ord_07875,cust_0222,canceled,2024-07-11,2024-07-21,2024-07-29
ord_07876,cust_0041,delivered,2024-12-28,2025-01-26,2025-01-13
ord_07877,cust_0349,shipped,2024-03-25,2024-04-17,2024-04-18
ord_07878,cust_0481,shipped,2024-06-22,2024-06-29,2024-07-01
ord_07879,cust_0196,processing,2024-12-05,2024-12-24,2024-12-29
ord_07880,cust_0428,canceled,2024-10-26,2024-10-30,2024-11-12
ord_07881,cust_0390,canceled,2024-07-18,2024-08-08,2024-08-10
ord_07882,cust_0456,shipped,2024-03-30,2024-04-19,2024-04-22
ord_07883,cust_0147,processing,2024-12-20,2025-01-18,2025-01-13
ord_07884,cust_0023,shipped,2024-01-19,2024-02-01,2024-01-30
ord_07885,cust_0430,shipped,2024-02-10,2024-03-05,2024-02-24
ord_07886,cust_0444,processing,2024-11-11,2024-12-01,2024-12-05
ord_07887,cust_0108,shipped,2024-02-16,2024-03-15,2024-02-28
ord_07888,cust_0484,processing,2024-01-09,2024-01-18,2024-01-29
ord_07889,cust_0065,processing,2024-09-24,2024-10-10,2024-10-10
ord_07890,cust_0070,processing,2024-09-03,2024-09-23,2024-09-22
ord_07891,cust_0096,processing,2024-10-04,2024-10-29,2024-10-21
ord_07892,cust_0379,processing,2024-03-14,2024-04-02,2024-04-04
ord_07893,cust_0077,delivered,2024-01-15,2024-02-10,2024-01-29
ord_07894,cust_0288,shipped,2024-09-15,2024-10-03,2024-10-06
ord_07895,cust_0490,delivered,2024-05-17,2024-06-03,2024-05-26
ord_07896,cust_0117,shipped,2024-07-27,2024-08-04,2024-08-20
ord_07897,cust_0417,canceled,2024-05-16,2024-06-08,2024-06-03
ord_07898,cust_0457,processing,2024-09-02,2024-09-12,2024-09-19
ord_07899,cust_0440,processing,2024-03-29,2024-04-07,2024-04-09
ord_07900,cust_0029,canceled,2024-09-12,2024-10-05,2024-09-20
ord_07901,cust_0272,canceled,2024-06-18,2024-06-27,2024-07-05
ord_07902,cust_0112,delivered,2024-12-27,2025-01-17,2025-01-18
ord_07903,cust_0113,shipped,2024-03-05,2024-04-01,2024-03-26
ord_07904,cust_0418,processing,2024-03-28,2024-04-17,2024-04-15
ord_07905,cust_0404,canceled,2024-01-12,2024-01-24,2024-01-24
ord_07906,cust_0170,canceled,2024-01-22,2024-02-18,2024-02-02
ord_07907,cust_0267,shipped,2024-06-21,2024-07-03,2024-07-11
ord_07908,cust_0457,processing,2024-10-23,2024-11-20,2024-11-13
ord_07909,cust_0054,delivered,2024-11-28,2024-12-02,2024-12-14
ord_07910,cust_0276,delivered,2024-07-31,2024-08-18,2024-08-24
ord_07911,cust_0216,canceled,2024-07-03,2024-07-31,2024-07-28
ord_07912,cust_0120,processing,2024-07-23,2024-08-22,2024-08-13
ord_07913,cust_0153,canceled,2024-06-24,2024-07-09,2024-07-01
ord_07914,cust_0383,processing,2024-09-20,2024-10-14,2024-10-05
ord_07915,cust_0107,shipped,2024-09-12,2024-10-08,2024-09-26
ord_07916,cust_0494,shipped,2024-12-30,2025-01-07,2025-01-08
ord_07917,cust_0181,processing,2024-05-25,2024-06-14,2024-06-11
ord_07918,cust_0006,processing,2024-12-19,2025-01-05,2024-12-26
ord_07919,cust_0482,canceled,2024-03-23,2024-04-02,2024-04-07
ord_07920,cust_0347,canceled,2024-10-25,2024-11-23,2024-11-19
ord_07921,cust_0017,processing,2024-03-22,2024-04-07,2024-04-06
ord_07922,cust_0305,canceled,2024-07-30,2024-08-02,2024-08-23
ord_07923,cust_0066,delivered,2024-04-15,2024-04-19,2024-04-24
ord_07924,cust_0295,delivered,2024-04-25,2024-05-25,2024-05-09
ord_07925,cust_0370,processing,2024-12-21,2024-12-27,2025-01-04
ord_07926,cust_0074,shipped,2024-02-16,2024-03-17,2024-03-06
ord_07927,cust_0282,delivered,2024-05-06,2024-05-20,2024-05-26
ord_07928,cust_0020,delivered,2024-06-13,2024-07-03,2024-06-22
ord_07929,cust_0106,processing,2024-02-29,2024-03-14,2024-03-13
ord_07930,cust_0167,processing,2024-05-23,2024-06-21,2024-06-05
ord_07931,cust_0326,processing,2024-08-22,2024-08-25,2024-09-02
ord_07932,cust_0393,processing,2024-09-08,2024-09-16,2024-10-01
ord_07933,cust_0188,processing,2024-02-06,2024-02-19,2024-02-25
ord_07934,cust_0237,canceled,2024-12-03,2024-12-25,2024-12-21
ord_07935,cust_0291,canceled,2024-06-29,2024-07-17,2024-07-16
ord_07936,cust_0500,canceled,2024-11-09,2024-11-30,2024-11-27
ord_07937,cust_0460,shipped,2024-01-14,2024-01-27,2024-01-31
ord_07938,cust_0069,delivered,2024-12-18,2025-01-10,2025-01-06
ord_07939,cust_0264,canceled,2024-08-14,2024-08-20,2024-08-30
ord_07940,cust_0115,canceled,2024-05-26,2024-05-31,2024-06-19
ord_07941,cust_0068,canceled,2024-03-23,2024-04-17,2024-04-09
ord_07942,cust_0483,processing,2024-03-14,2024-04-11,2024-03-22
ord_07943,cust_0331,shipped,2024-12-08,2025-01-04,2024-12-31
ord_07944,cust_0050,delivered,2024-02-08,2024-02-23,2024-02-25
ord_07945,cust_0048,canceled,2024-11-08,2024-12-01,2024-11-20
ord_07946,cust_0364,canceled,2024-07-10,2024-07-28,2024-07-26
ord_07947,cust_0412,shipped,2024-06-12,2024-06-19,2024-06-20
ord_07948,cust_0243,processing,2024-01-21,2024-02-18,2024-02-01
ord_07949,cust_0104,delivered,2024-11-14,2024-11-25,2024-12-05
ord_07950,cust_0073,canceled,2024-09-19,2024-10-15,2024-10-13
ord_07951,cust_0350,shipped,2024-01-30,2024-02-08,2024-02-17
ord_07952,cust_0403,shipped,2024-03-29,2024-04-24,2024-04-07
ord_07953,cust_0378,shipped,2024-05-25,2024-06-06,2024-06-01
ord_07954,cust_0120,canceled,2024-10-25,2024-11-03,2024-11-14
ord_07955,cust_0295,canceled,2024-11-25,2024-12-24,2024-12-02
ord_07956,cust_0422,delivered,2024-02-16,2024-02-24,2024-02-25
ord_07957,cust_0182,processing,2024-07-04,2024-07-29,2024-07-16
ord_07958,cust_0291,delivered,2024-10-19,2024-11-01,2024-11-13
ord_07959,cust_0474,processing,2024-12-28,2024-12-31,2025-01-13
ord_07960,cust_0070,shipped,2024-11-07,2024-11-18,2024-11-16
ord_07961,cust_0209,delivered,2024-03-19,2024-04-01,2024-04-04
ord_07962,cust_0489,delivered,2024-02-14,2024-03-05,2024-02-23
ord_07963,cust_0380,shipped,2024-04-14,2024-05-12,2024-04-30
ord_07964,cust_0364,canceled,2024-05-14,2024-06-11,2024-06-06
ord_07965,cust_0110,processing,2024-08-30,2024-09-04,2024-09-12
ord_07966,cust_0219,processing,2024-12-20,2024-12-28,2025-01-10
ord_07967,cust_0123,canceled,2024-02-14,2024-02-22,2024-03-07
ord_07968,cust_0078,delivered,2024-03-06,2024-03-12,2024-03-16
ord_07969,cust_0453,shipped,2024-03-25,2024-04-16,2024-04-03
ord_07970,cust_0021,delivered,2024-09-14,2024-09-19,2024-09-28
ord_07971,cust_0287,delivered,2024-05-28,2024-06-18,2024-06-13
ord_07972,cust_0487,delivered,2024-03-24,2024-04-15,2024-04-16
ord_07973,cust_0365,delivered,2024-10-11,2024-10-31,2024-11-03
ord_07974,cust_0155,canceled,2024-10-23,2024-11-07,2024-11-12
ord_07975,cust_0423,delivered,2024-03-21,2024-03-30,2024-03-31
ord_07976,cust_0019,shipped,2024-12-12,2025-01-02,2025-01-06
ord_07977,cust_0099,canceled,2024-02-05,2024-02-29,2024-02-18
ord_07978,cust_0049,processing,2024-07-19,2024-08-08,2024-08-01
ord_07979,cust_0452,processing,2024-03-18,2024-03-28,2024-04-07
ord_07980,cust_0499,delivered,2024-09-07,2024-09-11,2024-09-23
ord_07981,cust_0440,shipped,2024-09-04,2024-09-09,2024-09-11
ord_07982,cust_0048,delivered,2024-12-19,2025-01-08,2025-01-13
ord_07983,cust_0149,delivered,2024-09-16,2024-10-14,2024-10-08
ord_07984,cust_0058,shipped,2024-06-13,2024-07-12,2024-06-20
ord_07985,cust_0012,shipped,2024-04-15,2024-05-13,2024-04-27
ord_07986,cust_0304,canceled,2024-05-19,2024-06-16,2024-06-03
ord_07987,cust_0040,canceled,2024-08-08,2024-08-11,2024-08-30
ord_07988,cust_0177,delivered,2024-09-22,2024-10-10,2024-10-11
ord_07989,cust_0385,shipped,2024-09-10,2024-09-27,2024-09-28
ord_07990,cust_0078,shipped,2024-07-02,2024-07-27,2024-07-23
ord_07991,cust_0388,shipped,2024-02-08,2024-03-08,2024-02-27
ord_07992,cust_0428,shipped,2024-03-01,2024-03-16,2024-03-08
ord_07993,cust_0373,delivered,2024-12-05,2024-12-23,2024-12-28
ord_07994,cust_0162,processing,2024-02-17,2024-03-11,2024-02-25
ord_07995,cust_0314,processing,2024-01-16,2024-01-25,2024-02-10
ord_07996,cust_0205,processing,2024-04-15,2024-04-19,2024-05-05
ord_07997,cust_0305,canceled,2024-01-12,2024-01-15,2024-01-30
ord_07998,cust_0204,shipped,2024-07-25,2024-08-16,2024-08-13
ord_07999,cust_0112,processing,2024-03-11,2024-04-07,2024-03-25
ord_08000,cust_0056,canceled,2024-01-31,2024-02-03,2024-02-22
ord_08001,cust_0401,delivered,2024-09-24,2024-10-23,2024-10-01
ord_08002,cust_0141,delivered,2024-10-23,2024-11-10,2024-11-01
ord_08003,cust_0128,shipped,2024-10-13,2024-10-29,2024-10-26
ord_08004,cust_0433,delivered,2024-04-20,2024-05-02,2024-05-03
ord_08005,cust_0399,processing,2024-07-26,2024-08-08,2024-08-19
ord_08006,cust_0356,shipped,2024-05-30,2024-06-11,2024-06-23
ord_08007,cust_0125,processing,2024-11-15,2024-12-08,2024-11-27
ord_08008,cust_0431,processing,2024-06-20,2024-07-12,2024-06-27
ord_08009,cust_0436,canceled,2024-04-05,2024-04-12,2024-04-28
ord_08010,cust_0352,canceled,2024-10-04,2024-11-02,2024-10-15
ord_08011,cust_0183,canceled,2024-10-08,2024-10-21,2024-10-23
ord_08012,cust_0458,processing,2024-02-27,2024-03-07,2024-03-08
ord_08013,cust_0266,shipped,2024-01-13,2024-01-22,2024-01-29
ord_08014,cust_0278,shipped,2024-04-30,2024-05-16,2024-05-22
ord_08015,cust_0101,processing,2024-10-07,2024-11-01,2024-10-29
ord_08016,cust_0075,shipped,2024-10-15,2024-11-13,2024-10-28
ord_08017,cust_0133,shipped,2024-09-29,2024-10-02,2024-10-07
ord_08018,cust_0187,canceled,2024-07-29,2024-08-09,2024-08-19
ord_08019,cust_0265,processing,2024-07-30,2024-08-15,2024-08-14
ord_08020,cust_0051,processing,2024-09-02,2024-09-27,2024-09-17
ord_08021,cust_0067,delivered,2024-04-28,2024-05-16,2024-05-07
ord_08022,cust_0235,canceled,2024-07-23,2024-08-02,2024-08-02
ord_08023,cust_0227,processing,2024-06-25,2024-07-03,2024-07-20
ord_08024,cust_0134,canceled,2024-07-23,2024-07-27,2024-08-02
ord_08025,cust_0263,delivered,2024-09-19,2024-10-01,2024-09-26
ord_08026,cust_0130,delivered,2024-02-26,2024-03-23,2024-03-12
ord_08027,cust_0279,delivered,2024-07-08,2024-07-25,2024-07-20
ord_08028,cust_0360,processing,2024-12-27,2025-01-08,2025-01-09
ord_08029,cust_0276,processing,2024-02-05,2024-02-10,2024-02-25
ord_08030,cust_0198,delivered,2024-03-01,2024-03-07,2024-03-17
ord_08031,cust_0046,shipped,2024-04-11,2024-04-26,2024-04-20
ord_08032,cust_0401,canceled,2024-07-23,2024-08-18,2024-07-30
ord_08033,cust_0195,canceled,2024-06-23,2024-07-06,2024-07-08
ord_08034,cust_0257,shipped,2024-05-12,2024-05-20,2024-05-31
ord_08035,cust_0474,shipped,2024-07-13,2024-08-01,2024-07-28
ord_08036,cust_0137,delivered,2024-09-12,2024-09-29,2024-09-21
ord_08037,cust_0324,canceled,2024-04-11,2024-04-23,2024-04-26
ord_08038,cust_0182,processing,2024-05-23,2024-06-05,2024-06-17
ord_08039,cust_0119,delivered,2024-08-05,2024-08-08,2024-08-12
ord_08040,cust_0330,shipped,2024-02-14,2024-02-19,2024-03-05
ord_08041,cust_0490,shipped,2024-03-18,2024-04-05,2024-03-29
ord_08042,cust_0242,canceled,2024-09-24,2024-10-09,2024-10-19
ord_08043,cust_0334,processing,2024-12-17,2024-12-24,2024-12-27
ord_08044,cust_0119,canceled,2024-04-16,2024-05-01,2024-05-09
ord_08045,cust_0483,canceled,2024-12-02,2024-12-30,2024-12-10
ord_08046,cust_0011,shipped,2024-12-13,2025-01-05,2025-01-03
ord_08047,cust_0044,processing,2024-05-12,2024-05-15,2024-06-06
ord_08048,cust_0279,delivered,2024-12-15,2024-12-29,2024-12-23
ord_08049,cust_0412,canceled,2024-02-05,2024-02-14,2024-02-25
ord_08050,cust_0418,canceled,2024-01-10,2024-01-20,2024-01-25
ord_08051,cust_0447,processing,2024-10-14,2024-10-25,2024-10-27
ord_08052,cust_0354,processing,2024-08-25,2024-08-29,2024-09-01
ord_08053,cust_0476,canceled,2024-03-29,2024-04-26,2024-04-20
ord_08054,cust_0172,delivered,2024-12-30,2025-01-23,2025-01-24
ord_08055,cust_0305,canceled,2024-06-05,2024-07-03,2024-06-17
ord_08056,cust_0220,canceled,2024-05-10,2024-05-22,2024-05-29
ord_08057,cust_0380,processing,2024-05-30,2024-06-06,2024-06-08
ord_08058,cust_0433,processing,2024-12-22,2025-01-16,2025-01-09
ord_08059,cust_0087,delivered,2024-03-07,2024-03-25,2024-03-24
ord_08060,cust_0496,delivered,2024-01-07,2024-01-13,2024-01-27
ord_08061,cust_0139,canceled,2024-11-27,2024-12-14,2024-12-10
ord_08062,cust_0357,canceled,2024-08-24,2024-09-14,2024-09-09
ord_08063,cust_0161,delivered,2024-10-26,2024-11-03,2024-11-09
ord_08064,cust_0283,shipped,2024-07-28,2024-08-22,2024-08-10
ord_08065,cust_0466,processing,2024-03-24,2024-04-09,2024-04-08
ord_08066,cust_0028,delivered,2024-02-16,2024-03-11,2024-02-24
ord_08067,cust_0285,delivered,2024-08-15,2024-08-18,2024-09-05
ord_08068,cust_0326,canceled,2024-03-05,2024-03-29,2024-03-21
ord_08069,cust_0378,shipped,2024-08-17,2024-09-01,2024-08-26
ord_08070,cust_0448,canceled,2024-01-21,2024-02-20,2024-02-05
ord_08071,cust_0358,canceled,2024-10-13,2024-10-25,2024-10-22
ord_08072,cust_0161,canceled,2024-03-29,2024-04-21,2024-04-12
ord_08073,cust_0104,shipped,2024-03-17,2024-04-14,2024-04-10
ord_08074,cust_0415,processing,2024-09-04,2024-09-12,2024-09-28
ord_08075,cust_0338,processing,2024-07-02,2024-08-01,2024-07-21
ord_08076,cust_0338,shipped,2024-10-20,2024-11-09,2024-10-30
ord_08077,cust_0454,canceled,2024-01-25,2024-02-01,2024-02-14
ord_08078,cust_0487,processing,2024-07-12,2024-07-23,2024-08-02
ord_08079,cust_0175,shipped,2024-02-19,2024-03-19,2024-02-28
ord_08080,cust_0444,processing,2024-02-03,2024-03-03,2024-02-26
ord_08081,cust_0405,canceled,2024-01-20,2024-02-13,2024-02-12
ord_08082,cust_0250,delivered,2024-02-07,2024-03-04,2024-02-14
ord_08083,cust_0039,canceled,2024-02-29,2024-03-16,2024-03-10
ord_08084,cust_0196,delivered,2024-07-24,2024-08-04,2024-08-08
ord_08085,cust_0124,delivered,2024-02-22,2024-03-14,2024-03-16
ord_08086,cust_0410,canceled,2024-10-22,2024-11-08,2024-11-09
ord_08087,cust_0448,processing,2024-03-29,2024-04-24,2024-04-14
ord_08088,cust_0470,canceled,2024-04-18,2024-05-14,2024-05-11
ord_08089,cust_0255,processing,2024-12-29,2025-01-06,2025-01-12
ord_08090,cust_0235,delivered,2024-05-29,2024-06-18,2024-06-20
ord_08091,cust_0287,delivered,2024-01-29,2024-02-16,2024-02-22
ord_08092,cust_0125,shipped,2024-11-19,2024-11-26,2024-12-06
ord_08093,cust_0045,delivered,2024-06-20,2024-06-26,2024-07-02
ord_08094,cust_0208,processing,2024-10-08,2024-10-16,2024-10-20
ord_08095,cust_0315,processing,2024-10-19,2024-11-09,2024-10-27
ord_08096,cust_0373,delivered,2024-12-06,2024-12-21,2024-12-26
ord_08097,cust_0185,shipped,2024-03-16,2024-04-05,2024-04-05
ord_08098,cust_0332,canceled,2024-10-08,2024-10-17,2024-11-02
ord_08099,cust_0158,processing,2024-08-23,2024-08-28,2024-09-12
ord_08100,cust_0500,delivered,2024-12-08,2024-12-27,2024-12-19
ord_08101,cust_0097,processing,2024-01-01,2024-01-30,2024-01-08
ord_08102,cust_0432,delivered,2024-01-05,2024-02-03,2024-01-30
ord_08103,cust_0250,delivered,2024-08-16,2024-08-20,2024-08-30
ord_08104,cust_0385,processing,2024-09-27,2024-10-20,2024-10-20
ord_08105,cust_0385,shipped,2024-12-26,2025-01-22,2025-01-15
ord_08106,cust_0410,delivered,2024-03-25,2024-03-29,2024-04-16
ord_08107,cust_0140,canceled,2024-10-19,2024-11-07,2024-11-02
ord_08108,cust_0252,canceled,2024-10-31,2024-11-07,2024-11-20
ord_08109,cust_0479,shipped,2024-10-03,2024-10-20,2024-10-23
ord_08110,cust_0031,processing,2024-11-11,2024-11-27,2024-11-29
ord_08111,cust_0416,canceled,2024-05-26,2024-06-19,2024-06-10
ord_08112,cust_0069,processing,2024-07-21,2024-08-03,2024-08-11
ord_08113,cust_0347,canceled,2024-08-29,2024-09-13,2024-09-16
ord_08114,cust_0083,delivered,2024-02-15,2024-03-13,2024-03-09
ord_08115,cust_0256,processing,2024-08-16,2024-09-06,2024-08-31
ord_08116,cust_0440,delivered,2024-10-22,2024-11-05,2024-10-29
ord_08117,cust_0392,shipped,2024-04-09,2024-04-21,2024-04-26
ord_08118,cust_0224,shipped,2024-03-17,2024-03-21,2024-03-29
ord_08119,cust_0030,shipped,2024-07-22,2024-08-13,2024-08-05
ord_08120,cust_0340,canceled,2024-03-05,2024-04-04,2024-03-24
ord_08121,cust_0488,processing,2024-06-25,2024-07-03,2024-07-13
ord_08122,cust_0314,delivered,2024-04-24,2024-05-04,2024-05-01
ord_08123,cust_0398,delivered,2024-08-24,2024-09-20,2024-09-08
ord_08124,cust_0045,processing,2024-07-14,2024-07-24,2024-07-31
ord_08125,cust_0332,shipped,2024-09-20,2024-10-03,2024-10-01
ord_08126,cust_0382,processing,2024-05-19,2024-06-05,2024-06-07
ord_08127,cust_0176,shipped,2024-07-07,2024-07-13,2024-07-18
ord_08128,cust_0304,delivered,2024-09-03,2024-09-30,2024-09-28
ord_08129,cust_0431,shipped,2024-02-01,2024-02-27,2024-02-19
ord_08130,cust_0308,shipped,2024-07-23,2024-08-18,2024-08-12
ord_08131,cust_0223,shipped,2024-04-09,2024-04-16,2024-05-01
ord_08132,cust_0077,canceled,2024-04-21,2024-05-02,2024-05-02
ord_08133,cust_0396,shipped,2024-12-22,2025-01-06,2025-01-03
ord_08134,cust_0255,shipped,2024-08-26,2024-09-02,2024-09-09
ord_08135,cust_0107,delivered,2024-04-05,2024-04-18,2024-04-30
ord_08136,cust_0368,processing,2024-01-19,2024-01-29,2024-02-02
ord_08137,cust_0004,canceled,2024-12-23,2025-01-17,2024-12-31
ord_08138,cust_0129,delivered,2024-03-13,2024-04-05,2024-03-26
ord_08139,cust_0006,canceled,2024-04-14,2024-05-10,2024-05-05
ord_08140,cust_0455,shipped,2024-04-11,2024-04-20,2024-04-25
ord_08141,cust_0455,shipped,2024-12-15,2024-12-21,2025-01-08
ord_08142,cust_0205,delivered,2024-09-30,2024-10-11,2024-10-18
ord_08143,cust_0457,delivered,2024-03-06,2024-03-20,2024-03-28
ord_08144,cust_0226,delivered,2024-05-17,2024-06-03,2024-05-31
ord_08145,cust_0386,delivered,2024-10-30,2024-11-18,2024-11-17
ord_08146,cust_0338,processing,2024-09-01,2024-09-17,2024-09-26
ord_08147,cust_0152,canceled,2024-10-03,2024-10-06,2024-10-22
ord_08148,cust_0155,shipped,2024-12-27,2025-01-10,2025-01-12
ord_08149,cust_0341,shipped,2024-02-19,2024-03-04,2024-03-12
ord_08150,cust_0223,canceled,2024-08-25,2024-09-16,2024-09-06
ord_08151,cust_0366,shipped,2024-01-16,2024-01-29,2024-01-29
ord_08152,cust_0102,processing,2024-11-18,2024-12-17,2024-12-09
ord_08153,cust_0316,shipped,2024-09-24,2024-10-13,2024-10-12
ord_08154,cust_0270,shipped,2024-05-14,2024-06-09,2024-05-25
ord_08155,cust_0020,shipped,2024-11-21,2024-12-19,2024-12-16
ord_08156,cust_0468,shipped,2024-11-04,2024-11-21,2024-11-25
ord_08157,cust_0356,canceled,2024-12-12,2024-12-21,2024-12-21
ord_08158,cust_0049,canceled,2024-01-12,2024-01-22,2024-01-24
ord_08159,cust_0494,canceled,2024-10-24,2024-11-22,2024-11-13
ord_08160,cust_0349,delivered,2024-07-04,2024-07-31,2024-07-13
ord_08161,cust_0203,processing,2024-03-06,2024-03-19,2024-03-13
ord_08162,cust_0208,delivered,2024-08-10,2024-09-05,2024-09-02
ord_08163,cust_0115,canceled,2024-07-25,2024-08-17,2024-08-15
ord_08164,cust_0048,canceled,2024-09-10,2024-09-26,2024-10-02
ord_08165,cust_0220,shipped,2024-10-17,2024-11-07,2024-11-10
ord_08166,cust_0184,delivered,2024-03-13,2024-04-02,2024-04-07
ord_08167,cust_0172,shipped,2024-01-01,2024-01-11,2024-01-24
ord_08168,cust_0196,shipped,2024-06-07,2024-06-14,2024-06-29
ord_08169,cust_0181,processing,2024-03-19,2024-03-25,2024-04-05
ord_08170,cust_0152,shipped,2024-05-03,2024-05-27,2024-05-24
ord_08171,cust_0117,canceled,2024-10-20,2024-11-13,2024-11-09
ord_08172,cust_0004,shipped,2024-11-10,2024-11-23,2024-11-26
ord_08173,cust_0165,canceled,2024-10-11,2024-11-01,2024-10-29
ord_08174,cust_0399,canceled,2024-07-31,2024-08-14,2024-08-20
ord_08175,cust_0030,processing,2024-04-11,2024-04-16,2024-05-03
ord_08176,cust_0077,delivered,2024-04-21,2024-04-25,2024-04-29
ord_08177,cust_0377,processing,2024-01-09,2024-02-02,2024-01-20
ord_08178,cust_0114,shipped,2024-04-14,2024-04-29,2024-05-03
ord_08179,cust_0337,processing,2024-06-28,2024-07-24,2024-07-17
ord_08180,cust_0088,shipped,2024-04-14,2024-05-10,2024-04-26
ord_08181,cust_0138,shipped,2024-05-25,2024-06-13,2024-06-15
ord_08182,cust_0342,processing,2024-11-02,2024-11-07,2024-11-22
ord_08183,cust_0298,delivered,2024-01-03,2024-01-31,2024-01-13
ord_08184,cust_0155,processing,2024-01-18,2024-02-09,2024-01-25
ord_08185,cust_0383,processing,2024-07-21,2024-08-16,2024-07-28
ord_08186,cust_0212,canceled,2024-04-16,2024-05-16,2024-04-27
ord_08187,cust_0397,shipped,2024-06-04,2024-07-01,2024-06-25
ord_08188,cust_0183,canceled,2024-12-06,2024-12-24,2024-12-29
ord_08189,cust_0248,processing,2024-11-18,2024-11-29,2024-11-27
ord_08190,cust_0307,shipped,2024-01-30,2024-02-27,2024-02-06
ord_08191,cust_0150,canceled,2024-09-10,2024-09-16,2024-09-30
ord_08192,cust_0008,canceled,2024-11-22,2024-12-12,2024-12-02
ord_08193,cust_0418,shipped,2024-06-28,2024-07-25,2024-07-20
ord_08194,cust_0493,canceled,2024-05-19,2024-06-04,2024-06-08
ord_08195,cust_0353,shipped,2024-05-10,2024-05-28,2024-05-23
ord_08196,cust_0452,delivered,2024-10-03,2024-10-20,2024-10-27
ord_08197,cust_0257,delivered,2024-12-30,2025-01-12,2025-01-10
ord_08198,cust_0224,canceled,2024-12-03,2024-12-16,2024-12-22
ord_08199,cust_0227,canceled,2024-02-14,2024-03-05,2024-02-27
ord_08200,cust_0304,shipped,2024-08-18,2024-09-04,2024-08-27
ord_08201,cust_0418,canceled,2024-08-15,2024-08-26,2024-08-29
ord_08202,cust_0261,canceled,2024-06-30,2024-07-04,2024-07-19
ord_08203,cust_0021,processing,2024-11-12,2024-11-21,2024-12-05
ord_08204,cust_0030,shipped,2024-03-21,2024-04-16,2024-04-07
ord_08205,cust_0441,processing,2024-05-02,2024-05-06,2024-05-25
ord_08206,cust_0136,shipped,2024-05-23,2024-06-07,2024-06-04
ord_08207,cust_0184,canceled,2024-06-01,2024-06-28,2024-06-15
ord_08208,cust_0091,delivered,2024-09-27,2024-10-12,2024-10-14
ord_08209,cust_0352,canceled,2024-04-05,2024-05-04,2024-04-15
ord_08210,cust_0259,processing,2024-07-18,2024-07-22,2024-08-01
ord_08211,cust_0280,delivered,2024-02-02,2024-02-05,2024-02-25
ord_08212,cust_0215,canceled,2024-04-17,2024-04-30,2024-05-03
ord_08213,cust_0464,canceled,2024-07-14,2024-07-30,2024-07-21
ord_08214,cust_0109,processing,2024-10-27,2024-11-24,2024-11-04
ord_08215,cust_0142,processing,2024-07-25,2024-08-05,2024-08-15
ord_08216,cust_0063,delivered,2024-08-08,2024-09-03,2024-09-02
ord_08217,cust_0091,delivered,2024-08-06,2024-08-11,2024-08-18
ord_08218,cust_0373,processing,2024-06-22,2024-06-26,2024-07-06
ord_08219,cust_0283,processing,2024-12-23,2025-01-05,2025-01-10
ord_08220,cust_0327,delivered,2024-12-29,2025-01-17,2025-01-07
ord_08221,cust_0063,canceled,2024-01-22,2024-02-19,2024-02-07
ord_08222,cust_0111,shipped,2024-09-23,2024-10-15,2024-10-07
ord_08223,cust_0213,processing,2024-07-09,2024-07-16,2024-08-02
ord_08224,cust_0264,canceled,2024-01-01,2024-01-07,2024-01-15
ord_08225,cust_0393,delivered,2024-06-10,2024-07-06,2024-06-17
ord_08226,cust_0403,processing,2024-03-26,2024-04-16,2024-04-12
ord_08227,cust_0006,delivered,2024-04-08,2024-05-06,2024-05-01
ord_08228,cust_0439,canceled,2024-01-16,2024-01-21,2024-01-28
ord_08229,cust_0049,delivered,2024-06-30,2024-07-30,2024-07-21
ord_08230,cust_0198,delivered,2024-07-10,2024-07-30,2024-07-18
ord_08231,cust_0395,delivered,2024-11-02,2024-11-14,2024-11-27
ord_08232,cust_0019,canceled,2024-04-07,2024-04-22,2024-04-25
ord_08233,cust_0049,shipped,2024-06-21,2024-06-27,2024-07-16
ord_08234,cust_0225,delivered,2024-10-22,2024-11-07,2024-11-15
ord_08235,cust_0040,processing,2024-09-13,2024-09-29,2024-10-05
ord_08236,cust_0329,canceled,2024-01-04,2024-01-24,2024-01-11
ord_08237,cust_0363,shipped,2024-11-08,2024-11-15,2024-11-21
ord_08238,cust_0009,processing,2024-10-12,2024-11-06,2024-10-30
ord_08239,cust_0043,shipped,2024-12-25,2024-12-31,2025-01-14
ord_08240,cust_0417,shipped,2024-10-29,2024-11-08,2024-11-11
ord_08241,cust_0144,canceled,2024-02-08,2024-03-06,2024-02-21
ord_08242,cust_0289,canceled,2024-03-24,2024-03-31,2024-04-01
ord_08243,cust_0484,shipped,2024-01-22,2024-02-15,2024-01-30
ord_08244,cust_0480,processing,2024-09-01,2024-10-01,2024-09-10
ord_08245,cust_0285,canceled,2024-09-10,2024-09-24,2024-10-03
ord_08246,cust_0131,delivered,2024-07-16,2024-07-23,2024-08-06
ord_08247,cust_0035,shipped,2024-07-17,2024-08-01,2024-07-27
ord_08248,cust_0370,delivered,2024-07-31,2024-08-28,2024-08-11
ord_08249,cust_0199,canceled,2024-11-28,2024-12-08,2024-12-06
ord_08250,cust_0252,delivered,2024-02-07,2024-02-23,2024-02-24
ord_08251,cust_0284,processing,2024-03-27,2024-04-02,2024-04-06
ord_08252,cust_0278,delivered,2024-01-25,2024-02-23,2024-02-03
ord_08253,cust_0443,shipped,2024-03-03,2024-03-27,2024-03-14
ord_08254,cust_0101,delivered,2024-12-13,2025-01-04,2024-12-27
ord_08255,cust_0299,processing,2024-04-03,2024-04-16,2024-04-21
ord_08256,cust_0031,processing,2024-10-24,2024-11-19,2024-11-04
ord_08257,cust_0405,canceled,2024-03-18,2024-03-28,2024-03-28
ord_08258,cust_0285,delivered,2024-12-05,2024-12-18,2024-12-25
ord_08259,cust_0325,delivered,2024-01-11,2024-02-01,2024-01-30
ord_08260,cust_0441,delivered,2024-10-19,2024-11-15,2024-11-07
ord_08261,cust_0177,shipped,2024-05-27,2024-06-10,2024-06-03
ord_08262,cust_0387,delivered,2024-02-15,2024-02-20,2024-02-26
ord_08263,cust_0004,delivered,2024-04-21,2024-05-19,2024-05-11
ord_08264,cust_0398,delivered,2024-07-26,2024-08-23,2024-08-10
ord_08265,cust_0130,canceled,2024-12-18,2025-01-07,2024-12-25
ord_08266,cust_0449,delivered,2024-07-27,2024-08-25,2024-08-04
ord_08267,cust_0465,delivered,2024-12-20,2025-01-11,2025-01-11
ord_08268,cust_0431,shipped,2024-05-11,2024-05-15,2024-06-04
ord_08269,cust_0167,canceled,2024-05-19,2024-06-04,2024-06-13
ord_08270,cust_0016,processing,2024-05-23,2024-06-13,2024-06-10
ord_08271,cust_0425,delivered,2024-01-06,2024-01-27,2024-01-23
ord_08272,cust_0355,processing,2024-07-30,2024-08-28,2024-08-10
ord_08273,cust_0222,shipped,2024-05-14,2024-05-27,2024-06-02
ord_08274,cust_0469,canceled,2024-12-16,2025-01-07,2025-01-09
ord_08275,cust_0250,canceled,2024-10-19,2024-11-11,2024-10-27
ord_08276,cust_0041,canceled,2024-03-13,2024-04-04,2024-03-28
ord_08277,cust_0149,canceled,2024-03-14,2024-04-07,2024-03-21
ord_08278,cust_0465,processing,2024-08-20,2024-09-19,2024-09-10
ord_08279,cust_0346,canceled,2024-04-01,2024-04-14,2024-04-14
ord_08280,cust_0310,delivered,2024-08-20,2024-09-04,2024-09-08
ord_08281,cust_0100,delivered,2024-11-03,2024-12-01,2024-11-21
ord_08282,cust_0254,shipped,2024-02-19,2024-03-05,2024-03-06
ord_08283,cust_0064,processing,2024-09-25,2024-10-18,2024-10-14
ord_08284,cust_0456,canceled,2024-05-30,2024-06-23,2024-06-18
ord_08285,cust_0495,processing,2024-10-25,2024-10-28,2024-11-05
ord_08286,cust_0491,processing,2024-03-07,2024-03-29,2024-03-28
ord_08287,cust_0199,shipped,2024-02-13,2024-02-19,2024-03-03
ord_08288,cust_0005,shipped,2024-10-03,2024-10-18,2024-10-23
ord_08289,cust_0066,canceled,2024-06-06,2024-06-28,2024-06-29
ord_08290,cust_0248,delivered,2024-07-23,2024-08-12,2024-08-12
ord_08291,cust_0194,shipped,2024-03-04,2024-03-19,2024-03-22
ord_08292,cust_0421,canceled,2024-09-11,2024-10-07,2024-10-03
ord_08293,cust_0460,canceled,2024-01-23,2024-01-31,2024-02-01
ord_08294,cust_0045,shipped,2024-09-11,2024-09-18,2024-09-24
ord_08295,cust_0092,shipped,2024-06-14,2024-06-21,2024-06-29
ord_08296,cust_0424,processing,2024-06-23,2024-06-30,2024-07-10
ord_08297,cust_0165,canceled,2024-01-18,2024-01-21,2024-02-10
ord_08298,cust_0232,shipped,2024-11-03,2024-11-18,2024-11-12
ord_08299,cust_0174,shipped,2024-02-25,2024-03-10,2024-03-04
ord_08300,cust_0465,shipped,2024-01-05,2024-01-28,2024-01-23
ord_08301,cust_0097,delivered,2024-06-18,2024-06-27,2024-06-27
ord_08302,cust_0471,processing,2024-09-20,2024-10-01,2024-10-08
ord_08303,cust_0148,shipped,2024-01-09,2024-01-22,2024-01-23
ord_08304,cust_0372,delivered,2024-05-04,2024-05-11,2024-05-15
ord_08305,cust_0453,shipped,2024-01-04,2024-01-26,2024-01-13
ord_08306,cust_0456,shipped,2024-10-23,2024-11-03,2024-11-07
ord_08307,cust_0466,delivered,2024-02-25,2024-03-24,2024-03-11
ord_08308,cust_0414,processing,2024-05-23,2024-06-22,2024-05-30
ord_08309,cust_0356,shipped,2024-09-19,2024-09-29,2024-10-04
ord_08310,cust_0449,processing,2024-12-14,2025-01-12,2025-01-04
ord_08311,cust_0078,canceled,2024-10-29,2024-11-25,2024-11-22
ord_08312,cust_0050,delivered,2024-01-24,2024-02-20,2024-02-04
ord_08313,cust_0117,delivered,2024-08-06,2024-08-25,2024-08-17
ord_08314,cust_0444,delivered,2024-04-21,2024-05-09,2024-05-16
ord_08315,cust_0492,delivered,2024-09-14,2024-09-20,2024-09-21
ord_08316,cust_0078,canceled,2024-12-14,2025-01-04,2025-01-02
ord_08317,cust_0238,processing,2024-03-24,2024-04-09,2024-04-11
ord_08318,cust_0186,processing,2024-04-21,2024-05-15,2024-05-08
ord_08319,cust_0444,shipped,2024-08-19,2024-08-31,2024-09-06
ord_08320,cust_0258,shipped,2024-08-01,2024-08-10,2024-08-17
ord_08321,cust_0422,shipped,2024-04-10,2024-05-06,2024-05-02
ord_08322,cust_0383,shipped,2024-06-10,2024-06-22,2024-06-26
ord_08323,cust_0104,canceled,2024-03-06,2024-03-29,2024-03-23
ord_08324,cust_0497,shipped,2024-02-29,2024-03-05,2024-03-21
ord_08325,cust_0024,shipped,2024-10-10,2024-10-13,2024-10-27
ord_08326,cust_0118,shipped,2024-05-08,2024-05-21,2024-05-26
ord_08327,cust_0004,canceled,2024-09-18,2024-10-06,2024-09-30
ord_08328,cust_0223,processing,2024-08-13,2024-08-28,2024-09-04
ord_08329,cust_0273,shipped,2024-07-12,2024-08-06,2024-07-20
ord_08330,cust_0154,canceled,2024-10-03,2024-10-23,2024-10-25
ord_08331,cust_0229,delivered,2024-12-27,2025-01-21,2025-01-19
ord_08332,cust_0321,processing,2024-12-06,2024-12-13,2024-12-14
ord_08333,cust_0351,shipped,2024-06-09,2024-06-18,2024-06-18
ord_08334,cust_0310,shipped,2024-07-18,2024-08-07,2024-08-05
ord_08335,cust_0203,shipped,2024-02-22,2024-03-07,2024-03-04
ord_08336,cust_0247,canceled,2024-02-18,2024-03-13,2024-02-26
ord_08337,cust_0405,canceled,2024-12-30,2025-01-04,2025-01-14
ord_08338,cust_0008,processing,2024-04-22,2024-04-25,2024-05-02
ord_08339,cust_0183,shipped,2024-02-11,2024-02-22,2024-02-27
ord_08340,cust_0477,canceled,2024-10-29,2024-11-26,2024-11-17
ord_08341,cust_0160,canceled,2024-06-29,2024-07-24,2024-07-20
ord_08342,cust_0305,processing,2024-04-14,2024-04-23,2024-04-23
ord_08343,cust_0350,canceled,2024-02-19,2024-03-18,2024-02-29
ord_08344,cust_0455,canceled,2024-04-26,2024-05-06,2024-05-10
ord_08345,cust_0319,processing,2024-10-24,2024-11-10,2024-11-05
ord_08346,cust_0048,delivered,2024-11-11,2024-11-28,2024-11-18
ord_08347,cust_0406,canceled,2024-01-24,2024-02-19,2024-02-06
ord_08348,cust_0308,processing,2024-04-25,2024-05-07,2024-05-11
ord_08349,cust_0359,canceled,2024-07-05,2024-07-31,2024-07-29
ord_08350,cust_0321,delivered,2024-10-09,2024-11-03,2024-10-29
ord_08351,cust_0048,processing,2024-09-28,2024-10-17,2024-10-21
ord_08352,cust_0486,shipped,2024-09-19,2024-10-04,2024-09-27
ord_08353,cust_0303,shipped,2024-02-29,2024-03-14,2024-03-25
ord_08354,cust_0112,processing,2024-09-12,2024-10-04,2024-09-27
ord_08355,cust_0066,processing,2024-08-11,2024-08-21,2024-09-03
ord_08356,cust_0488,shipped,2024-05-27,2024-06-17,2024-06-04
ord_08357,cust_0086,shipped,2024-04-19,2024-04-25,2024-05-01
ord_08358,cust_0136,delivered,2024-04-27,2024-05-27,2024-05-14
ord_08359,cust_0231,shipped,2024-08-12,2024-08-15,2024-08-28
ord_08360,cust_0375,shipped,2024-12-17,2024-12-23,2025-01-02
ord_08361,cust_0159,processing,2024-07-21,2024-08-10,2024-08-11
ord_08362,cust_0131,delivered,2024-08-29,2024-09-24,2024-09-20
ord_08363,cust_0207,processing,2024-08-23,2024-08-26,2024-09-06
ord_08364,cust_0206,delivered,2024-07-29,2024-08-28,2024-08-16
ord_08365,cust_0194,shipped,2024-01-02,2024-01-26,2024-01-23
ord_08366,cust_0437,shipped,2024-03-23,2024-04-22,2024-04-16
ord_08367,cust_0404,shipped,2024-03-02,2024-04-01,2024-03-14
ord_08368,cust_0440,processing,2024-03-02,2024-03-23,2024-03-15
ord_08369,cust_0285,canceled,2024-10-02,2024-10-10,2024-10-24
ord_08370,cust_0134,shipped,2024-08-13,2024-08-20,2024-09-02
ord_08371,cust_0436,delivered,2024-11-02,2024-11-11,2024-11-15
ord_08372,cust_0330,processing,2024-06-02,2024-06-28,2024-06-20
ord_08373,cust_0461,processing,2024-10-18,2024-10-26,2024-10-26
ord_08374,cust_0017,canceled,2024-07-24,2024-08-17,2024-08-12
ord_08375,cust_0049,shipped,2024-10-05,2024-10-19,2024-10-19
ord_08376,cust_0106,canceled,2024-04-13,2024-04-24,2024-04-28
ord_08377,cust_0297,delivered,2024-09-23,2024-10-21,2024-10-08
ord_08378,cust_0441,processing,2024-02-27,2024-03-17,2024-03-14
ord_08379,cust_0496,canceled,2024-06-28,2024-07-04,2024-07-09
ord_08380,cust_0447,processing,2024-04-02,2024-04-08,2024-04-09
ord_08381,cust_0350,delivered,2024-04-30,2024-05-17,2024-05-24
ord_08382,cust_0158,shipped,2024-08-30,2024-09-26,2024-09-06
ord_08383,cust_0049,delivered,2024-07-11,2024-07-22,2024-08-03
ord_08384,cust_0297,canceled,2024-12-18,2025-01-03,2025-01-04
ord_08385,cust_0413,canceled,2024-07-04,2024-07-30,2024-07-28
ord_08386,cust_0038,shipped,2024-10-20,2024-10-31,2024-11-01
ord_08387,cust_0472,delivered,2024-09-12,2024-10-03,2024-09-25
ord_08388,cust_0100,processing,2024-04-16,2024-05-13,2024-05-06
ord_08389,cust_0091,processing,2024-06-21,2024-07-12,2024-07-13
ord_08390,cust_0267,processing,2024-07-23,2024-08-09,2024-08-12
ord_08391,cust_0291,shipped,2024-08-31,2024-09-18,2024-09-18
ord_08392,cust_0218,delivered,2024-07-03,2024-07-31,2024-07-27
ord_08393,cust_0046,processing,2024-04-16,2024-05-15,2024-05-02
ord_08394,cust_0300,canceled,2024-05-11,2024-06-02,2024-05-20
ord_08395,cust_0013,canceled,2024-04-22,2024-05-19,2024-05-16
ord_08396,cust_0438,shipped,2024-04-01,2024-04-17,2024-04-23
ord_08397,cust_0348,processing,2024-04-08,2024-04-17,2024-04-15
ord_08398,cust_0444,delivered,2024-07-26,2024-08-01,2024-08-13
ord_08399,cust_0042,shipped,2024-01-17,2024-01-23,2024-01-26
ord_08400,cust_0158,delivered,2024-11-08,2024-11-14,2024-11-25
ord_08401,cust_0384,shipped,2024-06-06,2024-06-18,2024-06-18
ord_08402,cust_0317,shipped,2024-07-30,2024-08-10,2024-08-21
ord_08403,cust_0310,delivered,2024-02-08,2024-02-19,2024-03-04
ord_08404,cust_0487,processing,2024-02-14,2024-02-17,2024-03-08
ord_08405,cust_0398,canceled,2024-02-19,2024-03-18,2024-03-09
ord_08406,cust_0160,delivered,2024-08-23,2024-09-17,2024-08-30
ord_08407,cust_0272,delivered,2024-06-24,2024-07-12,2024-07-08
ord_08408,cust_0196,processing,2024-07-14,2024-07-31,2024-08-08
ord_08409,cust_0232,shipped,2024-12-07,2024-12-17,2024-12-26
ord_08410,cust_0061,delivered,2024-01-19,2024-02-09,2024-02-07
ord_08411,cust_0235,shipped,2024-04-02,2024-04-29,2024-04-15
ord_08412,cust_0346,shipped,2024-08-09,2024-08-21,2024-08-23
ord_08413,cust_0409,processing,2024-01-30,2024-02-13,2024-02-22
ord_08414,cust_0082,canceled,2024-10-17,2024-11-07,2024-11-07
ord_08415,cust_0054,canceled,2024-07-04,2024-07-26,2024-07-26
ord_08416,cust_0317,shipped,2024-07-04,2024-07-28,2024-07-25
ord_08417,cust_0240,delivered,2024-03-21,2024-04-17,2024-04-12
ord_08418,cust_0158,delivered,2024-03-01,2024-03-07,2024-03-18
ord_08419,cust_0106,shipped,2024-08-26,2024-09-19,2024-09-17
ord_08420,cust_0218,canceled,2024-07-30,2024-08-02,2024-08-24
ord_08421,cust_0353,processing,2024-07-27,2024-08-15,2024-08-20
ord_08422,cust_0176,processing,2024-02-02,2024-02-06,2024-02-25
ord_08423,cust_0194,processing,2024-04-12,2024-04-26,2024-05-05
ord_08424,cust_0486,shipped,2024-10-29,2024-11-10,2024-11-11
ord_08425,cust_0453,processing,2024-07-29,2024-08-09,2024-08-13
ord_08426,cust_0103,shipped,2024-01-27,2024-02-04,2024-02-15
ord_08427,cust_0337,processing,2024-09-07,2024-09-22,2024-09-29
ord_08428,cust_0414,canceled,2024-06-28,2024-07-20,2024-07-17
ord_08429,cust_0336,processing,2024-06-20,2024-07-09,2024-07-11
ord_08430,cust_0420,canceled,2024-07-16,2024-08-07,2024-07-31
ord_08431,cust_0179,canceled,2024-08-14,2024-09-09,2024-08-23
ord_08432,cust_0141,processing,2024-11-17,2024-12-15,2024-12-01
ord_08433,cust_0332,delivered,2024-05-09,2024-06-08,2024-05-26
ord_08434,cust_0013,canceled,2024-11-22,2024-11-29,2024-12-07
ord_08435,cust_0087,delivered,2024-05-03,2024-05-20,2024-05-25
ord_08436,cust_0348,processing,2024-10-13,2024-11-08,2024-10-28
ord_08437,cust_0171,delivered,2024-06-10,2024-06-20,2024-06-25
ord_08438,cust_0144,delivered,2024-05-01,2024-05-18,2024-05-19
ord_08439,cust_0192,shipped,2024-09-03,2024-09-22,2024-09-10
ord_08440,cust_0374,canceled,2024-09-29,2024-10-08,2024-10-12
ord_08441,cust_0096,delivered,2024-07-25,2024-08-15,2024-08-07
ord_08442,cust_0156,delivered,2024-05-06,2024-05-22,2024-05-25
ord_08443,cust_0244,shipped,2024-12-22,2025-01-02,2024-12-29
ord_08444,cust_0496,canceled,2024-08-22,2024-08-31,2024-08-30
ord_08445,cust_0370,processing,2024-02-14,2024-02-28,2024-02-21
ord_08446,cust_0430,delivered,2024-04-21,2024-04-29,2024-05-06
ord_08447,cust_0411,shipped,2024-06-09,2024-06-15,2024-06-17
ord_08448,cust_0118,processing,2024-07-27,2024-08-10,2024-08-19
ord_08449,cust_0106,shipped,2024-11-19,2024-12-10,2024-12-09
ord_08450,cust_0144,processing,2024-05-29,2024-06-13,2024-06-19
ord_08451,cust_0443,processing,2024-05-16,2024-06-10,2024-06-04
ord_08452,cust_0436,shipped,2024-01-20,2024-01-30,2024-02-02
ord_08453,cust_0318,processing,2024-09-05,2024-09-14,2024-09-30
ord_08454,cust_0305,shipped,2024-05-15,2024-05-21,2024-06-01
ord_08455,cust_0146,delivered,2024-01-28,2024-02-22,2024-02-22
ord_08456,cust_0092,processing,2024-01-28,2024-02-02,2024-02-04
ord_08457,cust_0412,delivered,2024-08-11,2024-08-15,2024-09-02
ord_08458,cust_0059,processing,2024-12-15,2025-01-14,2025-01-01
ord_08459,cust_0304,processing,2024-06-02,2024-06-21,2024-06-17
ord_08460,cust_0104,shipped,2024-08-31,2024-09-21,2024-09-22
ord_08461,cust_0219,delivered,2024-04-30,2024-05-30,2024-05-07
ord_08462,cust_0456,canceled,2024-05-14,2024-05-25,2024-05-27
ord_08463,cust_0139,processing,2024-08-16,2024-09-15,2024-09-03
ord_08464,cust_0438,canceled,2024-09-27,2024-10-18,2024-10-10
ord_08465,cust_0343,shipped,2024-01-12,2024-02-09,2024-01-30
ord_08466,cust_0390,processing,2024-07-28,2024-08-01,2024-08-09
ord_08467,cust_0441,processing,2024-01-15,2024-02-10,2024-02-03
ord_08468,cust_0031,processing,2024-06-20,2024-07-06,2024-07-12
ord_08469,cust_0349,delivered,2024-02-13,2024-03-07,2024-03-08
ord_08470,cust_0123,processing,2024-03-22,2024-04-13,2024-04-03
ord_08471,cust_0292,delivered,2024-02-18,2024-03-19,2024-03-02
ord_08472,cust_0237,canceled,2024-03-06,2024-03-15,2024-03-28
ord_08473,cust_0267,canceled,2024-07-05,2024-07-27,2024-07-30
ord_08474,cust_0466,shipped,2024-12-10,2024-12-16,2024-12-23
ord_08475,cust_0229,delivered,2024-09-12,2024-09-28,2024-10-05
ord_08476,cust_0399,delivered,2024-06-20,2024-07-15,2024-07-13
ord_08477,cust_0389,delivered,2024-09-07,2024-09-28,2024-09-16
ord_08478,cust_0433,canceled,2024-11-17,2024-12-15,2024-12-06
ord_08479,cust_0137,delivered,2024-03-01,2024-03-04,2024-03-21
ord_08480,cust_0271,shipped,2024-09-10,2024-09-14,2024-10-01
ord_08481,cust_0226,canceled,2024-10-02,2024-10-26,2024-10-18
ord_08482,cust_0117,canceled,2024-09-19,2024-09-28,2024-09-26
ord_08483,cust_0237,shipped,2024-09-21,2024-10-20,2024-10-09
ord_08484,cust_0338,canceled,2024-08-09,2024-09-08,2024-08-26
ord_08485,cust_0445,canceled,2024-12-19,2025-01-12,2024-12-26
ord_08486,cust_0246,shipped,2024-05-14,2024-06-05,2024-05-25
ord_08487,cust_0097,delivered,2024-09-20,2024-09-24,2024-09-27
ord_08488,cust_0126,processing,2024-08-19,2024-09-08,2024-09-11
ord_08489,cust_0220,processing,2024-05-11,2024-05-21,2024-05-20
ord_08490,cust_0425,canceled,2024-09-22,2024-10-05,2024-10-15
ord_08491,cust_0283,canceled,2024-05-13,2024-05-24,2024-05-21
ord_08492,cust_0103,shipped,2024-10-27,2024-11-05,2024-11-03
ord_08493,cust_0321,canceled,2024-11-16,2024-11-20,2024-12-07
ord_08494,cust_0080,processing,2024-08-11,2024-08-14,2024-08-28
ord_08495,cust_0064,canceled,2024-11-13,2024-12-05,2024-11-21
ord_08496,cust_0461,shipped,2024-03-22,2024-03-31,2024-03-30
ord_08497,cust_0196,shipped,2024-11-06,2024-11-28,2024-11-25
ord_08498,cust_0467,shipped,2024-04-22,2024-04-25,2024-05-04
ord_08499,cust_0181,canceled,2024-07-02,2024-08-01,2024-07-21
ord_08500,cust_0226,delivered,2024-01-02,2024-01-12,2024-01-09
ord_08501,cust_0412,shipped,2024-06-29,2024-07-10,2024-07-07
ord_08502,cust_0474,shipped,2024-12-15,2025-01-01,2024-12-28
ord_08503,cust_0444,canceled,2024-01-14,2024-01-20,2024-01-25
ord_08504,cust_0500,canceled,2024-04-20,2024-04-25,2024-05-14
ord_08505,cust_0066,shipped,2024-01-03,2024-01-06,2024-01-19
ord_08506,cust_0072,delivered,2024-02-10,2024-03-05,2024-03-05
ord_08507,cust_0478,shipped,2024-12-20,2025-01-19,2025-01-08
ord_08508,cust_0448,delivered,2024-01-29,2024-02-10,2024-02-21
ord_08509,cust_0122,delivered,2024-12-20,2024-12-24,2025-01-14
ord_08510,cust_0148,processing,2024-06-26,2024-07-08,2024-07-19
ord_08511,cust_0228,processing,2024-04-21,2024-05-10,2024-05-09
ord_08512,cust_0301,shipped,2024-11-03,2024-11-20,2024-11-16
ord_08513,cust_0327,canceled,2024-05-18,2024-06-16,2024-06-04
ord_08514,cust_0192,delivered,2024-05-01,2024-05-20,2024-05-11
ord_08515,cust_0075,shipped,2024-10-01,2024-10-09,2024-10-23
ord_08516,cust_0224,canceled,2024-09-20,2024-10-20,2024-10-01
ord_08517,cust_0445,delivered,2024-03-08,2024-03-29,2024-03-26
ord_08518,cust_0446,canceled,2024-09-15,2024-09-28,2024-09-27
ord_08519,cust_0352,processing,2024-07-05,2024-07-28,2024-07-26
ord_08520,cust_0339,delivered,2024-09-27,2024-10-25,2024-10-20
ord_08521,cust_0022,shipped,2024-06-21,2024-07-04,2024-07-16
ord_08522,cust_0295,processing,2024-01-28,2024-02-16,2024-02-07
ord_08523,cust_0135,processing,2024-11-13,2024-11-26,2024-11-29
ord_08524,cust_0008,canceled,2024-07-17,2024-07-23,2024-08-03
ord_08525,cust_0300,delivered,2024-09-19,2024-10-09,2024-10-05
ord_08526,cust_0262,shipped,2024-06-15,2024-07-11,2024-06-22
ord_08527,cust_0209,canceled,2024-12-01,2024-12-12,2024-12-17
ord_08528,cust_0014,processing,2024-01-22,2024-02-01,2024-02-08
ord_08529,cust_0178,canceled,2024-07-30,2024-08-21,2024-08-17
ord_08530,cust_0189,canceled,2024-11-03,2024-11-28,2024-11-16
ord_08531,cust_0440,delivered,2024-09-17,2024-10-06,2024-09-26
ord_08532,cust_0340,shipped,2024-09-16,2024-10-13,2024-09-27
ord_08533,cust_0154,processing,2024-08-16,2024-09-02,2024-09-02
ord_08534,cust_0479,processing,2024-08-19,2024-09-11,2024-09-10
ord_08535,cust_0448,shipped,2024-05-19,2024-06-02,2024-06-13
ord_08536,cust_0065,shipped,2024-07-08,2024-07-20,2024-07-18
ord_08537,cust_0436,canceled,2024-09-20,2024-10-07,2024-10-01
ord_08538,cust_0248,processing,2024-10-27,2024-11-24,2024-11-10
ord_08539,cust_0253,delivered,2024-11-11,2024-11-15,2024-11-18
ord_08540,cust_0458,canceled,2024-12-29,2025-01-10,2025-01-15
ord_08541,cust_0427,canceled,2024-11-03,2024-11-15,2024-11-27
ord_08542,cust_0237,canceled,2024-10-18,2024-11-12,2024-11-07
ord_08543,cust_0068,shipped,2024-02-24,2024-03-11,2024-03-15
ord_08544,cust_0404,processing,2024-12-13,2025-01-03,2024-12-30
ord_08545,cust_0061,shipped,2024-12-03,2025-01-02,2024-12-25
ord_08546,cust_0114,canceled,2024-06-17,2024-07-01,2024-07-12
ord_08547,cust_0221,processing,2024-01-16,2024-01-24,2024-02-06
ord_08548,cust_0193,canceled,2024-05-14,2024-06-05,2024-05-21
ord_08549,cust_0467,shipped,2024-03-04,2024-04-01,2024-03-15
ord_08550,cust_0204,canceled,2024-09-08,2024-09-15,2024-09-30
ord_08551,cust_0483,canceled,2024-04-11,2024-05-09,2024-04-20
ord_08552,cust_0142,delivered,2024-07-07,2024-07-13,2024-07-20
ord_08553,cust_0029,canceled,2024-09-11,2024-10-04,2024-09-19
ord_08554,cust_0285,shipped,2024-05-24,2024-06-07,2024-06-10
ord_08555,cust_0319,canceled,2024-05-28,2024-06-11,2024-06-15
ord_08556,cust_0491,delivered,2024-07-05,2024-07-21,2024-07-17
ord_08557,cust_0105,canceled,2024-08-05,2024-08-25,2024-08-18
ord_08558,cust_0213,delivered,2024-12-02,2024-12-20,2024-12-22
ord_08559,cust_0389,delivered,2024-10-13,2024-11-11,2024-10-31
ord_08560,cust_0047,delivered,2024-06-03,2024-07-01,2024-06-28
ord_08561,cust_0151,shipped,2024-09-14,2024-09-30,2024-09-22
ord_08562,cust_0190,canceled,2024-02-10,2024-02-28,2024-02-19
ord_08563,cust_0165,shipped,2024-12-14,2025-01-01,2025-01-07
ord_08564,cust_0234,shipped,2024-02-17,2024-03-11,2024-03-13
ord_08565,cust_0197,delivered,2024-04-24,2024-05-09,2024-05-18
ord_08566,cust_0446,delivered,2024-11-11,2024-12-05,2024-11-25
ord_08567,cust_0019,canceled,2024-12-08,2025-01-01,2024-12-28
ord_08568,cust_0046,delivered,2024-11-26,2024-12-20,2024-12-03
ord_08569,cust_0101,delivered,2024-07-07,2024-07-21,2024-07-31
ord_08570,cust_0431,shipped,2024-02-17,2024-02-23,2024-03-06
ord_08571,cust_0208,canceled,2024-03-29,2024-04-02,2024-04-10
ord_08572,cust_0352,shipped,2024-01-25,2024-01-29,2024-02-07
ord_08573,cust_0222,shipped,2024-12-28,2025-01-06,2025-01-22
ord_08574,cust_0095,delivered,2024-09-12,2024-10-03,2024-09-20
ord_08575,cust_0279,processing,2024-12-06,2024-12-30,2024-12-20
ord_08576,cust_0287,shipped,2024-09-22,2024-09-30,2024-10-01
ord_08577,cust_0488,processing,2024-09-27,2024-10-09,2024-10-13
ord_08578,cust_0396,processing,2024-09-23,2024-09-29,2024-10-13
ord_08579,cust_0383,canceled,2024-08-09,2024-08-24,2024-08-23
ord_08580,cust_0279,shipped,2024-03-10,2024-04-05,2024-03-17
ord_08581,cust_0096,canceled,2024-06-02,2024-06-21,2024-06-11
ord_08582,cust_0223,canceled,2024-04-05,2024-05-01,2024-04-24
ord_08583,cust_0373,processing,2024-09-03,2024-09-14,2024-09-14
ord_08584,cust_0132,processing,2024-06-06,2024-06-17,2024-06-13
ord_08585,cust_0393,shipped,2024-11-27,2024-12-17,2024-12-10
ord_08586,cust_0209,shipped,2024-09-10,2024-10-02,2024-09-30
ord_08587,cust_0266,delivered,2024-08-14,2024-09-05,2024-08-31
ord_08588,cust_0243,processing,2024-12-15,2025-01-09,2025-01-08
ord_08589,cust_0087,canceled,2024-06-03,2024-06-14,2024-06-28
ord_08590,cust_0340,delivered,2024-07-17,2024-08-05,2024-08-07
ord_08591,cust_0418,shipped,2024-06-05,2024-06-16,2024-06-24
ord_08592,cust_0128,delivered,2024-10-18,2024-11-09,2024-11-04
ord_08593,cust_0207,canceled,2024-06-16,2024-06-29,2024-07-06
ord_08594,cust_0315,canceled,2024-11-30,2024-12-07,2024-12-13
ord_08595,cust_0406,delivered,2024-01-06,2024-01-13,2024-01-25
ord_08596,cust_0138,processing,2024-10-11,2024-11-01,2024-10-30
ord_08597,cust_0033,delivered,2024-07-18,2024-08-03,2024-08-10
ord_08598,cust_0430,shipped,2024-12-04,2024-12-24,2024-12-16
ord_08599,cust_0125,shipped,2024-10-22,2024-11-19,2024-11-02
ord_08600,cust_0252,shipped,2024-05-16,2024-05-31,2024-06-09
ord_08601,cust_0240,shipped,2024-04-05,2024-04-09,2024-04-19
ord_08602,cust_0397,canceled,2024-04-27,2024-05-15,2024-05-21
ord_08603,cust_0105,processing,2024-01-28,2024-02-12,2024-02-06
ord_08604,cust_0494,canceled,2024-09-08,2024-09-20,2024-10-01
ord_08605,cust_0027,canceled,2024-09-10,2024-09-29,2024-09-24
ord_08606,cust_0198,canceled,2024-06-17,2024-06-30,2024-07-12
ord_08607,cust_0340,processing,2024-12-11,2025-01-07,2025-01-01
ord_08608,cust_0423,processing,2024-11-29,2024-12-28,2024-12-17
ord_08609,cust_0347,delivered,2024-09-14,2024-09-29,2024-10-08
ord_08610,cust_0035,shipped,2024-01-28,2024-02-11,2024-02-14
ord_08611,cust_0334,processing,2024-07-21,2024-08-13,2024-08-12
ord_08612,cust_0482,canceled,2024-05-13,2024-06-05,2024-05-28
ord_08613,cust_0085,processing,2024-04-19,2024-05-05,2024-05-03
ord_08614,cust_0055,canceled,2024-01-19,2024-02-02,2024-02-08
ord_08615,cust_0452,canceled,2024-08-10,2024-08-24,2024-08-23
ord_08616,cust_0032,canceled,2024-05-09,2024-05-17,2024-05-17
ord_08617,cust_0221,processing,2024-03-18,2024-03-23,2024-04-10
ord_08618,cust_0444,canceled,2024-05-08,2024-05-25,2024-05-18
ord_08619,cust_0167,delivered,2024-03-11,2024-03-15,2024-03-25
ord_08620,cust_0293,canceled,2024-11-19,2024-12-10,2024-11-28
ord_08621,cust_0412,canceled,2024-12-09,2025-01-02,2024-12-16
ord_08622,cust_0121,shipped,2024-07-28,2024-08-11,2024-08-07
ord_08623,cust_0164,delivered,2024-06-11,2024-07-11,2024-07-05
ord_08624,cust_0097,shipped,2024-10-05,2024-10-10,2024-10-20
ord_08625,cust_0257,processing,2024-04-05,2024-04-30,2024-04-30
ord_08626,cust_0096,processing,2024-08-04,2024-08-20,2024-08-17
ord_08627,cust_0400,canceled,2024-12-09,2024-12-30,2024-12-17
ord_08628,cust_0281,delivered,2024-03-06,2024-03-15,2024-03-19
ord_08629,cust_0472,delivered,2024-01-01,2024-01-16,2024-01-09
ord_08630,cust_0187,shipped,2024-09-08,2024-09-12,2024-09-16
ord_08631,cust_0271,canceled,2024-03-05,2024-03-27,2024-03-14
ord_08632,cust_0298,processing,2024-06-27,2024-07-14,2024-07-13
ord_08633,cust_0171,shipped,2024-07-04,2024-07-26,2024-07-11
ord_08634,cust_0180,processing,2024-08-30,2024-09-02,2024-09-11
ord_08635,cust_0111,canceled,2024-02-18,2024-02-24,2024-03-05
ord_08636,cust_0023,canceled,2024-09-14,2024-10-13,2024-09-27
ord_08637,cust_0246,canceled,2024-01-04,2024-01-27,2024-01-26
ord_08638,cust_0220,delivered,2024-03-04,2024-03-14,2024-03-12
ord_08639,cust_0460,shipped,2024-01-06,2024-01-28,2024-01-17
ord_08640,cust_0301,processing,2024-02-25,2024-03-11,2024-03-20
ord_08641,cust_0422,processing,2024-05-27,2024-06-09,2024-06-09
ord_08642,cust_0123,shipped,2024-02-26,2024-03-09,2024-03-18
ord_08643,cust_0043,shipped,2024-01-23,2024-02-04,2024-02-06
ord_08644,cust_0410,delivered,2024-08-15,2024-08-27,2024-08-29
ord_08645,cust_0211,canceled,2024-04-01,2024-04-17,2024-04-21
ord_08646,cust_0090,shipped,2024-07-22,2024-08-21,2024-07-30
ord_08647,cust_0464,processing,2024-04-13,2024-04-28,2024-04-22
ord_08648,cust_0012,processing,2024-07-01,2024-07-14,2024-07-24
ord_08649,cust_0167,canceled,2024-03-15,2024-03-26,2024-04-05
ord_08650,cust_0234,shipped,2024-06-22,2024-06-29,2024-07-12
ord_08651,cust_0208,processing,2024-01-28,2024-02-21,2024-02-11
ord_08652,cust_0371,canceled,2024-01-30,2024-02-06,2024-02-20
ord_08653,cust_0456,canceled,2024-02-27,2024-03-01,2024-03-05
ord_08654,cust_0250,delivered,2024-12-16,2025-01-01,2025-01-09
ord_08655,cust_0164,processing,2024-08-06,2024-08-27,2024-08-13
ord_08656,cust_0498,shipped,2024-02-08,2024-03-06,2024-02-17
ord_08657,cust_0047,processing,2024-02-12,2024-03-08,2024-03-06
ord_08658,cust_0415,shipped,2024-08-20,2024-09-19,2024-09-02
ord_08659,cust_0295,shipped,2024-05-03,2024-05-17,2024-05-16
ord_08660,cust_0323,canceled,2024-12-22,2025-01-01,2024-12-29
ord_08661,cust_0376,canceled,2024-05-19,2024-06-07,2024-06-04
ord_08662,cust_0170,processing,2024-02-11,2024-03-12,2024-03-02
ord_08663,cust_0152,shipped,2024-01-29,2024-02-15,2024-02-23
ord_08664,cust_0362,shipped,2024-03-15,2024-04-14,2024-03-25
ord_08665,cust_0091,processing,2024-01-17,2024-01-24,2024-02-01
ord_08666,cust_0384,canceled,2024-12-15,2024-12-26,2025-01-04
ord_08667,cust_0379,delivered,2024-11-17,2024-12-11,2024-12-04
ord_08668,cust_0370,delivered,2024-10-20,2024-10-23,2024-10-31
ord_08669,cust_0166,canceled,2024-06-04,2024-06-09,2024-06-13
ord_08670,cust_0399,canceled,2024-10-05,2024-10-24,2024-10-13
ord_08671,cust_0098,canceled,2024-02-20,2024-02-24,2024-03-05
ord_08672,cust_0371,shipped,2024-07-19,2024-08-15,2024-08-06
ord_08673,cust_0392,shipped,2024-04-24,2024-05-10,2024-05-07
ord_08674,cust_0363,canceled,2024-01-04,2024-01-17,2024-01-26
ord_08675,cust_0239,delivered,2024-12-24,2025-01-05,2025-01-06
ord_08676,cust_0461,canceled,2024-01-02,2024-01-23,2024-01-26
ord_08677,cust_0120,processing,2024-03-02,2024-03-17,2024-03-17
ord_08678,cust_0050,processing,2024-08-17,2024-08-21,2024-08-28
ord_08679,cust_0226,delivered,2024-01-06,2024-02-04,2024-01-21
ord_08680,cust_0175,shipped,2024-02-26,2024-03-26,2024-03-09
ord_08681,cust_0442,shipped,2024-10-09,2024-11-02,2024-10-23
ord_08682,cust_0382,processing,2024-11-17,2024-12-16,2024-12-12
ord_08683,cust_0192,processing,2024-02-17,2024-03-05,2024-03-12
ord_08684,cust_0194,processing,2024-09-27,2024-10-03,2024-10-18
ord_08685,cust_0310,delivered,2024-07-10,2024-07-14,2024-07-28
ord_08686,cust_0496,shipped,2024-09-09,2024-10-05,2024-09-23
ord_08687,cust_0030,canceled,2024-01-16,2024-02-12,2024-01-25
ord_08688,cust_0043,processing,2024-07-04,2024-08-02,2024-07-29
ord_08689,cust_0097,shipped,2024-11-06,2024-12-03,2024-11-30
ord_08690,cust_0302,shipped,2024-11-29,2024-12-04,2024-12-21
ord_08691,cust_0015,canceled,2024-07-11,2024-07-23,2024-08-02
ord_08692,cust_0180,canceled,2024-06-02,2024-06-06,2024-06-21
ord_08693,cust_0379,canceled,2024-06-30,2024-07-29,2024-07-11
ord_08694,cust_0240,delivered,2024-10-19,2024-10-28,2024-11-06
ord_08695,cust_0443,canceled,2024-12-05,2024-12-23,2024-12-24
ord_08696,cust_0201,shipped,2024-01-04,2024-01-25,2024-01-19
ord_08697,cust_0451,canceled,2024-01-07,2024-01-25,2024-01-31
ord_08698,cust_0231,delivered,2024-08-05,2024-08-12,2024-08-17
ord_08699,cust_0211,delivered,2024-10-24,2024-11-17,2024-11-05
ord_08700,cust_0404,delivered,2024-03-06,2024-04-04,2024-03-25
ord_08701,cust_0263,delivered,2024-03-03,2024-03-23,2024-03-23
ord_08702,cust_0224,delivered,2024-03-01,2024-03-04,2024-03-15
ord_08703,cust_0302,canceled,2024-10-27,2024-11-19,2024-11-05
ord_08704,cust_0035,processing,2024-10-19,2024-10-22,2024-11-12
ord_08705,cust_0070,processing,2024-01-26,2024-01-30,2024-02-08
ord_08706,cust_0271,delivered,2024-12-19,2025-01-03,2024-12-31
ord_08707,cust_0237,processing,2024-06-25,2024-07-25,2024-07-18
ord_08708,cust_0402,delivered,2024-09-08,2024-10-08,2024-09-30
ord_08709,cust_0238,shipped,2024-02-13,2024-02-24,2024-03-09
ord_08710,cust_0067,delivered,2024-12-23,2025-01-07,2025-01-15
ord_08711,cust_0219,processing,2024-02-23,2024-03-15,2024-03-11
ord_08712,cust_0494,processing,2024-06-05,2024-06-21,2024-06-12
ord_08713,cust_0493,canceled,2024-08-18,2024-08-27,2024-09-04
ord_08714,cust_0352,delivered,2024-07-18,2024-08-12,2024-08-12
ord_08715,cust_0077,delivered,2024-10-30,2024-11-28,2024-11-11
ord_08716,cust_0498,shipped,2024-06-30,2024-07-30,2024-07-10
ord_08717,cust_0439,processing,2024-07-07,2024-07-22,2024-07-21
ord_08718,cust_0401,shipped,2024-05-24,2024-06-19,2024-06-16
ord_08719,cust_0254,canceled,2024-06-29,2024-07-03,2024-07-07
ord_08720,cust_0383,canceled,2024-02-24,2024-03-11,2024-03-16
ord_08721,cust_0097,canceled,2024-09-25,2024-10-11,2024-10-17
ord_08722,cust_0067,delivered,2024-10-04,2024-10-10,2024-10-28
ord_08723,cust_0135,processing,2024-09-07,2024-10-03,2024-09-29
ord_08724,cust_0311,shipped,2024-05-24,2024-06-11,2024-06-14
ord_08725,cust_0336,canceled,2024-07-10,2024-08-09,2024-07-27
ord_08726,cust_0191,processing,2024-04-20,2024-05-10,2024-05-04
ord_08727,cust_0241,delivered,2024-11-05,2024-11-26,2024-11-30
ord_08728,cust_0396,delivered,2024-03-31,2024-04-14,2024-04-11
ord_08729,cust_0032,processing,2024-02-11,2024-03-04,2024-02-24
ord_08730,cust_0064,shipped,2024-05-10,2024-05-26,2024-06-04
ord_08731,cust_0058,delivered,2024-07-14,2024-08-11,2024-08-05
ord_08732,cust_0295,shipped,2024-10-18,2024-11-03,2024-11-12
ord_08733,cust_0348,delivered,2024-04-17,2024-05-01,2024-05-01
ord_08734,cust_0126,processing,2024-04-18,2024-05-11,2024-04-27
ord_08735,cust_0165,processing,2024-10-12,2024-10-21,2024-10-20
ord_08736,cust_0409,processing,2024-09-28,2024-10-05,2024-10-21
ord_08737,cust_0169,canceled,2024-07-10,2024-07-20,2024-07-24
ord_08738,cust_0028,shipped,2024-04-01,2024-04-17,2024-04-13
ord_08739,cust_0398,processing,2024-11-02,2024-11-26,2024-11-17
ord_08740,cust_0064,delivered,2024-05-09,2024-05-27,2024-06-01
ord_08741,cust_0207,shipped,2024-04-05,2024-04-25,2024-04-17
ord_08742,cust_0063,processing,2024-05-28,2024-06-23,2024-06-15
ord_08743,cust_0410,shipped,2024-04-28,2024-05-19,2024-05-10
ord_08744,cust_0043,processing,2024-03-11,2024-04-01,2024-03-25
ord_08745,cust_0221,canceled,2024-11-26,2024-12-13,2024-12-19
ord_08746,cust_0291,canceled,2024-01-05,2024-02-02,2024-01-19
ord_08747,cust_0192,delivered,2024-12-17,2025-01-12,2025-01-07
ord_08748,cust_0355,processing,2024-06-10,2024-06-23,2024-07-02
ord_08749,cust_0041,processing,2024-09-04,2024-10-01,2024-09-29
ord_08750,cust_0469,shipped,2024-06-02,2024-06-11,2024-06-11
ord_08751,cust_0155,canceled,2024-12-08,2024-12-20,2024-12-21
ord_08752,cust_0258,delivered,2024-04-15,2024-04-29,2024-04-29
ord_08753,cust_0254,canceled,2024-02-05,2024-03-01,2024-02-22
ord_08754,cust_0073,processing,2024-01-17,2024-02-16,2024-02-11
ord_08755,cust_0264,delivered,2024-03-21,2024-03-25,2024-04-05
ord_08756,cust_0360,canceled,2024-04-06,2024-04-21,2024-05-01
ord_08757,cust_0214,shipped,2024-08-18,2024-09-10,2024-09-05
ord_08758,cust_0103,delivered,2024-11-09,2024-11-20,2024-11-22
ord_08759,cust_0456,processing,2024-07-27,2024-08-16,2024-08-15
ord_08760,cust_0275,canceled,2024-01-03,2024-01-31,2024-01-26
ord_08761,cust_0294,canceled,2024-06-15,2024-06-18,2024-07-04
ord_08762,cust_0330,canceled,2024-04-26,2024-05-23,2024-05-21
ord_08763,cust_0031,delivered,2024-05-16,2024-06-13,2024-05-26
ord_08764,cust_0440,processing,2024-01-09,2024-01-21,2024-01-20
ord_08765,cust_0319,shipped,2024-10-30,2024-11-17,2024-11-14
ord_08766,cust_0077,delivered,2024-06-27,2024-07-08,2024-07-22
ord_08767,cust_0410,delivered,2024-01-01,2024-01-07,2024-01-24
ord_08768,cust_0313,delivered,2024-09-15,2024-10-05,2024-10-05
ord_08769,cust_0126,canceled,2024-04-19,2024-04-26,2024-05-14
ord_08770,cust_0271,canceled,2024-08-17,2024-08-30,2024-08-30
ord_08771,cust_0052,delivered,2024-09-14,2024-10-07,2024-09-23
ord_08772,cust_0020,shipped,2024-06-15,2024-07-10,2024-07-07
ord_08773,cust_0203,delivered,2024-06-02,2024-06-19,2024-06-20
ord_08774,cust_0147,shipped,2024-11-25,2024-11-30,2024-12-15
ord_08775,cust_0427,canceled,2024-07-15,2024-07-23,2024-07-31
ord_08776,cust_0084,delivered,2024-06-14,2024-06-26,2024-07-04
ord_08777,cust_0175,canceled,2024-04-01,2024-04-07,2024-04-15
ord_08778,cust_0074,shipped,2024-07-18,2024-08-09,2024-07-30
ord_08779,cust_0251,delivered,2024-10-18,2024-10-30,2024-10-25
ord_08780,cust_0118,canceled,2024-08-15,2024-08-25,2024-08-31
ord_08781,cust_0471,canceled,2024-07-16,2024-07-31,2024-07-24
ord_08782,cust_0370,delivered,2024-05-12,2024-05-30,2024-05-20
ord_08783,cust_0475,delivered,2024-08-01,2024-08-05,2024-08-15
ord_08784,cust_0397,canceled,2024-01-27,2024-02-13,2024-02-21
ord_08785,cust_0173,shipped,2024-02-25,2024-03-11,2024-03-09
ord_08786,cust_0379,shipped,2024-02-08,2024-02-19,2024-02-17
ord_08787,cust_0150,delivered,2024-01-01,2024-01-09,2024-01-13
ord_08788,cust_0035,processing,2024-09-06,2024-09-19,2024-09-25
ord_08789,cust_0224,canceled,2024-09-20,2024-09-24,2024-10-07
ord_08790,cust_0271,canceled,2024-12-06,2025-01-04,2024-12-15
ord_08791,cust_0112,shipped,2024-05-18,2024-05-24,2024-05-31
ord_08792,cust_0375,delivered,2024-08-10,2024-08-25,2024-08-28
ord_08793,cust_0482,delivered,2024-03-12,2024-03-31,2024-03-29
ord_08794,cust_0283,delivered,2024-06-17,2024-07-03,2024-07-04
ord_08795,cust_0342,canceled,2024-08-12,2024-09-04,2024-08-22
ord_08796,cust_0290,delivered,2024-08-30,2024-09-19,2024-09-11
ord_08797,cust_0378,canceled,2024-12-26,2025-01-08,2025-01-07
ord_08798,cust_0044,delivered,2024-10-30,2024-11-07,2024-11-11
ord_08799,cust_0334,canceled,2024-11-25,2024-12-19,2024-12-05
ord_08800,cust_0467,canceled,2024-03-22,2024-04-12,2024-04-16
ord_08801,cust_0057,canceled,2024-09-14,2024-09-20,2024-09-30
ord_08802,cust_0111,canceled,2024-01-04,2024-01-31,2024-01-13
ord_08803,cust_0462,shipped,2024-12-21,2025-01-15,2025-01-09
ord_08804,cust_0438,shipped,2024-10-24,2024-10-30,2024-11-09
ord_08805,cust_0003,delivered,2024-07-30,2024-08-12,2024-08-10
ord_08806,cust_0056,processing,2024-03-24,2024-04-22,2024-03-31
ord_08807,cust_0027,canceled,2024-06-03,2024-06-07,2024-06-14
ord_08808,cust_0317,processing,2024-12-25,2025-01-06,2025-01-14
ord_08809,cust_0279,delivered,2024-07-25,2024-08-08,2024-08-10
ord_08810,cust_0238,shipped,2024-12-19,2025-01-08,2024-12-30
ord_08811,cust_0339,processing,2024-11-03,2024-11-09,2024-11-17
ord_08812,cust_0487,delivered,2024-08-22,2024-09-15,2024-09-08
ord_08813,cust_0356,delivered,2024-08-01,2024-08-13,2024-08-16
ord_08814,cust_0369,delivered,2024-06-09,2024-06-18,2024-06-20
ord_08815,cust_0457,delivered,2024-10-13,2024-11-05,2024-10-20
ord_08816,cust_0265,canceled,2024-02-20,2024-02-29,2024-02-28
ord_08817,cust_0184,processing,2024-03-11,2024-03-20,2024-03-21
ord_08818,cust_0455,shipped,2024-09-30,2024-10-27,2024-10-12
ord_08819,cust_0129,delivered,2024-05-28,2024-06-05,2024-06-21
ord_08820,cust_0203,shipped,2024-03-05,2024-03-12,2024-03-20
ord_08821,cust_0323,shipped,2024-07-20,2024-08-07,2024-07-29
ord_08822,cust_0161,shipped,2024-03-21,2024-03-24,2024-04-01
ord_08823,cust_0275,processing,2024-05-09,2024-05-17,2024-05-23
ord_08824,cust_0417,processing,2024-08-13,2024-09-10,2024-08-21
ord_08825,cust_0160,shipped,2024-08-30,2024-09-14,2024-09-06
ord_08826,cust_0334,processing,2024-11-12,2024-12-08,2024-11-25
ord_08827,cust_0363,processing,2024-11-23,2024-12-18,2024-12-13
ord_08828,cust_0498,processing,2024-08-28,2024-09-09,2024-09-05
ord_08829,cust_0039,delivered,2024-09-06,2024-10-06,2024-09-17
ord_08830,cust_0092,canceled,2024-08-17,2024-09-09,2024-09-03
ord_08831,cust_0124,shipped,2024-12-18,2024-12-22,2024-12-25
ord_08832,cust_0438,delivered,2024-12-23,2024-12-27,2025-01-10
ord_08833,cust_0495,shipped,2024-01-10,2024-02-04,2024-02-01
ord_08834,cust_0412,shipped,2024-05-25,2024-06-22,2024-06-15
ord_08835,cust_0222,canceled,2024-06-25,2024-07-06,2024-07-07
ord_08836,cust_0382,shipped,2024-05-28,2024-06-02,2024-06-17
ord_08837,cust_0433,processing,2024-10-30,2024-11-07,2024-11-21
ord_08838,cust_0298,canceled,2024-12-29,2025-01-23,2025-01-12
ord_08839,cust_0285,delivered,2024-12-24,2025-01-01,2025-01-07
ord_08840,cust_0296,shipped,2024-10-09,2024-10-17,2024-11-01
ord_08841,cust_0497,shipped,2024-07-14,2024-08-06,2024-07-27
ord_08842,cust_0265,delivered,2024-08-23,2024-09-12,2024-09-12
ord_08843,cust_0141,shipped,2024-09-01,2024-09-27,2024-09-09
ord_08844,cust_0463,processing,2024-11-29,2024-12-09,2024-12-17
ord_08845,cust_0267,canceled,2024-11-29,2024-12-09,2024-12-08
ord_08846,cust_0421,delivered,2024-10-23,2024-11-02,2024-11-01
ord_08847,cust_0304,shipped,2024-08-06,2024-08-30,2024-08-31
ord_08848,cust_0164,shipped,2024-12-11,2024-12-16,2024-12-24
ord_08849,cust_0369,delivered,2024-06-08,2024-07-03,2024-06-29
ord_08850,cust_0438,delivered,2024-06-26,2024-06-29,2024-07-18
ord_08851,cust_0004,canceled,2024-09-10,2024-09-28,2024-09-28
ord_08852,cust_0313,processing,2024-10-16,2024-10-28,2024-11-10
ord_08853,cust_0234,processing,2024-04-11,2024-05-09,2024-04-29
ord_08854,cust_0065,delivered,2024-09-15,2024-10-01,2024-10-05
ord_08855,cust_0416,canceled,2024-05-01,2024-05-21,2024-05-08
ord_08856,cust_0313,canceled,2024-10-23,2024-11-06,2024-11-01
ord_08857,cust_0143,shipped,2024-10-09,2024-10-20,2024-10-27
ord_08858,cust_0171,canceled,2024-03-24,2024-04-07,2024-04-18
ord_08859,cust_0363,delivered,2024-02-21,2024-03-01,2024-03-05
ord_08860,cust_0180,canceled,2024-06-16,2024-07-08,2024-06-25
ord_08861,cust_0107,canceled,2024-02-19,2024-03-11,2024-03-10
ord_08862,cust_0014,processing,2024-02-26,2024-03-23,2024-03-07
ord_08863,cust_0055,shipped,2024-09-11,2024-09-23,2024-09-28
ord_08864,cust_0388,canceled,2024-08-07,2024-08-17,2024-08-26
ord_08865,cust_0376,delivered,2024-11-05,2024-11-08,2024-11-22
ord_08866,cust_0122,processing,2024-05-08,2024-05-13,2024-05-30
ord_08867,cust_0134,shipped,2024-03-13,2024-03-20,2024-03-27
ord_08868,cust_0432,processing,2024-08-02,2024-09-01,2024-08-24
ord_08869,cust_0453,shipped,2024-01-21,2024-02-15,2024-02-03
ord_08870,cust_0058,shipped,2024-04-20,2024-05-13,2024-05-14
ord_08871,cust_0033,shipped,2024-09-21,2024-09-26,2024-10-12
ord_08872,cust_0346,processing,2024-06-29,2024-07-29,2024-07-15
ord_08873,cust_0450,shipped,2024-12-15,2025-01-14,2025-01-01
ord_08874,cust_0226,canceled,2024-03-02,2024-03-07,2024-03-14
ord_08875,cust_0388,processing,2024-10-24,2024-11-09,2024-11-07
ord_08876,cust_0157,shipped,2024-04-21,2024-04-26,2024-04-30
ord_08877,cust_0274,processing,2024-05-02,2024-05-08,2024-05-09
ord_08878,cust_0419,processing,2024-03-23,2024-04-02,2024-03-31
ord_08879,cust_0455,canceled,2024-06-20,2024-07-18,2024-07-15
ord_08880,cust_0014,shipped,2024-12-10,2025-01-08,2024-12-17
ord_08881,cust_0411,delivered,2024-09-29,2024-10-05,2024-10-22
ord_08882,cust_0153,canceled,2024-05-04,2024-05-29,2024-05-24
ord_08883,cust_0470,delivered,2024-02-17,2024-03-12,2024-02-25
ord_08884,cust_0079,canceled,2024-03-07,2024-03-12,2024-03-30
ord_08885,cust_0013,delivered,2024-02-08,2024-03-04,2024-02-23
ord_08886,cust_0266,canceled,2024-08-17,2024-08-21,2024-08-28
ord_08887,cust_0325,processing,2024-08-04,2024-08-09,2024-08-24
ord_08888,cust_0095,delivered,2024-09-29,2024-10-16,2024-10-12
ord_08889,cust_0245,delivered,2024-05-24,2024-06-14,2024-06-18
ord_08890,cust_0493,delivered,2024-04-17,2024-05-11,2024-04-28
ord_08891,cust_0341,processing,2024-05-23,2024-06-01,2024-06-08
ord_08892,cust_0158,canceled,2024-05-10,2024-05-19,2024-05-23
ord_08893,cust_0211,canceled,2024-03-07,2024-03-13,2024-03-15
ord_08894,cust_0413,delivered,2024-02-03,2024-03-04,2024-02-11
ord_08895,cust_0001,delivered,2024-05-30,2024-06-28,2024-06-18
ord_08896,cust_0057,shipped,2024-01-07,2024-01-30,2024-01-23
ord_08897,cust_0188,canceled,2024-03-03,2024-03-13,2024-03-20
ord_08898,cust_0069,delivered,2024-08-21,2024-09-11,2024-09-06
ord_08899,cust_0351,shipped,2024-08-29,2024-09-25,2024-09-09
ord_08900,cust_0217,processing,2024-12-13,2024-12-23,2024-12-31
ord_08901,cust_0251,processing,2024-03-07,2024-03-31,2024-03-16
ord_08902,cust_0410,processing,2024-02-09,2024-03-05,2024-03-03
ord_08903,cust_0252,processing,2024-10-10,2024-11-09,2024-10-31
ord_08904,cust_0470,canceled,2024-08-31,2024-09-26,2024-09-21
ord_08905,cust_0246,processing,2024-02-02,2024-02-11,2024-02-25
ord_08906,cust_0405,shipped,2024-12-02,2024-12-07,2024-12-13
ord_08907,cust_0273,shipped,2024-11-06,2024-11-26,2024-11-15
ord_08908,cust_0022,canceled,2024-11-10,2024-11-27,2024-11-22
ord_08909,cust_0020,canceled,2024-09-16,2024-10-04,2024-09-30
ord_08910,cust_0130,canceled,2024-07-03,2024-07-09,2024-07-28
ord_08911,cust_0210,delivered,2024-06-23,2024-07-19,2024-07-16
ord_08912,cust_0425,shipped,2024-11-26,2024-12-22,2024-12-17
ord_08913,cust_0285,delivered,2024-05-23,2024-05-29,2024-06-16
ord_08914,cust_0399,canceled,2024-09-12,2024-10-03,2024-10-01
ord_08915,cust_0321,delivered,2024-12-12,2024-12-16,2024-12-26
ord_08916,cust_0262,canceled,2024-06-27,2024-07-15,2024-07-14
ord_08917,cust_0055,canceled,2024-11-13,2024-11-22,2024-12-08
ord_08918,cust_0369,shipped,2024-05-02,2024-05-26,2024-05-21
ord_08919,cust_0424,canceled,2024-01-17,2024-01-31,2024-02-01
ord_08920,cust_0299,shipped,2024-11-03,2024-11-12,2024-11-17
ord_08921,cust_0162,canceled,2024-08-17,2024-08-22,2024-09-11
ord_08922,cust_0265,canceled,2024-01-16,2024-02-01,2024-01-30
ord_08923,cust_0072,delivered,2024-08-03,2024-08-20,2024-08-10
ord_08924,cust_0394,canceled,2024-08-27,2024-09-19,2024-09-05
ord_08925,cust_0337,canceled,2024-04-10,2024-04-27,2024-05-04
ord_08926,cust_0184,canceled,2024-04-05,2024-04-09,2024-04-23
ord_08927,cust_0345,canceled,2024-06-21,2024-07-18,2024-07-05
ord_08928,cust_0231,processing,2024-05-16,2024-05-28,2024-05-24
ord_08929,cust_0448,shipped,2024-08-21,2024-09-07,2024-09-13
ord_08930,cust_0500,delivered,2024-11-25,2024-12-20,2024-12-06
ord_08931,cust_0234,shipped,2024-01-17,2024-02-12,2024-01-25
ord_08932,cust_0474,canceled,2024-12-13,2025-01-06,2024-12-20
ord_08933,cust_0254,delivered,2024-01-12,2024-02-08,2024-01-28
ord_08934,cust_0152,processing,2024-03-04,2024-04-01,2024-03-16
ord_08935,cust_0188,processing,2024-02-24,2024-03-20,2024-03-16
ord_08936,cust_0457,canceled,2024-10-02,2024-10-27,2024-10-09
ord_08937,cust_0283,processing,2024-02-18,2024-02-21,2024-03-05
ord_08938,cust_0268,processing,2024-07-28,2024-08-15,2024-08-06
ord_08939,cust_0492,processing,2024-05-11,2024-05-22,2024-05-22
ord_08940,cust_0154,processing,2024-03-05,2024-04-01,2024-03-21
ord_08941,cust_0289,processing,2024-01-31,2024-02-25,2024-02-15
ord_08942,cust_0413,delivered,2024-08-28,2024-09-02,2024-09-07
ord_08943,cust_0239,delivered,2024-03-01,2024-03-20,2024-03-22
ord_08944,cust_0168,processing,2024-04-28,2024-05-08,2024-05-10
ord_08945,cust_0338,canceled,2024-01-25,2024-02-19,2024-02-10
ord_08946,cust_0238,shipped,2024-04-24,2024-05-22,2024-05-01
ord_08947,cust_0338,processing,2024-03-09,2024-03-21,2024-03-28
ord_08948,cust_0337,canceled,2024-09-28,2024-10-19,2024-10-20
ord_08949,cust_0387,shipped,2024-11-03,2024-12-01,2024-11-11
ord_08950,cust_0134,shipped,2024-11-23,2024-12-20,2024-12-01
ord_08951,cust_0227,shipped,2024-09-19,2024-09-25,2024-10-10
ord_08952,cust_0083,canceled,2024-05-13,2024-05-28,2024-06-07
ord_08953,cust_0438,delivered,2024-08-27,2024-08-30,2024-09-12
ord_08954,cust_0031,delivered,2024-02-23,2024-03-18,2024-03-07
ord_08955,cust_0126,shipped,2024-09-18,2024-10-04,2024-10-04
ord_08956,cust_0473,canceled,2024-05-06,2024-05-11,2024-05-21
ord_08957,cust_0050,delivered,2024-12-18,2025-01-02,2025-01-05
ord_08958,cust_0305,delivered,2024-03-26,2024-04-12,2024-04-13
ord_08959,cust_0126,canceled,2024-08-31,2024-09-04,2024-09-07
ord_08960,cust_0139,shipped,2024-05-03,2024-05-30,2024-05-24
ord_08961,cust_0413,processing,2024-03-20,2024-04-03,2024-04-08
ord_08962,cust_0108,processing,2024-05-31,2024-06-03,2024-06-17
ord_08963,cust_0449,shipped,2024-03-11,2024-03-24,2024-03-20
ord_08964,cust_0421,canceled,2024-04-15,2024-04-21,2024-04-24
ord_08965,cust_0059,delivered,2024-05-12,2024-05-18,2024-05-21
ord_08966,cust_0195,delivered,2024-11-23,2024-11-30,2024-11-30
ord_08967,cust_0378,processing,2024-09-07,2024-09-13,2024-09-21
ord_08968,cust_0028,delivered,2024-11-28,2024-12-19,2024-12-11
ord_08969,cust_0091,delivered,2024-07-03,2024-08-02,2024-07-14
ord_08970,cust_0084,processing,2024-12-11,2024-12-23,2024-12-26
ord_08971,cust_0384,canceled,2024-08-12,2024-09-04,2024-08-26
ord_08972,cust_0343,shipped,2024-04-12,2024-05-02,2024-04-27
ord_08973,cust_0062,delivered,2024-06-10,2024-07-07,2024-06-30
ord_08974,cust_0343,canceled,2024-07-28,2024-08-03,2024-08-14
ord_08975,cust_0212,delivered,2024-05-18,2024-06-13,2024-05-29
ord_08976,cust_0162,shipped,2024-09-30,2024-10-11,2024-10-17
ord_08977,cust_0275,shipped,2024-08-12,2024-09-08,2024-08-29
ord_08978,cust_0369,canceled,2024-07-24,2024-08-12,2024-08-04
ord_08979,cust_0139,canceled,2024-01-31,2024-02-20,2024-02-10
ord_08980,cust_0069,shipped,2024-01-17,2024-01-25,2024-01-30
ord_08981,cust_0304,shipped,2024-06-26,2024-07-16,2024-07-14
ord_08982,cust_0356,shipped,2024-06-27,2024-07-16,2024-07-05
ord_08983,cust_0449,shipped,2024-12-08,2025-01-03,2024-12-25
ord_08984,cust_0173,delivered,2024-09-17,2024-10-06,2024-09-24
ord_08985,cust_0447,processing,2024-09-10,2024-09-23,2024-09-18
ord_08986,cust_0300,processing,2024-12-06,2024-12-25,2024-12-15
ord_08987,cust_0404,canceled,2024-04-18,2024-05-02,2024-05-03
ord_08988,cust_0144,processing,2024-03-08,2024-03-22,2024-03-20
ord_08989,cust_0130,canceled,2024-09-09,2024-09-27,2024-10-01
ord_08990,cust_0136,shipped,2024-05-20,2024-06-10,2024-06-08
ord_08991,cust_0145,delivered,2024-01-18,2024-01-30,2024-02-07
ord_08992,cust_0198,shipped,2024-01-25,2024-02-10,2024-02-01
ord_08993,cust_0223,shipped,2024-07-18,2024-07-30,2024-08-11
ord_08994,cust_0413,canceled,2024-12-09,2024-12-26,2024-12-27
ord_08995,cust_0304,shipped,2024-04-16,2024-05-04,2024-05-07
ord_08996,cust_0335,processing,2024-10-14,2024-10-28,2024-10-30
ord_08997,cust_0072,delivered,2024-01-11,2024-02-01,2024-01-21
ord_08998,cust_0013,processing,2024-01-12,2024-02-11,2024-01-27
ord_08999,cust_0130,canceled,2024-03-21,2024-04-20,2024-04-08
ord_09000,cust_0023,delivered,2024-04-11,2024-05-03,2024-05-01
ord_09001,cust_0427,shipped,2024-08-10,2024-08-14,2024-09-04
ord_09002,cust_0240,delivered,2024-03-13,2024-04-11,2024-03-28
ord_09003,cust_0204,shipped,2024-08-13,2024-09-03,2024-08-24
ord_09004,cust_0362,processing,2024-07-03,2024-07-27,2024-07-13
ord_09005,cust_0352,processing,2024-05-31,2024-06-09,2024-06-10
ord_09006,cust_0191,delivered,2024-01-30,2024-02-08,2024-02-10
ord_09007,cust_0384,canceled,2024-11-28,2024-12-27,2024-12-12
ord_09008,cust_0479,canceled,2024-05-06,2024-05-30,2024-05-29
ord_09009,cust_0286,canceled,2024-05-16,2024-05-23,2024-06-06
ord_09010,cust_0219,delivered,2024-03-20,2024-04-13,2024-04-03
ord_09011,cust_0292,processing,2024-09-12,2024-10-03,2024-09-27
ord_09012,cust_0310,canceled,2024-05-14,2024-05-27,2024-05-30
ord_09013,cust_0432,processing,2024-12-30,2025-01-21,2025-01-17
ord_09014,cust_0230,shipped,2024-09-16,2024-09-22,2024-09-28
ord_09015,cust_0349,shipped,2024-02-25,2024-03-14,2024-03-12
ord_09016,cust_0271,shipped,2024-08-12,2024-09-07,2024-08-22
ord_09017,cust_0478,canceled,2024-03-08,2024-04-07,2024-03-19
ord_09018,cust_0308,shipped,2024-01-13,2024-01-21,2024-01-26
ord_09019,cust_0244,processing,2024-07-20,2024-08-19,2024-07-31
ord_09020,cust_0471,canceled,2024-02-22,2024-03-10,2024-03-13
ord_09021,cust_0021,canceled,2024-12-29,2025-01-01,2025-01-13
ord_09022,cust_0051,delivered,2024-07-18,2024-07-31,2024-08-05
ord_09023,cust_0119,delivered,2024-03-24,2024-04-13,2024-04-12
ord_09024,cust_0004,shipped,2024-03-03,2024-03-06,2024-03-21
ord_09025,cust_0273,shipped,2024-12-28,2025-01-27,2025-01-08
ord_09026,cust_0348,canceled,2024-01-20,2024-02-07,2024-02-05
ord_09027,cust_0407,shipped,2024-10-27,2024-11-10,2024-11-08
ord_09028,cust_0252,processing,2024-08-14,2024-09-10,2024-09-03
ord_09029,cust_0320,shipped,2024-05-19,2024-05-27,2024-06-01
ord_09030,cust_0112,shipped,2024-06-11,2024-07-06,2024-06-26
ord_09031,cust_0375,shipped,2024-11-23,2024-12-10,2024-12-06
ord_09032,cust_0312,processing,2024-08-13,2024-09-01,2024-08-26
ord_09033,cust_0423,canceled,2024-10-23,2024-10-31,2024-11-01
ord_09034,cust_0071,processing,2024-03-02,2024-03-06,2024-03-09
ord_09035,cust_0388,shipped,2024-01-01,2024-01-19,2024-01-22
ord_09036,cust_0458,canceled,2024-02-04,2024-02-15,2024-02-17
ord_09037,cust_0490,processing,2024-12-22,2025-01-10,2025-01-10
ord_09038,cust_0035,canceled,2024-06-24,2024-07-03,2024-07-16
ord_09039,cust_0058,delivered,2024-07-01,2024-07-19,2024-07-15
ord_09040,cust_0287,shipped,2024-07-01,2024-07-09,2024-07-08
ord_09041,cust_0114,delivered,2024-02-03,2024-02-23,2024-02-24
ord_09042,cust_0186,delivered,2024-12-06,2025-01-03,2024-12-31
ord_09043,cust_0431,shipped,2024-08-31,2024-09-22,2024-09-13
ord_09044,cust_0054,shipped,2024-08-27,2024-09-13,2024-09-10
ord_09045,cust_0456,canceled,2024-11-09,2024-11-27,2024-11-22
ord_09046,cust_0265,canceled,2024-02-13,2024-03-10,2024-02-29
ord_09047,cust_0351,processing,2024-01-27,2024-02-23,2024-02-08
ord_09048,cust_0270,shipped,2024-12-08,2024-12-22,2024-12-15
ord_09049,cust_0001,delivered,2024-07-29,2024-08-18,2024-08-05
ord_09050,cust_0015,processing,2024-08-29,2024-09-05,2024-09-10
ord_09051,cust_0484,delivered,2024-02-13,2024-03-14,2024-02-25
ord_09052,cust_0178,shipped,2024-09-24,2024-10-15,2024-10-09
ord_09053,cust_0292,processing,2024-05-05,2024-05-27,2024-05-22
ord_09054,cust_0108,delivered,2024-01-20,2024-01-27,2024-02-03
ord_09055,cust_0370,processing,2024-06-16,2024-07-14,2024-07-09
ord_09056,cust_0185,processing,2024-06-28,2024-07-04,2024-07-19
ord_09057,cust_0086,shipped,2024-11-13,2024-11-16,2024-11-26
ord_09058,cust_0270,delivered,2024-01-08,2024-02-06,2024-02-01
ord_09059,cust_0454,canceled,2024-08-10,2024-09-09,2024-08-17
ord_09060,cust_0007,shipped,2024-02-04,2024-02-21,2024-02-21
ord_09061,cust_0478,delivered,2024-05-23,2024-05-29,2024-06-06
ord_09062,cust_0321,processing,2024-01-25,2024-02-11,2024-02-17
ord_09063,cust_0265,processing,2024-09-09,2024-10-02,2024-09-27
ord_09064,cust_0174,delivered,2024-06-15,2024-06-28,2024-07-09
ord_09065,cust_0386,delivered,2024-10-27,2024-11-09,2024-11-21
ord_09066,cust_0152,processing,2024-06-04,2024-06-17,2024-06-12
ord_09067,cust_0212,canceled,2024-03-31,2024-04-10,2024-04-19
ord_09068,cust_0229,shipped,2024-12-12,2024-12-27,2024-12-23
ord_09069,cust_0054,delivered,2024-09-13,2024-09-29,2024-09-30
ord_09070,cust_0021,canceled,2024-05-27,2024-06-23,2024-06-07
ord_09071,cust_0139,canceled,2024-04-25,2024-05-18,2024-05-19
ord_09072,cust_0465,processing,2024-01-24,2024-02-17,2024-02-08
ord_09073,cust_0449,processing,2024-03-15,2024-03-21,2024-04-06
ord_09074,cust_0476,canceled,2024-05-13,2024-06-06,2024-05-26
ord_09075,cust_0440,canceled,2024-11-05,2024-12-05,2024-11-18
ord_09076,cust_0230,canceled,2024-02-24,2024-03-11,2024-03-14
ord_09077,cust_0458,processing,2024-01-18,2024-02-04,2024-02-11
ord_09078,cust_0273,canceled,2024-10-15,2024-11-03,2024-11-02
ord_09079,cust_0491,delivered,2024-08-16,2024-08-27,2024-08-25
ord_09080,cust_0235,shipped,2024-01-28,2024-02-12,2024-02-17
ord_09081,cust_0259,processing,2024-08-07,2024-08-19,2024-08-16
ord_09082,cust_0231,canceled,2024-11-15,2024-11-25,2024-12-10
ord_09083,cust_0027,delivered,2024-04-20,2024-05-07,2024-05-12
ord_09084,cust_0109,delivered,2024-03-22,2024-04-02,2024-04-16
ord_09085,cust_0183,shipped,2024-08-08,2024-09-03,2024-08-23
ord_09086,cust_0280,delivered,2024-05-12,2024-05-22,2024-06-02
ord_09087,cust_0150,delivered,2024-05-18,2024-06-04,2024-05-25
ord_09088,cust_0103,processing,2024-09-04,2024-09-27,2024-09-29
ord_09089,cust_0430,processing,2024-06-25,2024-06-30,2024-07-18
ord_09090,cust_0092,processing,2024-07-10,2024-07-25,2024-08-04
ord_09091,cust_0388,delivered,2024-12-22,2025-01-12,2025-01-02
ord_09092,cust_0241,shipped,2024-04-22,2024-05-16,2024-05-04
ord_09093,cust_0061,shipped,2024-06-24,2024-07-21,2024-07-16
ord_09094,cust_0095,delivered,2024-07-05,2024-07-20,2024-07-27
ord_09095,cust_0003,delivered,2024-03-20,2024-04-19,2024-04-03
ord_09096,cust_0235,canceled,2024-10-09,2024-11-05,2024-10-26
ord_09097,cust_0120,shipped,2024-10-27,2024-11-02,2024-11-14
ord_09098,cust_0175,processing,2024-12-27,2025-01-08,2025-01-08
ord_09099,cust_0298,delivered,2024-07-13,2024-07-16,2024-07-20
ord_09100,cust_0109,processing,2024-06-19,2024-07-07,2024-07-13
ord_09101,cust_0358,shipped,2024-11-30,2024-12-22,2024-12-08
ord_09102,cust_0038,shipped,2024-01-16,2024-01-25,2024-01-31
ord_09103,cust_0335,shipped,2024-11-22,2024-12-07,2024-12-09
ord_09104,cust_0166,processing,2024-03-05,2024-03-26,2024-03-28
ord_09105,cust_0444,processing,2024-10-01,2024-10-12,2024-10-22
ord_09106,cust_0411,delivered,2024-01-15,2024-02-10,2024-02-06
ord_09107,cust_0256,canceled,2024-08-06,2024-08-10,2024-08-13
ord_09108,cust_0404,shipped,2024-07-12,2024-07-18,2024-07-27
ord_09109,cust_0017,delivered,2024-05-06,2024-06-05,2024-05-27
ord_09110,cust_0041,processing,2024-05-22,2024-06-17,2024-06-16
ord_09111,cust_0199,processing,2024-06-07,2024-06-19,2024-06-20
ord_09112,cust_0123,processing,2024-02-12,2024-03-07,2024-03-02
ord_09113,cust_0465,canceled,2024-08-11,2024-08-19,2024-08-20
ord_09114,cust_0410,canceled,2024-09-01,2024-09-26,2024-09-23
ord_09115,cust_0131,canceled,2024-01-04,2024-01-30,2024-01-21
ord_09116,cust_0063,shipped,2024-09-13,2024-09-29,2024-10-03
ord_09117,cust_0371,processing,2024-05-28,2024-06-24,2024-06-21
ord_09118,cust_0088,processing,2024-06-06,2024-06-11,2024-06-21
ord_09119,cust_0322,delivered,2024-09-16,2024-09-30,2024-09-30
ord_09120,cust_0257,processing,2024-05-08,2024-05-14,2024-05-31
ord_09121,cust_0363,canceled,2024-03-29,2024-04-14,2024-04-11
ord_09122,cust_0043,shipped,2024-12-17,2025-01-07,2024-12-29
ord_09123,cust_0296,shipped,2024-03-10,2024-03-19,2024-03-24
ord_09124,cust_0403,delivered,2024-03-03,2024-03-16,2024-03-28
ord_09125,cust_0109,shipped,2024-01-08,2024-01-25,2024-01-18
ord_09126,cust_0149,canceled,2024-12-04,2024-12-29,2024-12-11
ord_09127,cust_0215,processing,2024-09-18,2024-09-29,2024-10-06
ord_09128,cust_0425,canceled,2024-09-04,2024-09-09,2024-09-22
ord_09129,cust_0333,processing,2024-02-26,2024-03-23,2024-03-18
ord_09130,cust_0162,processing,2024-07-18,2024-07-21,2024-08-03
ord_09131,cust_0296,delivered,2024-10-07,2024-10-28,2024-10-21
ord_09132,cust_0190,processing,2024-02-20,2024-03-06,2024-03-07
ord_09133,cust_0472,processing,2024-11-30,2024-12-15,2024-12-22
ord_09134,cust_0369,processing,2024-07-23,2024-08-06,2024-08-14
ord_09135,cust_0247,processing,2024-07-16,2024-07-31,2024-07-31
ord_09136,cust_0065,delivered,2024-01-24,2024-02-13,2024-02-11
ord_09137,cust_0436,shipped,2024-09-13,2024-10-07,2024-09-30
ord_09138,cust_0169,canceled,2024-10-27,2024-11-12,2024-11-12
ord_09139,cust_0187,delivered,2024-04-04,2024-04-09,2024-04-26
ord_09140,cust_0266,processing,2024-05-27,2024-06-17,2024-06-20
ord_09141,cust_0286,processing,2024-09-27,2024-10-04,2024-10-22
ord_09142,cust_0154,canceled,2024-03-14,2024-03-31,2024-04-01
ord_09143,cust_0221,delivered,2024-03-13,2024-03-21,2024-03-20
ord_09144,cust_0186,delivered,2024-12-17,2025-01-11,2025-01-10
ord_09145,cust_0305,processing,2024-07-31,2024-08-22,2024-08-12
ord_09146,cust_0222,canceled,2024-12-13,2024-12-23,2025-01-05
ord_09147,cust_0410,processing,2024-01-18,2024-01-22,2024-02-06
ord_09148,cust_0441,processing,2024-03-12,2024-03-24,2024-04-01
ord_09149,cust_0126,shipped,2024-04-13,2024-05-04,2024-04-21
ord_09150,cust_0029,shipped,2024-02-14,2024-02-25,2024-02-28
ord_09151,cust_0291,shipped,2024-02-15,2024-03-06,2024-02-28
ord_09152,cust_0460,delivered,2024-05-03,2024-06-01,2024-05-10
ord_09153,cust_0135,delivered,2024-02-25,2024-03-02,2024-03-19
ord_09154,cust_0257,canceled,2024-07-24,2024-08-07,2024-08-08
ord_09155,cust_0164,canceled,2024-06-24,2024-07-13,2024-07-16
ord_09156,cust_0183,shipped,2024-03-09,2024-04-03,2024-03-25
ord_09157,cust_0176,delivered,2024-10-18,2024-11-02,2024-10-28
ord_09158,cust_0312,processing,2024-05-21,2024-05-30,2024-06-10
ord_09159,cust_0363,shipped,2024-05-09,2024-05-23,2024-05-30
ord_09160,cust_0491,shipped,2024-06-11,2024-06-16,2024-07-02
ord_09161,cust_0365,delivered,2024-11-28,2024-12-17,2024-12-19
ord_09162,cust_0179,processing,2024-12-02,2024-12-12,2024-12-19
ord_09163,cust_0499,shipped,2024-08-05,2024-08-27,2024-08-25
ord_09164,cust_0365,canceled,2024-12-02,2024-12-11,2024-12-26
ord_09165,cust_0224,canceled,2024-12-29,2025-01-24,2025-01-22
ord_09166,cust_0473,shipped,2024-02-04,2024-02-21,2024-02-28
ord_09167,cust_0463,delivered,2024-06-16,2024-07-10,2024-07-05
ord_09168,cust_0057,processing,2024-12-20,2024-12-26,2025-01-14
ord_09169,cust_0479,canceled,2024-03-07,2024-03-18,2024-03-27
ord_09170,cust_0361,shipped,2024-11-20,2024-12-08,2024-12-10
ord_09171,cust_0411,canceled,2024-10-30,2024-11-08,2024-11-18
ord_09172,cust_0441,canceled,2024-03-11,2024-03-27,2024-04-03
ord_09173,cust_0235,shipped,2024-02-29,2024-03-18,2024-03-25
ord_09174,cust_0373,delivered,2024-08-10,2024-08-28,2024-09-04
ord_09175,cust_0068,processing,2024-02-16,2024-03-16,2024-02-23
ord_09176,cust_0348,canceled,2024-02-09,2024-03-02,2024-02-17
ord_09177,cust_0429,delivered,2024-12-12,2025-01-11,2024-12-23
ord_09178,cust_0082,delivered,2024-04-06,2024-04-26,2024-04-27
ord_09179,cust_0327,delivered,2024-03-06,2024-03-12,2024-03-24
ord_09180,cust_0461,canceled,2024-10-19,2024-10-23,2024-11-03
ord_09181,cust_0418,canceled,2024-07-14,2024-07-22,2024-07-30
ord_09182,cust_0078,delivered,2024-08-01,2024-08-26,2024-08-13
ord_09183,cust_0218,processing,2024-02-18,2024-03-04,2024-03-06
ord_09184,cust_0309,shipped,2024-04-21,2024-05-14,2024-05-05
ord_09185,cust_0268,shipped,2024-12-13,2024-12-27,2024-12-21
ord_09186,cust_0197,shipped,2024-05-27,2024-06-05,2024-06-07
ord_09187,cust_0047,canceled,2024-06-14,2024-06-24,2024-07-08
ord_09188,cust_0330,processing,2024-01-08,2024-01-18,2024-01-16
ord_09189,cust_0430,canceled,2024-06-09,2024-06-22,2024-07-02
ord_09190,cust_0458,shipped,2024-02-03,2024-02-27,2024-02-18
ord_09191,cust_0271,canceled,2024-02-01,2024-02-08,2024-02-17
ord_09192,cust_0026,processing,2024-04-07,2024-05-04,2024-04-25
ord_09193,cust_0390,shipped,2024-05-23,2024-06-06,2024-05-30
ord_09194,cust_0028,processing,2024-05-06,2024-05-14,2024-05-29
ord_09195,cust_0139,delivered,2024-01-13,2024-01-20,2024-01-28
ord_09196,cust_0045,delivered,2024-06-03,2024-07-01,2024-06-16
ord_09197,cust_0248,delivered,2024-11-13,2024-11-16,2024-12-04
ord_09198,cust_0121,canceled,2024-12-08,2024-12-28,2024-12-20
ord_09199,cust_0481,shipped,2024-12-25,2025-01-19,2025-01-08
ord_09200,cust_0251,processing,2024-09-07,2024-09-25,2024-09-21
ord_09201,cust_0226,processing,2024-06-30,2024-07-13,2024-07-15
ord_09202,cust_0228,canceled,2024-02-03,2024-02-20,2024-02-14
ord_09203,cust_0165,canceled,2024-08-31,2024-09-10,2024-09-17
ord_09204,cust_0240,delivered,2024-10-12,2024-10-18,2024-10-28
ord_09205,cust_0220,delivered,2024-04-02,2024-04-17,2024-04-22
ord_09206,cust_0298,shipped,2024-06-22,2024-07-16,2024-07-06
ord_09207,cust_0311,canceled,2024-10-22,2024-11-17,2024-11-02
ord_09208,cust_0427,shipped,2024-04-01,2024-04-18,2024-04-09
ord_09209,cust_0479,delivered,2024-02-05,2024-02-19,2024-02-13
ord_09210,cust_0326,shipped,2024-04-16,2024-04-27,2024-04-30
ord_09211,cust_0081,processing,2024-10-18,2024-10-22,2024-11-07
ord_09212,cust_0498,canceled,2024-11-12,2024-12-12,2024-12-06
ord_09213,cust_0416,processing,2024-09-15,2024-09-23,2024-10-01
ord_09214,cust_0361,delivered,2024-08-30,2024-09-08,2024-09-12
ord_09215,cust_0114,processing,2024-03-08,2024-03-30,2024-03-16
ord_09216,cust_0076,processing,2024-02-27,2024-03-23,2024-03-08
ord_09217,cust_0291,canceled,2024-06-26,2024-07-18,2024-07-10
ord_09218,cust_0486,canceled,2024-06-10,2024-06-27,2024-06-19
ord_09219,cust_0216,shipped,2024-04-02,2024-04-07,2024-04-11
ord_09220,cust_0439,canceled,2024-03-31,2024-04-04,2024-04-19
ord_09221,cust_0002,canceled,2024-11-02,2024-11-07,2024-11-10
ord_09222,cust_0129,shipped,2024-05-08,2024-05-17,2024-05-27
ord_09223,cust_0129,shipped,2024-07-19,2024-07-30,2024-08-04
ord_09224,cust_0414,processing,2024-03-23,2024-04-18,2024-04-17
ord_09225,cust_0076,shipped,2024-10-28,2024-11-02,2024-11-12
ord_09226,cust_0324,delivered,2024-12-19,2025-01-15,2024-12-26
ord_09227,cust_0085,processing,2024-08-25,2024-09-17,2024-09-05
ord_09228,cust_0123,canceled,2024-07-22,2024-08-16,2024-08-14
ord_09229,cust_0025,processing,2024-03-21,2024-04-07,2024-04-13
ord_09230,cust_0055,delivered,2024-10-06,2024-10-19,2024-10-28
ord_09231,cust_0277,canceled,2024-11-04,2024-11-13,2024-11-17
ord_09232,cust_0023,delivered,2024-04-21,2024-04-25,2024-04-28
ord_09233,cust_0109,shipped,2024-01-31,2024-02-24,2024-02-20
ord_09234,cust_0331,processing,2024-06-24,2024-07-13,2024-07-14
ord_09235,cust_0207,canceled,2024-08-16,2024-08-29,2024-09-01
ord_09236,cust_0246,shipped,2024-10-09,2024-10-25,2024-10-19
ord_09237,cust_0494,processing,2024-10-10,2024-11-03,2024-10-26
ord_09238,cust_0149,canceled,2024-11-30,2024-12-03,2024-12-14
ord_09239,cust_0113,shipped,2024-08-03,2024-08-26,2024-08-16
ord_09240,cust_0182,processing,2024-12-30,2025-01-11,2025-01-18
ord_09241,cust_0172,canceled,2024-09-27,2024-10-09,2024-10-06
ord_09242,cust_0171,delivered,2024-07-29,2024-08-24,2024-08-11
ord_09243,cust_0105,canceled,2024-08-26,2024-09-08,2024-09-17
ord_09244,cust_0188,delivered,2024-02-04,2024-03-04,2024-02-27
ord_09245,cust_0346,processing,2024-09-12,2024-09-27,2024-10-07
ord_09246,cust_0185,processing,2024-07-02,2024-07-27,2024-07-27
ord_09247,cust_0007,delivered,2024-06-16,2024-07-14,2024-07-06
ord_09248,cust_0362,shipped,2024-11-23,2024-12-20,2024-12-07
ord_09249,cust_0079,shipped,2024-08-17,2024-09-12,2024-09-03
ord_09250,cust_0378,canceled,2024-10-18,2024-11-16,2024-11-06
ord_09251,cust_0046,delivered,2024-09-21,2024-10-02,2024-10-02
ord_09252,cust_0498,shipped,2024-10-15,2024-10-23,2024-10-27
ord_09253,cust_0174,canceled,2024-06-15,2024-06-20,2024-06-30
ord_09254,cust_0430,shipped,2024-09-02,2024-09-23,2024-09-20
ord_09255,cust_0118,processing,2024-08-20,2024-09-12,2024-08-31
ord_09256,cust_0140,delivered,2024-07-22,2024-08-07,2024-07-30
ord_09257,cust_0158,shipped,2024-05-25,2024-06-01,2024-06-14
ord_09258,cust_0024,delivered,2024-01-30,2024-02-07,2024-02-21
ord_09259,cust_0080,shipped,2024-04-22,2024-05-20,2024-05-14
ord_09260,cust_0063,delivered,2024-10-29,2024-11-18,2024-11-09
ord_09261,cust_0186,shipped,2024-11-13,2024-12-10,2024-11-26
ord_09262,cust_0311,shipped,2024-06-08,2024-07-02,2024-06-21
ord_09263,cust_0017,delivered,2024-03-26,2024-04-17,2024-04-13
ord_09264,cust_0291,processing,2024-12-10,2025-01-03,2024-12-26
ord_09265,cust_0014,processing,2024-03-09,2024-03-29,2024-03-24
ord_09266,cust_0415,canceled,2024-08-09,2024-09-02,2024-09-03
ord_09267,cust_0472,processing,2024-04-11,2024-05-03,2024-04-19
ord_09268,cust_0385,processing,2024-10-02,2024-10-11,2024-10-18
ord_09269,cust_0026,processing,2024-07-25,2024-08-11,2024-08-01
ord_09270,cust_0156,processing,2024-09-15,2024-09-22,2024-10-01
ord_09271,cust_0312,canceled,2024-08-08,2024-08-23,2024-08-27
ord_09272,cust_0221,delivered,2024-12-18,2025-01-07,2025-01-01
ord_09273,cust_0108,processing,2024-12-14,2025-01-04,2024-12-30
ord_09274,cust_0464,delivered,2024-09-15,2024-09-23,2024-10-03
ord_09275,cust_0297,shipped,2024-09-28,2024-10-11,2024-10-15
ord_09276,cust_0085,processing,2024-06-20,2024-07-18,2024-07-10
ord_09277,cust_0290,shipped,2024-04-04,2024-04-19,2024-04-23
ord_09278,cust_0168,processing,2024-04-17,2024-05-15,2024-04-28
ord_09279,cust_0324,canceled,2024-03-22,2024-04-09,2024-04-05
ord_09280,cust_0243,delivered,2024-07-30,2024-08-19,2024-08-11
ord_09281,cust_0091,shipped,2024-12-15,2024-12-26,2025-01-05
ord_09282,cust_0130,canceled,2024-12-10,2025-01-03,2024-12-24
ord_09283,cust_0054,delivered,2024-08-08,2024-08-24,2024-08-27
ord_09284,cust_0307,processing,2024-06-29,2024-07-05,2024-07-15
ord_09285,cust_0194,processing,2024-02-14,2024-03-05,2024-02-22
ord_09286,cust_0198,processing,2024-03-27,2024-04-15,2024-04-20
ord_09287,cust_0498,canceled,2024-11-11,2024-11-19,2024-11-26
ord_09288,cust_0387,shipped,2024-11-05,2024-11-16,2024-11-12
ord_09289,cust_0043,processing,2024-12-14,2025-01-11,2025-01-01
ord_09290,cust_0214,delivered,2024-11-14,2024-12-09,2024-12-01
ord_09291,cust_0140,delivered,2024-04-27,2024-05-21,2024-05-13
ord_09292,cust_0357,shipped,2024-10-14,2024-11-03,2024-10-28
ord_09293,cust_0279,delivered,2024-02-21,2024-03-12,2024-03-06
ord_09294,cust_0380,shipped,2024-03-03,2024-03-18,2024-03-28
ord_09295,cust_0300,delivered,2024-05-17,2024-06-04,2024-06-06
ord_09296,cust_0253,processing,2024-03-10,2024-04-02,2024-03-23
ord_09297,cust_0324,delivered,2024-11-04,2024-12-02,2024-11-18
ord_09298,cust_0082,delivered,2024-02-16,2024-03-14,2024-02-28
ord_09299,cust_0050,canceled,2024-02-09,2024-02-24,2024-02-22
ord_09300,cust_0322,shipped,2024-04-02,2024-04-05,2024-04-09
ord_09301,cust_0187,shipped,2024-05-03,2024-05-24,2024-05-13
ord_09302,cust_0125,processing,2024-04-20,2024-04-25,2024-05-03
ord_09303,cust_0348,delivered,2024-11-22,2024-12-19,2024-12-05
ord_09304,cust_0304,shipped,2024-05-29,2024-06-25,2024-06-05
ord_09305,cust_0024,shipped,2024-02-10,2024-02-18,2024-03-03
ord_09306,cust_0305,processing,2024-05-05,2024-05-11,2024-05-29
ord_09307,cust_0427,delivered,2024-09-04,2024-09-12,2024-09-12
ord_09308,cust_0310,delivered,2024-04-03,2024-04-25,2024-04-21
ord_09309,cust_0249,canceled,2024-05-05,2024-05-11,2024-05-26
ord_09310,cust_0004,delivered,2024-07-23,2024-08-13,2024-07-30
ord_09311,cust_0328,delivered,2024-12-19,2024-12-25,2025-01-13
ord_09312,cust_0432,shipped,2024-08-25,2024-09-09,2024-09-11
ord_09313,cust_0272,shipped,2024-03-30,2024-04-11,2024-04-15
ord_09314,cust_0466,processing,2024-05-11,2024-05-20,2024-06-03
ord_09315,cust_0161,canceled,2024-02-28,2024-03-13,2024-03-08
ord_09316,cust_0317,delivered,2024-09-09,2024-09-21,2024-09-29
ord_09317,cust_0460,processing,2024-02-28,2024-03-16,2024-03-07
ord_09318,cust_0073,shipped,2024-01-06,2024-01-13,2024-01-28
ord_09319,cust_0028,delivered,2024-01-17,2024-02-16,2024-02-01
ord_09320,cust_0005,shipped,2024-11-15,2024-11-25,2024-12-08
ord_09321,cust_0329,delivered,2024-05-24,2024-06-16,2024-06-18
ord_09322,cust_0086,delivered,2024-04-01,2024-04-30,2024-04-14
ord_09323,cust_0013,canceled,2024-07-13,2024-08-06,2024-07-20
ord_09324,cust_0092,canceled,2024-11-03,2024-12-03,2024-11-16
ord_09325,cust_0120,shipped,2024-12-23,2024-12-28,2025-01-16
ord_09326,cust_0096,processing,2024-12-15,2025-01-10,2025-01-02
ord_09327,cust_0076,delivered,2024-07-15,2024-07-23,2024-08-02
ord_09328,cust_0058,delivered,2024-03-24,2024-03-29,2024-04-07
ord_09329,cust_0178,canceled,2024-08-11,2024-08-28,2024-09-05
ord_09330,cust_0086,processing,2024-03-25,2024-04-13,2024-04-07
ord_09331,cust_0052,delivered,2024-09-09,2024-10-03,2024-09-16
ord_09332,cust_0057,delivered,2024-07-24,2024-08-10,2024-08-16
ord_09333,cust_0211,shipped,2024-08-09,2024-08-26,2024-09-02
ord_09334,cust_0164,delivered,2024-11-02,2024-11-05,2024-11-14
ord_09335,cust_0204,canceled,2024-06-19,2024-06-28,2024-07-12
ord_09336,cust_0120,delivered,2024-03-27,2024-04-12,2024-04-17
ord_09337,cust_0315,canceled,2024-03-28,2024-04-05,2024-04-05
ord_09338,cust_0107,delivered,2024-02-12,2024-03-01,2024-02-29
ord_09339,cust_0185,shipped,2024-05-24,2024-06-17,2024-05-31
ord_09340,cust_0144,delivered,2024-02-09,2024-03-02,2024-03-03
ord_09341,cust_0015,processing,2024-02-01,2024-02-25,2024-02-18
ord_09342,cust_0002,canceled,2024-06-14,2024-07-12,2024-07-01
ord_09343,cust_0281,canceled,2024-09-13,2024-09-26,2024-09-25
ord_09344,cust_0032,shipped,2024-07-30,2024-08-17,2024-08-20
ord_09345,cust_0224,processing,2024-09-11,2024-09-30,2024-09-26
ord_09346,cust_0376,delivered,2024-11-08,2024-11-26,2024-11-16
ord_09347,cust_0013,processing,2024-10-13,2024-11-05,2024-10-27
ord_09348,cust_0426,delivered,2024-07-20,2024-07-31,2024-08-05
ord_09349,cust_0165,canceled,2024-06-22,2024-07-11,2024-07-06
ord_09350,cust_0463,shipped,2024-01-04,2024-01-09,2024-01-26
ord_09351,cust_0329,processing,2024-08-14,2024-08-22,2024-09-04
ord_09352,cust_0281,shipped,2024-05-04,2024-05-30,2024-05-15
ord_09353,cust_0434,shipped,2024-10-16,2024-10-19,2024-10-26
ord_09354,cust_0056,delivered,2024-03-07,2024-03-10,2024-03-25
ord_09355,cust_0131,delivered,2024-03-21,2024-03-26,2024-04-03
ord_09356,cust_0274,delivered,2024-08-06,2024-08-15,2024-08-25
ord_09357,cust_0187,delivered,2024-02-07,2024-02-29,2024-02-15
ord_09358,cust_0206,canceled,2024-04-01,2024-04-13,2024-04-09
ord_09359,cust_0327,canceled,2024-02-02,2024-02-07,2024-02-24
ord_09360,cust_0369,delivered,2024-08-31,2024-09-28,2024-09-09
ord_09361,cust_0140,canceled,2024-08-23,2024-08-27,2024-09-11
ord_09362,cust_0468,processing,2024-08-13,2024-09-03,2024-09-02
ord_09363,cust_0084,canceled,2024-04-09,2024-05-02,2024-04-18
ord_09364,cust_0158,canceled,2024-01-29,2024-02-15,2024-02-05
ord_09365,cust_0482,shipped,2024-10-05,2024-10-29,2024-10-14
ord_09366,cust_0062,delivered,2024-10-04,2024-10-28,2024-10-27
ord_09367,cust_0421,canceled,2024-03-04,2024-03-10,2024-03-19
ord_09368,cust_0408,processing,2024-12-23,2025-01-08,2025-01-14
ord_09369,cust_0462,delivered,2024-08-25,2024-09-11,2024-09-14
ord_09370,cust_0067,canceled,2024-10-26,2024-11-25,2024-11-12
ord_09371,cust_0050,processing,2024-10-16,2024-10-31,2024-10-23
ord_09372,cust_0405,delivered,2024-01-20,2024-02-10,2024-01-31
ord_09373,cust_0170,delivered,2024-08-18,2024-09-03,2024-09-03
ord_09374,cust_0389,delivered,2024-09-04,2024-10-04,2024-09-25
ord_09375,cust_0285,delivered,2024-03-07,2024-03-14,2024-03-20
ord_09376,cust_0491,shipped,2024-05-08,2024-06-02,2024-05-26
ord_09377,cust_0448,shipped,2024-06-05,2024-06-22,2024-06-28
ord_09378,cust_0166,shipped,2024-08-13,2024-08-30,2024-08-24
ord_09379,cust_0326,shipped,2024-03-17,2024-03-21,2024-04-04
ord_09380,cust_0289,processing,2024-09-29,2024-10-10,2024-10-22
ord_09381,cust_0256,shipped,2024-04-30,2024-05-14,2024-05-23
ord_09382,cust_0111,canceled,2024-08-22,2024-08-30,2024-09-04
ord_09383,cust_0084,canceled,2024-12-24,2025-01-11,2024-12-31
ord_09384,cust_0295,processing,2024-01-16,2024-02-14,2024-01-30
ord_09385,cust_0366,canceled,2024-12-06,2024-12-22,2024-12-19
ord_09386,cust_0147,canceled,2024-07-15,2024-07-27,2024-08-08
ord_09387,cust_0128,shipped,2024-03-10,2024-04-03,2024-03-31
ord_09388,cust_0408,canceled,2024-06-12,2024-07-08,2024-07-01
ord_09389,cust_0309,delivered,2024-03-08,2024-04-02,2024-03-22
ord_09390,cust_0214,processing,2024-10-10,2024-11-05,2024-11-03
ord_09391,cust_0243,shipped,2024-07-26,2024-08-03,2024-08-06
ord_09392,cust_0426,shipped,2024-06-19,2024-07-19,2024-07-03
ord_09393,cust_0323,shipped,2024-06-08,2024-06-11,2024-06-27
ord_09394,cust_0211,processing,2024-01-29,2024-02-28,2024-02-08
ord_09395,cust_0400,delivered,2024-04-09,2024-04-19,2024-04-24
ord_09396,cust_0048,canceled,2024-02-29,2024-03-11,2024-03-11
ord_09397,cust_0131,canceled,2024-07-22,2024-08-16,2024-08-04
ord_09398,cust_0109,processing,2024-03-31,2024-04-30,2024-04-20
ord_09399,cust_0285,processing,2024-03-28,2024-04-25,2024-04-20
ord_09400,cust_0187,processing,2024-04-03,2024-04-12,2024-04-16
ord_09401,cust_0137,canceled,2024-01-17,2024-01-29,2024-02-01
ord_09402,cust_0379,canceled,2024-07-04,2024-08-01,2024-07-14
ord_09403,cust_0479,shipped,2024-04-14,2024-04-25,2024-04-30
ord_09404,cust_0240,canceled,2024-02-13,2024-02-18,2024-02-23
ord_09405,cust_0151,canceled,2024-05-15,2024-06-05,2024-05-30
ord_09406,cust_0086,delivered,2024-09-01,2024-09-24,2024-09-17
ord_09407,cust_0368,canceled,2024-11-19,2024-12-09,2024-12-13
ord_09408,cust_0194,shipped,2024-04-01,2024-05-01,2024-04-17
ord_09409,cust_0039,shipped,2024-09-15,2024-09-21,2024-10-03
ord_09410,cust_0466,processing,2024-11-15,2024-11-21,2024-11-25
ord_09411,cust_0329,shipped,2024-05-19,2024-06-15,2024-06-10
ord_09412,cust_0148,shipped,2024-05-08,2024-06-01,2024-05-27
ord_09413,cust_0227,shipped,2024-10-27,2024-11-18,2024-11-19
ord_09414,cust_0166,shipped,2024-05-09,2024-05-26,2024-05-22
ord_09415,cust_0452,processing,2024-11-29,2024-12-21,2024-12-22
ord_09416,cust_0416,delivered,2024-07-10,2024-08-06,2024-08-04
ord_09417,cust_0032,processing,2024-07-03,2024-07-13,2024-07-10
ord_09418,cust_0134,canceled,2024-06-10,2024-07-08,2024-06-20
ord_09419,cust_0113,canceled,2024-11-29,2024-12-04,2024-12-22
ord_09420,cust_0470,shipped,2024-09-02,2024-09-23,2024-09-14
ord_09421,cust_0417,shipped,2024-01-25,2024-02-07,2024-02-15
ord_09422,cust_0040,delivered,2024-05-13,2024-05-26,2024-05-26
ord_09423,cust_0129,processing,2024-09-14,2024-09-19,2024-09-25
ord_09424,cust_0274,processing,2024-06-02,2024-06-12,2024-06-24
ord_09425,cust_0382,delivered,2024-03-27,2024-04-08,2024-04-09
ord_09426,cust_0324,processing,2024-11-21,2024-11-26,2024-12-06
ord_09427,cust_0378,processing,2024-01-07,2024-01-23,2024-01-27
ord_09428,cust_0194,processing,2024-02-28,2024-03-25,2024-03-06
ord_09429,cust_0468,canceled,2024-05-04,2024-05-30,2024-05-25
ord_09430,cust_0410,delivered,2024-11-06,2024-11-12,2024-11-17
ord_09431,cust_0198,canceled,2024-09-22,2024-10-10,2024-09-30
ord_09432,cust_0435,canceled,2024-01-05,2024-01-21,2024-01-14
ord_09433,cust_0298,delivered,2024-08-12,2024-08-17,2024-08-30
ord_09434,cust_0164,delivered,2024-02-22,2024-02-28,2024-03-05
ord_09435,cust_0042,processing,2024-03-12,2024-04-07,2024-03-25
ord_09436,cust_0390,delivered,2024-01-23,2024-01-26,2024-02-07
ord_09437,cust_0286,processing,2024-04-05,2024-04-23,2024-04-17
ord_09438,cust_0058,shipped,2024-09-18,2024-09-28,2024-09-29
ord_09439,cust_0455,delivered,2024-01-31,2024-02-20,2024-02-19
ord_09440,cust_0152,shipped,2024-05-15,2024-06-10,2024-06-08
ord_09441,cust_0317,processing,2024-07-09,2024-07-13,2024-07-30
ord_09442,cust_0259,canceled,2024-07-13,2024-08-04,2024-08-03
ord_09443,cust_0332,delivered,2024-03-24,2024-03-28,2024-04-01
ord_09444,cust_0430,canceled,2024-05-26,2024-05-31,2024-06-10
ord_09445,cust_0008,processing,2024-03-10,2024-03-21,2024-03-29
ord_09446,cust_0087,shipped,2024-04-24,2024-05-23,2024-05-16
ord_09447,cust_0470,processing,2024-12-27,2025-01-26,2025-01-20
ord_09448,cust_0297,canceled,2024-02-04,2024-02-29,2024-02-22
ord_09449,cust_0379,canceled,2024-03-27,2024-04-15,2024-04-13
ord_09450,cust_0358,processing,2024-08-21,2024-09-03,2024-09-12
ord_09451,cust_0360,shipped,2024-04-19,2024-05-16,2024-05-11
ord_09452,cust_0175,canceled,2024-10-30,2024-11-09,2024-11-06
ord_09453,cust_0241,shipped,2024-09-12,2024-09-30,2024-10-07
ord_09454,cust_0009,processing,2024-07-18,2024-08-04,2024-08-07
ord_09455,cust_0021,canceled,2024-06-08,2024-07-04,2024-06-18
ord_09456,cust_0374,delivered,2024-10-27,2024-11-05,2024-11-11
ord_09457,cust_0419,shipped,2024-06-11,2024-06-14,2024-06-26
ord_09458,cust_0175,processing,2024-10-18,2024-10-22,2024-11-01
ord_09459,cust_0272,canceled,2024-01-14,2024-02-13,2024-01-25
ord_09460,cust_0317,processing,2024-10-09,2024-11-01,2024-10-29
ord_09461,cust_0438,processing,2024-08-05,2024-08-30,2024-08-12
ord_09462,cust_0347,processing,2024-04-18,2024-05-02,2024-05-04
ord_09463,cust_0168,delivered,2024-07-20,2024-07-23,2024-08-11
ord_09464,cust_0046,canceled,2024-03-28,2024-04-02,2024-04-05
ord_09465,cust_0340,shipped,2024-03-07,2024-03-22,2024-03-19
ord_09466,cust_0469,delivered,2024-07-13,2024-07-25,2024-07-29
ord_09467,cust_0438,canceled,2024-09-26,2024-09-29,2024-10-07
ord_09468,cust_0032,canceled,2024-06-25,2024-07-16,2024-07-11
ord_09469,cust_0165,processing,2024-11-06,2024-11-29,2024-11-20
ord_09470,cust_0081,canceled,2024-07-10,2024-07-20,2024-07-27
ord_09471,cust_0396,processing,2024-11-24,2024-12-04,2024-12-16
ord_09472,cust_0422,processing,2024-10-29,2024-11-11,2024-11-06
ord_09473,cust_0397,canceled,2024-08-01,2024-08-25,2024-08-19
ord_09474,cust_0449,canceled,2024-08-22,2024-09-01,2024-09-13
ord_09475,cust_0373,shipped,2024-10-13,2024-11-10,2024-10-31
ord_09476,cust_0088,canceled,2024-06-18,2024-06-23,2024-06-30
ord_09477,cust_0215,processing,2024-10-09,2024-11-07,2024-10-25
ord_09478,cust_0043,processing,2024-10-30,2024-11-29,2024-11-07
ord_09479,cust_0437,shipped,2024-06-15,2024-07-12,2024-06-27
ord_09480,cust_0319,canceled,2024-09-02,2024-09-23,2024-09-14
ord_09481,cust_0168,shipped,2024-10-15,2024-11-08,2024-11-04
ord_09482,cust_0255,canceled,2024-04-17,2024-05-15,2024-05-06
ord_09483,cust_0487,delivered,2024-12-13,2025-01-12,2025-01-07
ord_09484,cust_0341,canceled,2024-03-13,2024-03-17,2024-03-27
ord_09485,cust_0001,delivered,2024-05-17,2024-05-21,2024-06-07
ord_09486,cust_0176,delivered,2024-10-13,2024-10-24,2024-10-22
ord_09487,cust_0213,canceled,2024-03-06,2024-03-18,2024-03-17
ord_09488,cust_0429,canceled,2024-08-28,2024-09-10,2024-09-11
ord_09489,cust_0346,processing,2024-02-05,2024-03-01,2024-02-18
ord_09490,cust_0171,shipped,2024-07-11,2024-08-05,2024-07-25
ord_09491,cust_0037,canceled,2024-11-10,2024-11-22,2024-11-30
ord_09492,cust_0383,shipped,2024-03-07,2024-04-02,2024-03-27
ord_09493,cust_0262,canceled,2024-01-12,2024-01-23,2024-01-20
ord_09494,cust_0405,shipped,2024-03-13,2024-03-16,2024-04-01
ord_09495,cust_0040,delivered,2024-04-14,2024-04-25,2024-05-04
ord_09496,cust_0270,processing,2024-09-26,2024-10-18,2024-10-18
ord_09497,cust_0267,shipped,2024-04-06,2024-04-23,2024-04-17
ord_09498,cust_0309,shipped,2024-11-29,2024-12-14,2024-12-17
ord_09499,cust_0022,canceled,2024-12-03,2024-12-12,2024-12-26
ord_09500,cust_0247,delivered,2024-02-22,2024-03-18,2024-03-02
ord_09501,cust_0104,shipped,2024-07-15,2024-07-19,2024-07-29
ord_09502,cust_0150,canceled,2024-02-01,2024-02-20,2024-02-19
ord_09503,cust_0128,processing,2024-02-14,2024-03-04,2024-03-01
ord_09504,cust_0028,shipped,2024-11-30,2024-12-28,2024-12-20
ord_09505,cust_0045,shipped,2024-12-12,2024-12-15,2024-12-25
ord_09506,cust_0025,shipped,2024-08-29,2024-09-18,2024-09-22
ord_09507,cust_0298,shipped,2024-12-16,2024-12-21,2024-12-24
ord_09508,cust_0256,processing,2024-07-31,2024-08-18,2024-08-20
ord_09509,cust_0437,processing,2024-08-25,2024-09-11,2024-09-08
ord_09510,cust_0194,canceled,2024-06-24,2024-07-21,2024-07-15
ord_09511,cust_0170,delivered,2024-07-01,2024-07-15,2024-07-17
ord_09512,cust_0057,canceled,2024-04-16,2024-04-27,2024-05-09
ord_09513,cust_0184,delivered,2024-12-22,2025-01-02,2025-01-04
ord_09514,cust_0196,shipped,2024-02-25,2024-02-29,2024-03-07
ord_09515,cust_0106,shipped,2024-10-20,2024-11-02,2024-11-07
ord_09516,cust_0099,shipped,2024-01-26,2024-02-15,2024-02-06
ord_09517,cust_0106,canceled,2024-04-06,2024-04-29,2024-04-15
ord_09518,cust_0160,canceled,2024-12-13,2025-01-08,2024-12-22
ord_09519,cust_0238,delivered,2024-06-21,2024-07-17,2024-06-28
ord_09520,cust_0009,processing,2024-03-14,2024-03-29,2024-03-29
ord_09521,cust_0008,processing,2024-03-11,2024-04-08,2024-03-31
ord_09522,cust_0164,delivered,2024-08-13,2024-08-25,2024-08-23
ord_09523,cust_0245,processing,2024-06-01,2024-06-13,2024-06-24
ord_09524,cust_0492,canceled,2024-03-21,2024-03-27,2024-04-10
ord_09525,cust_0339,shipped,2024-10-14,2024-10-24,2024-10-29
ord_09526,cust_0233,shipped,2024-08-20,2024-09-14,2024-09-14
ord_09527,cust_0145,delivered,2024-01-28,2024-02-05,2024-02-22
ord_09528,cust_0423,processing,2024-08-11,2024-09-01,2024-08-28
ord_09529,cust_0342,delivered,2024-03-27,2024-04-10,2024-04-08
ord_09530,cust_0260,shipped,2024-03-21,2024-03-31,2024-04-08
ord_09531,cust_0083,canceled,2024-08-20,2024-09-06,2024-08-30
ord_09532,cust_0136,delivered,2024-10-06,2024-10-14,2024-10-30
ord_09533,cust_0489,canceled,2024-10-29,2024-11-22,2024-11-23
ord_09534,cust_0197,canceled,2024-11-04,2024-11-18,2024-11-13
ord_09535,cust_0384,canceled,2024-11-15,2024-12-06,2024-11-24
ord_09536,cust_0337,canceled,2024-06-09,2024-07-08,2024-06-28
ord_09537,cust_0393,canceled,2024-06-01,2024-06-17,2024-06-16
ord_09538,cust_0004,delivered,2024-03-14,2024-03-24,2024-04-08
ord_09539,cust_0087,canceled,2024-05-12,2024-05-17,2024-05-30
ord_09540,cust_0193,processing,2024-03-20,2024-04-19,2024-04-12
ord_09541,cust_0131,processing,2024-10-02,2024-10-16,2024-10-19
ord_09542,cust_0258,processing,2024-01-05,2024-02-02,2024-01-14
ord_09543,cust_0392,delivered,2024-09-06,2024-09-28,2024-09-24
ord_09544,cust_0193,processing,2024-03-04,2024-03-28,2024-03-20
ord_09545,cust_0217,processing,2024-01-23,2024-02-18,2024-02-06
ord_09546,cust_0463,delivered,2024-03-14,2024-04-10,2024-03-31
ord_09547,cust_0030,canceled,2024-03-06,2024-03-25,2024-03-13
ord_09548,cust_0248,delivered,2024-12-07,2024-12-12,2024-12-28
ord_09549,cust_0139,processing,2024-11-21,2024-12-09,2024-12-05
ord_09550,cust_0055,processing,2024-01-22,2024-02-15,2024-02-05
ord_09551,cust_0007,processing,2024-02-20,2024-03-01,2024-03-07
ord_09552,cust_0411,delivered,2024-10-27,2024-11-18,2024-11-07
ord_09553,cust_0247,canceled,2024-07-16,2024-07-27,2024-08-03
ord_09554,cust_0148,shipped,2024-03-31,2024-04-18,2024-04-18
ord_09555,cust_0446,shipped,2024-09-14,2024-10-09,2024-09-27
ord_09556,cust_0251,canceled,2024-10-14,2024-11-10,2024-11-02
ord_09557,cust_0217,processing,2024-02-16,2024-03-01,2024-02-24
ord_09558,cust_0178,canceled,2024-09-23,2024-10-12,2024-10-02
ord_09559,cust_0187,processing,2024-08-27,2024-09-02,2024-09-13
ord_09560,cust_0441,processing,2024-12-12,2024-12-28,2024-12-21
ord_09561,cust_0457,canceled,2024-07-31,2024-08-20,2024-08-25
ord_09562,cust_0216,shipped,2024-01-23,2024-02-13,2024-02-06
ord_09563,cust_0328,delivered,2024-07-17,2024-07-28,2024-08-06
ord_09564,cust_0161,delivered,2024-06-23,2024-07-14,2024-07-11
ord_09565,cust_0443,delivered,2024-12-22,2025-01-07,2025-01-01
ord_09566,cust_0172,processing,2024-04-22,2024-05-01,2024-05-17
ord_09567,cust_0134,canceled,2024-04-06,2024-04-14,2024-04-17
ord_09568,cust_0192,processing,2024-02-08,2024-02-27,2024-02-19
ord_09569,cust_0304,shipped,2024-11-06,2024-11-21,2024-11-15
ord_09570,cust_0463,processing,2024-02-11,2024-02-18,2024-03-02
ord_09571,cust_0297,processing,2024-06-08,2024-06-28,2024-06-27
ord_09572,cust_0247,processing,2024-10-10,2024-10-22,2024-11-02
ord_09573,cust_0218,shipped,2024-04-11,2024-04-16,2024-05-06
ord_09574,cust_0254,delivered,2024-01-30,2024-02-13,2024-02-11
ord_09575,cust_0200,shipped,2024-05-13,2024-06-07,2024-05-26
ord_09576,cust_0417,delivered,2024-04-02,2024-04-29,2024-04-20
ord_09577,cust_0121,delivered,2024-08-04,2024-08-15,2024-08-15
ord_09578,cust_0145,processing,2024-03-02,2024-03-09,2024-03-24
ord_09579,cust_0057,processing,2024-10-27,2024-11-21,2024-11-03
ord_09580,cust_0386,delivered,2024-07-18,2024-07-27,2024-07-28
ord_09581,cust_0442,processing,2024-10-19,2024-11-17,2024-11-11
ord_09582,cust_0429,canceled,2024-05-04,2024-05-21,2024-05-11
ord_09583,cust_0416,processing,2024-12-07,2024-12-21,2024-12-21
ord_09584,cust_0089,shipped,2024-01-03,2024-01-19,2024-01-14
ord_09585,cust_0179,processing,2024-01-07,2024-01-23,2024-01-20
ord_09586,cust_0252,processing,2024-08-28,2024-09-06,2024-09-15
ord_09587,cust_0086,canceled,2024-07-10,2024-07-25,2024-07-26
ord_09588,cust_0451,delivered,2024-02-03,2024-02-06,2024-02-19
ord_09589,cust_0438,shipped,2024-12-29,2025-01-02,2025-01-11
ord_09590,cust_0112,shipped,2024-08-28,2024-09-06,2024-09-04
ord_09591,cust_0090,processing,2024-06-06,2024-07-03,2024-06-29
ord_09592,cust_0106,canceled,2024-06-04,2024-07-04,2024-06-23
ord_09593,cust_0403,canceled,2024-03-06,2024-03-30,2024-03-20
ord_09594,cust_0286,shipped,2024-07-30,2024-08-04,2024-08-09
ord_09595,cust_0002,processing,2024-01-07,2024-01-17,2024-01-31
ord_09596,cust_0169,processing,2024-12-10,2025-01-04,2025-01-04
ord_09597,cust_0288,canceled,2024-03-12,2024-04-05,2024-03-21
ord_09598,cust_0364,delivered,2024-04-12,2024-05-05,2024-04-21
ord_09599,cust_0258,delivered,2024-02-18,2024-03-12,2024-03-01
ord_09600,cust_0415,shipped,2024-08-26,2024-09-13,2024-09-02
ord_09601,cust_0198,processing,2024-11-22,2024-12-07,2024-12-12
ord_09602,cust_0246,shipped,2024-04-27,2024-05-12,2024-05-13
ord_09603,cust_0082,processing,2024-09-16,2024-09-21,2024-09-30
ord_09604,cust_0144,canceled,2024-06-16,2024-07-07,2024-07-09
ord_09605,cust_0351,processing,2024-01-06,2024-01-15,2024-01-19
ord_09606,cust_0342,canceled,2024-11-08,2024-11-12,2024-11-20
ord_09607,cust_0252,canceled,2024-01-16,2024-02-14,2024-01-30
ord_09608,cust_0342,delivered,2024-04-21,2024-05-05,2024-05-04
ord_09609,cust_0364,canceled,2024-12-03,2024-12-12,2024-12-14
ord_09610,cust_0488,canceled,2024-06-24,2024-07-01,2024-07-15
ord_09611,cust_0299,canceled,2024-07-31,2024-08-17,2024-08-10
ord_09612,cust_0028,canceled,2024-01-25,2024-02-23,2024-02-08
ord_09613,cust_0285,delivered,2024-07-25,2024-08-13,2024-08-15
ord_09614,cust_0065,processing,2024-08-21,2024-09-18,2024-08-30
ord_09615,cust_0435,canceled,2024-06-17,2024-06-24,2024-07-03
ord_09616,cust_0257,canceled,2024-10-04,2024-10-26,2024-10-13
ord_09617,cust_0122,shipped,2024-03-22,2024-04-19,2024-04-14
ord_09618,cust_0168,delivered,2024-01-03,2024-01-28,2024-01-12
ord_09619,cust_0227,processing,2024-05-21,2024-06-11,2024-06-11
ord_09620,cust_0046,shipped,2024-07-30,2024-08-10,2024-08-24
ord_09621,cust_0210,canceled,2024-07-23,2024-08-18,2024-08-01
ord_09622,cust_0071,shipped,2024-08-13,2024-08-29,2024-08-31
ord_09623,cust_0056,canceled,2024-03-09,2024-04-03,2024-03-28
ord_09624,cust_0342,delivered,2024-12-02,2024-12-13,2024-12-27
ord_09625,cust_0288,canceled,2024-03-08,2024-03-29,2024-03-24
ord_09626,cust_0098,canceled,2024-10-24,2024-11-20,2024-11-09
ord_09627,cust_0427,processing,2024-06-12,2024-06-29,2024-07-04
ord_09628,cust_0471,processing,2024-07-21,2024-07-26,2024-08-04
ord_09629,cust_0009,delivered,2024-06-24,2024-07-17,2024-07-11
ord_09630,cust_0358,canceled,2024-12-28,2025-01-18,2025-01-06
ord_09631,cust_0382,processing,2024-10-31,2024-11-14,2024-11-19
ord_09632,cust_0485,shipped,2024-09-20,2024-09-29,2024-10-01
ord_09633,cust_0492,shipped,2024-10-15,2024-11-09,2024-11-02
ord_09634,cust_0473,delivered,2024-07-15,2024-08-12,2024-07-22
ord_09635,cust_0045,shipped,2024-10-23,2024-11-19,2024-11-08
ord_09636,cust_0213,processing,2024-11-22,2024-12-09,2024-11-29
ord_09637,cust_0344,shipped,2024-02-24,2024-03-15,2024-03-12
ord_09638,cust_0253,delivered,2024-07-28,2024-08-01,2024-08-20
ord_09639,cust_0343,shipped,2024-08-12,2024-08-19,2024-08-19
ord_09640,cust_0475,shipped,2024-01-15,2024-02-14,2024-01-29
ord_09641,cust_0484,delivered,2024-10-08,2024-10-28,2024-10-18
ord_09642,cust_0317,processing,2024-03-21,2024-03-24,2024-04-15
ord_09643,cust_0220,shipped,2024-07-21,2024-08-20,2024-08-12
ord_09644,cust_0103,processing,2024-08-14,2024-08-22,2024-08-21
ord_09645,cust_0258,shipped,2024-04-24,2024-05-06,2024-05-09
ord_09646,cust_0248,delivered,2024-07-11,2024-07-25,2024-07-31
ord_09647,cust_0297,delivered,2024-08-23,2024-09-15,2024-09-02
ord_09648,cust_0252,canceled,2024-06-26,2024-07-11,2024-07-13
ord_09649,cust_0251,processing,2024-04-09,2024-04-30,2024-04-29
ord_09650,cust_0201,processing,2024-01-18,2024-01-31,2024-02-02
ord_09651,cust_0039,processing,2024-04-13,2024-05-05,2024-04-27
ord_09652,cust_0303,canceled,2024-05-08,2024-06-03,2024-05-15
ord_09653,cust_0335,processing,2024-05-18,2024-06-03,2024-06-11
ord_09654,cust_0387,canceled,2024-05-03,2024-05-28,2024-05-11
ord_09655,cust_0274,delivered,2024-09-21,2024-10-10,2024-10-11
ord_09656,cust_0170,shipped,2024-01-30,2024-02-29,2024-02-11
ord_09657,cust_0411,shipped,2024-02-18,2024-02-25,2024-03-14
ord_09658,cust_0066,canceled,2024-08-04,2024-09-02,2024-08-24
ord_09659,cust_0459,delivered,2024-05-19,2024-06-06,2024-06-11
ord_09660,cust_0168,delivered,2024-12-17,2024-12-21,2025-01-11
ord_09661,cust_0400,canceled,2024-06-05,2024-06-08,2024-06-14
ord_09662,cust_0312,processing,2024-07-16,2024-07-22,2024-08-02
ord_09663,cust_0037,delivered,2024-01-07,2024-01-11,2024-01-14
ord_09664,cust_0266,canceled,2024-01-18,2024-02-04,2024-01-31
ord_09665,cust_0470,shipped,2024-05-11,2024-05-26,2024-06-01
ord_09666,cust_0145,shipped,2024-11-18,2024-11-30,2024-12-10
ord_09667,cust_0119,delivered,2024-07-24,2024-08-20,2024-08-18
ord_09668,cust_0054,shipped,2024-10-10,2024-11-01,2024-10-25
ord_09669,cust_0163,processing,2024-02-24,2024-03-16,2024-03-18
ord_09670,cust_0113,shipped,2024-09-11,2024-09-16,2024-10-04
ord_09671,cust_0180,canceled,2024-02-25,2024-03-05,2024-03-03
ord_09672,cust_0327,canceled,2024-03-05,2024-03-29,2024-03-29
ord_09673,cust_0184,delivered,2024-12-01,2024-12-29,2024-12-13
ord_09674,cust_0336,delivered,2024-02-23,2024-02-28,2024-03-19
ord_09675,cust_0308,canceled,2024-04-10,2024-05-07,2024-04-28
ord_09676,cust_0086,canceled,2024-01-08,2024-01-29,2024-01-24
ord_09677,cust_0161,processing,2024-02-02,2024-03-02,2024-02-14
ord_09678,cust_0019,shipped,2024-11-14,2024-12-06,2024-12-09
ord_09679,cust_0278,processing,2024-03-12,2024-03-22,2024-04-05
ord_09680,cust_0200,processing,2024-12-13,2024-12-29,2025-01-03
ord_09681,cust_0426,shipped,2024-01-19,2024-02-11,2024-02-07
ord_09682,cust_0459,delivered,2024-09-25,2024-10-16,2024-10-12
ord_09683,cust_0009,shipped,2024-04-13,2024-05-10,2024-04-29
ord_09684,cust_0282,shipped,2024-10-15,2024-11-06,2024-11-06
ord_09685,cust_0149,shipped,2024-09-30,2024-10-17,2024-10-16
ord_09686,cust_0262,shipped,2024-01-11,2024-01-30,2024-01-21
ord_09687,cust_0354,shipped,2024-07-27,2024-08-06,2024-08-08
ord_09688,cust_0362,delivered,2024-11-20,2024-12-12,2024-12-11
ord_09689,cust_0125,shipped,2024-04-02,2024-04-17,2024-04-21
ord_09690,cust_0179,canceled,2024-01-03,2024-01-21,2024-01-13
ord_09691,cust_0167,delivered,2024-10-13,2024-10-18,2024-11-06
ord_09692,cust_0040,processing,2024-04-23,2024-05-03,2024-05-03
ord_09693,cust_0175,processing,2024-09-17,2024-10-03,2024-09-25
ord_09694,cust_0253,delivered,2024-08-17,2024-09-01,2024-09-07
ord_09695,cust_0283,shipped,2024-10-30,2024-11-06,2024-11-23
ord_09696,cust_0031,shipped,2024-01-18,2024-02-17,2024-02-01
ord_09697,cust_0412,processing,2024-09-28,2024-10-15,2024-10-15
ord_09698,cust_0258,shipped,2024-05-18,2024-05-22,2024-06-05
ord_09699,cust_0108,processing,2024-05-01,2024-05-25,2024-05-08
ord_09700,cust_0251,processing,2024-01-07,2024-01-22,2024-01-28
ord_09701,cust_0137,processing,2024-02-26,2024-03-19,2024-03-09
ord_09702,cust_0166,canceled,2024-12-05,2024-12-13,2024-12-24
ord_09703,cust_0473,processing,2024-08-26,2024-08-31,2024-09-08
ord_09704,cust_0245,canceled,2024-05-24,2024-06-14,2024-06-13
ord_09705,cust_0356,canceled,2024-12-23,2025-01-06,2025-01-02
ord_09706,cust_0183,shipped,2024-06-10,2024-06-20,2024-07-01
ord_09707,cust_0498,canceled,2024-06-30,2024-07-17,2024-07-16
ord_09708,cust_0273,shipped,2024-12-13,2025-01-10,2025-01-05
ord_09709,cust_0336,delivered,2024-06-14,2024-06-21,2024-07-04
ord_09710,cust_0188,delivered,2024-12-28,2025-01-03,2025-01-20
ord_09711,cust_0162,processing,2024-02-22,2024-03-22,2024-03-03
ord_09712,cust_0279,canceled,2024-08-31,2024-09-10,2024-09-14
ord_09713,cust_0220,canceled,2024-02-08,2024-02-21,2024-02-29
ord_09714,cust_0333,canceled,2024-08-03,2024-08-21,2024-08-11
ord_09715,cust_0385,delivered,2024-01-31,2024-02-24,2024-02-20
ord_09716,cust_0259,shipped,2024-11-07,2024-11-27,2024-11-20
ord_09717,cust_0115,canceled,2024-02-04,2024-03-05,2024-02-29
ord_09718,cust_0091,processing,2024-08-10,2024-08-23,2024-08-18
ord_09719,cust_0027,shipped,2024-06-12,2024-07-01,2024-07-02
ord_09720,cust_0193,shipped,2024-11-16,2024-11-28,2024-12-04
ord_09721,cust_0399,shipped,2024-12-18,2024-12-28,2024-12-31
ord_09722,cust_0071,canceled,2024-05-05,2024-05-17,2024-05-23
ord_09723,cust_0174,delivered,2024-06-13,2024-06-30,2024-06-21
ord_09724,cust_0370,processing,2024-06-11,2024-07-11,2024-06-28
ord_09725,cust_0207,shipped,2024-09-28,2024-10-21,2024-10-09
ord_09726,cust_0422,shipped,2024-10-01,2024-10-21,2024-10-08
ord_09727,cust_0238,delivered,2024-03-26,2024-04-06,2024-04-06
ord_09728,cust_0383,processing,2024-07-12,2024-07-18,2024-08-04
ord_09729,cust_0466,processing,2024-03-23,2024-04-17,2024-04-15
ord_09730,cust_0247,processing,2024-10-23,2024-11-09,2024-11-07
ord_09731,cust_0013,shipped,2024-04-02,2024-04-11,2024-04-24
ord_09732,cust_0334,canceled,2024-12-16,2025-01-05,2025-01-03
ord_09733,cust_0386,shipped,2024-08-28,2024-09-17,2024-09-18
ord_09734,cust_0293,shipped,2024-07-30,2024-08-18,2024-08-09
ord_09735,cust_0092,canceled,2024-03-03,2024-03-31,2024-03-14
ord_09736,cust_0478,shipped,2024-02-16,2024-03-14,2024-02-28
ord_09737,cust_0444,processing,2024-03-12,2024-03-31,2024-03-19
ord_09738,cust_0351,canceled,2024-04-04,2024-04-18,2024-04-18
ord_09739,cust_0141,canceled,2024-02-18,2024-03-08,2024-03-07
ord_09740,cust_0432,shipped,2024-07-07,2024-07-18,2024-07-16
ord_09741,cust_0455,shipped,2024-06-11,2024-07-01,2024-07-04
ord_09742,cust_0027,shipped,2024-02-13,2024-02-24,2024-02-20
ord_09743,cust_0015,shipped,2024-06-26,2024-07-11,2024-07-10
ord_09744,cust_0221,processing,2024-03-22,2024-04-10,2024-04-02
ord_09745,cust_0446,delivered,2024-04-07,2024-04-20,2024-04-23
ord_09746,cust_0417,processing,2024-06-06,2024-06-23,2024-07-01
ord_09747,cust_0219,processing,2024-07-03,2024-07-20,2024-07-13
ord_09748,cust_0100,shipped,2024-11-30,2024-12-07,2024-12-09
ord_09749,cust_0214,shipped,2024-07-06,2024-07-10,2024-07-29
ord_09750,cust_0161,processing,2024-10-03,2024-10-19,2024-10-27
ord_09751,cust_0153,processing,2024-05-29,2024-06-21,2024-06-11
ord_09752,cust_0422,shipped,2024-07-16,2024-07-20,2024-08-08
ord_09753,cust_0088,canceled,2024-04-17,2024-04-20,2024-05-12
ord_09754,cust_0267,canceled,2024-10-05,2024-10-22,2024-10-17
ord_09755,cust_0202,shipped,2024-07-21,2024-08-07,2024-08-03
ord_09756,cust_0125,delivered,2024-02-09,2024-02-24,2024-02-22
ord_09757,cust_0022,delivered,2024-10-10,2024-10-22,2024-10-29
ord_09758,cust_0496,shipped,2024-08-28,2024-09-05,2024-09-16
ord_09759,cust_0121,shipped,2024-09-20,2024-10-17,2024-09-27
ord_09760,cust_0312,delivered,2024-12-24,2025-01-08,2025-01-09
ord_09761,cust_0401,processing,2024-09-20,2024-10-19,2024-10-06
ord_09762,cust_0324,delivered,2024-05-24,2024-06-14,2024-06-02
ord_09763,cust_0131,shipped,2024-08-09,2024-09-06,2024-08-23
ord_09764,cust_0483,delivered,2024-12-14,2024-12-18,2024-12-28
ord_09765,cust_0199,processing,2024-02-01,2024-02-26,2024-02-11
ord_09766,cust_0221,shipped,2024-04-30,2024-05-27,2024-05-19
ord_09767,cust_0186,canceled,2024-03-14,2024-04-02,2024-03-29
ord_09768,cust_0385,delivered,2024-06-05,2024-06-10,2024-06-21
ord_09769,cust_0233,processing,2024-09-30,2024-10-23,2024-10-17
ord_09770,cust_0181,delivered,2024-03-18,2024-03-26,2024-04-12
ord_09771,cust_0262,canceled,2024-02-23,2024-03-17,2024-03-01
ord_09772,cust_0019,processing,2024-09-26,2024-10-12,2024-10-05
ord_09773,cust_0379,delivered,2024-07-31,2024-08-26,2024-08-08
ord_09774,cust_0457,delivered,2024-04-03,2024-05-03,2024-04-22
ord_09775,cust_0010,delivered,2024-05-31,2024-06-16,2024-06-25
ord_09776,cust_0103,delivered,2024-08-14,2024-08-25,2024-08-31
ord_09777,cust_0462,canceled,2024-07-13,2024-08-11,2024-07-24
ord_09778,cust_0214,processing,2024-05-22,2024-05-27,2024-05-29
ord_09779,cust_0279,canceled,2024-11-16,2024-12-04,2024-12-10
ord_09780,cust_0435,shipped,2024-06-12,2024-06-30,2024-06-26
ord_09781,cust_0029,shipped,2024-02-08,2024-02-24,2024-02-26
ord_09782,cust_0460,shipped,2024-12-15,2024-12-26,2024-12-26
ord_09783,cust_0178,canceled,2024-09-25,2024-10-16,2024-10-08
ord_09784,cust_0236,delivered,2024-05-10,2024-06-09,2024-05-17
ord_09785,cust_0352,processing,2024-02-04,2024-02-27,2024-02-11
ord_09786,cust_0192,delivered,2024-03-28,2024-04-19,2024-04-20
ord_09787,cust_0178,delivered,2024-03-27,2024-04-06,2024-04-03
ord_09788,cust_0049,canceled,2024-08-05,2024-08-21,2024-08-26
ord_09789,cust_0477,shipped,2024-10-03,2024-10-16,2024-10-17
ord_09790,cust_0256,delivered,2024-12-02,2024-12-11,2024-12-12
ord_09791,cust_0390,canceled,2024-05-10,2024-05-27,2024-06-04
ord_09792,cust_0088,shipped,2024-07-01,2024-07-12,2024-07-10
ord_09793,cust_0092,shipped,2024-05-29,2024-06-25,2024-06-23
ord_09794,cust_0260,delivered,2024-01-03,2024-02-01,2024-01-15
ord_09795,cust_0025,canceled,2024-07-01,2024-07-29,2024-07-13
ord_09796,cust_0447,processing,2024-03-12,2024-03-18,2024-04-02
ord_09797,cust_0498,shipped,2024-10-07,2024-10-10,2024-10-17
ord_09798,cust_0086,canceled,2024-08-01,2024-08-23,2024-08-21
ord_09799,cust_0389,delivered,2024-01-24,2024-02-23,2024-02-10
ord_09800,cust_0365,shipped,2024-09-01,2024-09-27,2024-09-15
ord_09801,cust_0119,canceled,2024-05-22,2024-06-17,2024-05-31
ord_09802,cust_0419,shipped,2024-05-02,2024-05-06,2024-05-16
ord_09803,cust_0250,canceled,2024-07-06,2024-07-10,2024-07-18
ord_09804,cust_0404,shipped,2024-11-03,2024-11-18,2024-11-14
ord_09805,cust_0492,canceled,2024-10-14,2024-10-24,2024-11-06
ord_09806,cust_0247,processing,2024-05-31,2024-06-04,2024-06-14
ord_09807,cust_0306,canceled,2024-06-30,2024-07-11,2024-07-13
ord_09808,cust_0388,canceled,2024-03-20,2024-04-18,2024-04-13
ord_09809,cust_0116,delivered,2024-09-25,2024-09-28,2024-10-08
ord_09810,cust_0421,delivered,2024-09-24,2024-10-10,2024-10-09
ord_09811,cust_0336,shipped,2024-05-27,2024-06-16,2024-06-16
ord_09812,cust_0264,canceled,2024-03-06,2024-03-27,2024-03-14
ord_09813,cust_0387,canceled,2024-01-11,2024-01-24,2024-01-19
ord_09814,cust_0339,delivered,2024-12-09,2024-12-28,2024-12-31
ord_09815,cust_0429,canceled,2024-06-20,2024-07-11,2024-06-27
ord_09816,cust_0467,shipped,2024-03-01,2024-03-21,2024-03-12
ord_09817,cust_0054,delivered,2024-08-26,2024-09-13,2024-09-07
ord_09818,cust_0130,canceled,2024-11-10,2024-11-14,2024-12-02
ord_09819,cust_0354,shipped,2024-05-11,2024-05-29,2024-06-05
ord_09820,cust_0242,delivered,2024-10-17,2024-10-23,2024-10-26
ord_09821,cust_0016,shipped,2024-09-05,2024-09-16,2024-09-12
ord_09822,cust_0202,canceled,2024-12-29,2025-01-09,2025-01-16
ord_09823,cust_0346,processing,2024-09-28,2024-10-13,2024-10-15
ord_09824,cust_0400,canceled,2024-04-16,2024-05-04,2024-05-02
ord_09825,cust_0194,delivered,2024-11-02,2024-11-17,2024-11-21
ord_09826,cust_0202,processing,2024-08-14,2024-08-21,2024-08-28
ord_09827,cust_0436,processing,2024-01-30,2024-02-26,2024-02-15
ord_09828,cust_0004,delivered,2024-05-14,2024-05-20,2024-05-25
ord_09829,cust_0224,shipped,2024-10-05,2024-10-08,2024-10-18
ord_09830,cust_0183,shipped,2024-09-13,2024-10-06,2024-09-24
ord_09831,cust_0321,canceled,2024-09-30,2024-10-24,2024-10-25
ord_09832,cust_0298,shipped,2024-01-03,2024-01-15,2024-01-16
ord_09833,cust_0010,shipped,2024-07-05,2024-07-11,2024-07-24
ord_09834,cust_0248,processing,2024-07-21,2024-08-12,2024-08-07
ord_09835,cust_0215,canceled,2024-07-10,2024-07-17,2024-07-30
ord_09836,cust_0342,delivered,2024-10-13,2024-10-17,2024-10-26
ord_09837,cust_0241,delivered,2024-08-06,2024-08-15,2024-08-25
ord_09838,cust_0134,delivered,2024-08-23,2024-09-05,2024-09-03
ord_09839,cust_0250,processing,2024-05-07,2024-05-20,2024-05-21
ord_09840,cust_0118,shipped,2024-05-17,2024-05-25,2024-06-09
ord_09841,cust_0124,canceled,2024-01-06,2024-01-15,2024-01-24
ord_09842,cust_0022,canceled,2024-03-10,2024-04-05,2024-03-29
ord_09843,cust_0429,processing,2024-04-06,2024-04-14,2024-04-30
ord_09844,cust_0048,delivered,2024-05-01,2024-05-13,2024-05-08
ord_09845,cust_0428,canceled,2024-05-10,2024-06-01,2024-06-01
ord_09846,cust_0373,processing,2024-08-21,2024-09-03,2024-09-05
ord_09847,cust_0439,processing,2024-04-13,2024-05-07,2024-05-04
ord_09848,cust_0488,delivered,2024-01-19,2024-01-30,2024-02-13
ord_09849,cust_0274,delivered,2024-10-21,2024-11-06,2024-11-11
ord_09850,cust_0422,processing,2024-11-04,2024-11-16,2024-11-22
ord_09851,cust_0485,processing,2024-06-21,2024-07-12,2024-07-13
ord_09852,cust_0049,delivered,2024-04-29,2024-05-21,2024-05-18
ord_09853,cust_0011,canceled,2024-12-05,2024-12-14,2024-12-20
ord_09854,cust_0278,delivered,2024-08-28,2024-09-06,2024-09-16
ord_09855,cust_0151,delivered,2024-01-27,2024-02-15,2024-02-03
ord_09856,cust_0495,canceled,2024-12-27,2025-01-20,2025-01-18
ord_09857,cust_0456,shipped,2024-08-07,2024-08-29,2024-08-22
ord_09858,cust_0413,delivered,2024-01-17,2024-02-04,2024-01-29
ord_09859,cust_0234,processing,2024-12-16,2025-01-04,2025-01-08
ord_09860,cust_0488,delivered,2024-02-04,2024-02-28,2024-02-24
ord_09861,cust_0237,shipped,2024-07-17,2024-07-30,2024-08-09
ord_09862,cust_0158,delivered,2024-04-28,2024-05-14,2024-05-12
ord_09863,cust_0276,canceled,2024-03-01,2024-03-05,2024-03-16
ord_09864,cust_0231,delivered,2024-08-13,2024-09-02,2024-09-02
ord_09865,cust_0415,processing,2024-03-15,2024-03-30,2024-04-01
ord_09866,cust_0426,delivered,2024-12-21,2024-12-29,2025-01-14
ord_09867,cust_0431,delivered,2024-10-10,2024-10-17,2024-11-04
ord_09868,cust_0389,canceled,2024-03-26,2024-04-25,2024-04-17
ord_09869,cust_0296,delivered,2024-11-28,2024-12-06,2024-12-13
ord_09870,cust_0327,canceled,2024-11-15,2024-11-30,2024-11-22
ord_09871,cust_0347,canceled,2024-02-21,2024-03-18,2024-03-10
ord_09872,cust_0366,shipped,2024-07-07,2024-07-16,2024-07-28
ord_09873,cust_0110,processing,2024-02-01,2024-02-26,2024-02-16
ord_09874,cust_0272,canceled,2024-08-01,2024-08-10,2024-08-11
ord_09875,cust_0498,processing,2024-07-07,2024-07-28,2024-07-26
ord_09876,cust_0223,canceled,2024-01-12,2024-01-30,2024-01-22
ord_09877,cust_0139,canceled,2024-05-10,2024-05-30,2024-05-20
ord_09878,cust_0383,canceled,2024-01-02,2024-01-05,2024-01-10
ord_09879,cust_0190,processing,2024-01-19,2024-02-16,2024-02-09
ord_09880,cust_0397,delivered,2024-01-24,2024-01-31,2024-02-07
ord_09881,cust_0160,delivered,2024-01-27,2024-02-22,2024-02-16
ord_09882,cust_0082,processing,2024-08-15,2024-09-11,2024-09-06
ord_09883,cust_0091,canceled,2024-09-25,2024-10-21,2024-10-07
ord_09884,cust_0474,shipped,2024-06-05,2024-06-12,2024-06-26
ord_09885,cust_0365,processing,2024-05-16,2024-05-27,2024-06-10
ord_09886,cust_0459,canceled,2024-10-21,2024-11-19,2024-11-01
ord_09887,cust_0354,shipped,2024-02-28,2024-03-27,2024-03-21
ord_09888,cust_0142,processing,2024-07-29,2024-08-14,2024-08-15
ord_09889,cust_0429,shipped,2024-07-06,2024-07-25,2024-07-27
ord_09890,cust_0467,delivered,2024-12-07,2024-12-25,2024-12-16
ord_09891,cust_0499,shipped,2024-12-24,2025-01-06,2025-01-06
ord_09892,cust_0029,processing,2024-06-30,2024-07-23,2024-07-25
ord_09893,cust_0236,delivered,2024-12-20,2025-01-17,2025-01-11
ord_09894,cust_0366,processing,2024-10-12,2024-10-25,2024-10-25
ord_09895,cust_0244,canceled,2024-01-02,2024-01-29,2024-01-12
ord_09896,cust_0132,delivered,2024-04-24,2024-05-19,2024-05-01
ord_09897,cust_0489,delivered,2024-03-21,2024-04-04,2024-04-09
ord_09898,cust_0103,delivered,2024-01-24,2024-02-05,2024-02-03
ord_09899,cust_0434,processing,2024-07-28,2024-08-21,2024-08-16
ord_09900,cust_0246,delivered,2024-08-26,2024-09-09,2024-09-06
ord_09901,cust_0452,processing,2024-08-12,2024-08-18,2024-08-23
ord_09902,cust_0053,processing,2024-10-21,2024-11-15,2024-11-11
ord_09903,cust_0005,processing,2024-08-08,2024-08-17,2024-08-25
ord_09904,cust_0081,delivered,2024-05-31,2024-06-08,2024-06-21
ord_09905,cust_0263,delivered,2024-12-18,2024-12-30,2024-12-31
ord_09906,cust_0237,processing,2024-09-06,2024-10-02,2024-09-26
ord_09907,cust_0435,processing,2024-03-10,2024-04-09,2024-03-22
ord_09908,cust_0160,shipped,2024-01-18,2024-01-25,2024-02-05
ord_09909,cust_0295,delivered,2024-02-06,2024-02-21,2024-02-20
ord_09910,cust_0216,canceled,2024-06-12,2024-07-01,2024-06-28
ord_09911,cust_0215,delivered,2024-09-04,2024-09-11,2024-09-21
ord_09912,cust_0457,shipped,2024-05-24,2024-06-08,2024-06-14
ord_09913,cust_0224,delivered,2024-11-30,2024-12-04,2024-12-13
ord_09914,cust_0164,canceled,2024-07-19,2024-08-13,2024-07-29
ord_09915,cust_0202,delivered,2024-01-17,2024-02-10,2024-01-29
ord_09916,cust_0360,processing,2024-05-01,2024-05-12,2024-05-08
ord_09917,cust_0080,delivered,2024-04-25,2024-04-30,2024-05-06
ord_09918,cust_0225,processing,2024-12-30,2025-01-15,2025-01-18
ord_09919,cust_0336,delivered,2024-07-26,2024-08-08,2024-08-11
ord_09920,cust_0143,shipped,2024-06-15,2024-06-25,2024-06-27
ord_09921,cust_0355,processing,2024-11-17,2024-12-10,2024-11-27
ord_09922,cust_0172,shipped,2024-10-16,2024-10-27,2024-10-30
ord_09923,cust_0382,processing,2024-12-25,2025-01-02,2025-01-17
ord_09924,cust_0341,delivered,2024-02-07,2024-02-24,2024-03-02
ord_09925,cust_0123,delivered,2024-07-06,2024-07-26,2024-07-15
ord_09926,cust_0096,delivered,2024-06-19,2024-07-06,2024-07-03
ord_09927,cust_0439,processing,2024-04-24,2024-05-09,2024-05-15
ord_09928,cust_0427,canceled,2024-05-31,2024-06-14,2024-06-17
ord_09929,cust_0162,delivered,2024-03-09,2024-03-25,2024-03-19
ord_09930,cust_0377,canceled,2024-01-16,2024-02-02,2024-01-23
ord_09931,cust_0005,canceled,2024-12-06,2024-12-20,2024-12-28
ord_09932,cust_0019,processing,2024-03-21,2024-04-12,2024-04-08
ord_09933,cust_0149,delivered,2024-09-29,2024-10-17,2024-10-14
ord_09934,cust_0176,processing,2024-03-05,2024-04-01,2024-03-18
ord_09935,cust_0288,processing,2024-12-01,2024-12-09,2024-12-18
ord_09936,cust_0127,canceled,2024-11-01,2024-11-08,2024-11-20
ord_09937,cust_0197,shipped,2024-08-08,2024-08-11,2024-08-16
ord_09938,cust_0033,canceled,2024-06-20,2024-07-14,2024-07-08
ord_09939,cust_0447,processing,2024-02-14,2024-03-03,2024-03-10
ord_09940,cust_0444,shipped,2024-12-21,2025-01-04,2024-12-30
ord_09941,cust_0302,canceled,2024-08-31,2024-09-19,2024-09-15
ord_09942,cust_0233,shipped,2024-04-21,2024-04-26,2024-05-03
ord_09943,cust_0414,canceled,2024-05-16,2024-06-12,2024-05-31
ord_09944,cust_0343,delivered,2024-09-28,2024-10-21,2024-10-05
ord_09945,cust_0353,shipped,2024-11-15,2024-12-03,2024-12-05
ord_09946,cust_0214,delivered,2024-02-27,2024-03-07,2024-03-13
ord_09947,cust_0040,canceled,2024-07-22,2024-08-02,2024-08-10
ord_09948,cust_0395,canceled,2024-03-17,2024-04-11,2024-04-06
ord_09949,cust_0066,canceled,2024-05-07,2024-05-14,2024-05-18
ord_09950,cust_0049,delivered,2024-08-18,2024-08-22,2024-09-10
ord_09951,cust_0354,delivered,2024-02-24,2024-03-06,2024-03-18
ord_09952,cust_0038,canceled,2024-03-26,2024-04-16,2024-04-16
ord_09953,cust_0308,canceled,2024-01-23,2024-02-19,2024-02-16
ord_09954,cust_0284,delivered,2024-05-06,2024-05-23,2024-05-22
ord_09955,cust_0057,processing,2024-03-10,2024-03-25,2024-04-02
ord_09956,cust_0373,delivered,2024-11-03,2024-11-13,2024-11-10
ord_09957,cust_0166,delivered,2024-09-23,2024-10-23,2024-09-30
ord_09958,cust_0022,delivered,2024-06-17,2024-07-17,2024-07-10
ord_09959,cust_0111,canceled,2024-05-17,2024-05-20,2024-05-30
ord_09960,cust_0175,delivered,2024-12-30,2025-01-28,2025-01-06
ord_09961,cust_0356,delivered,2024-10-10,2024-11-08,2024-10-20
ord_09962,cust_0175,processing,2024-06-22,2024-07-07,2024-07-06
ord_09963,cust_0325,shipped,2024-10-29,2024-11-19,2024-11-06
ord_09964,cust_0036,delivered,2024-02-24,2024-03-22,2024-03-09
ord_09965,cust_0292,canceled,2024-07-29,2024-08-23,2024-08-18
ord_09966,cust_0492,delivered,2024-08-02,2024-08-05,2024-08-13
ord_09967,cust_0493,processing,2024-03-23,2024-04-04,2024-04-12
ord_09968,cust_0074,delivered,2024-08-04,2024-08-31,2024-08-19
ord_09969,cust_0290,shipped,2024-03-17,2024-04-11,2024-04-04
ord_09970,cust_0027,processing,2024-07-22,2024-08-18,2024-08-03
ord_09971,cust_0422,canceled,2024-05-16,2024-06-07,2024-06-08
ord_09972,cust_0307,delivered,2024-10-26,2024-11-20,2024-11-12
ord_09973,cust_0442,shipped,2024-03-29,2024-04-13,2024-04-05
ord_09974,cust_0041,canceled,2024-01-01,2024-01-11,2024-01-15
ord_09975,cust_0496,canceled,2024-08-09,2024-08-23,2024-08-29
ord_09976,cust_0389,processing,2024-09-10,2024-10-05,2024-09-20
ord_09977,cust_0436,delivered,2024-07-19,2024-08-02,2024-08-10
ord_09978,cust_0295,canceled,2024-04-18,2024-04-21,2024-05-04
ord_09979,cust_0475,processing,2024-01-30,2024-02-11,2024-02-13
ord_09980,cust_0204,canceled,2024-05-28,2024-06-20,2024-06-07
ord_09981,cust_0198,shipped,2024-06-29,2024-07-03,2024-07-22
ord_09982,cust_0098,shipped,2024-12-27,2025-01-17,2025-01-13
ord_09983,cust_0012,processing,2024-03-06,2024-04-05,2024-03-20
ord_09984,cust_0470,processing,2024-03-16,2024-03-27,2024-04-09
ord_09985,cust_0470,shipped,2024-07-16,2024-07-27,2024-07-26
ord_09986,cust_0343,canceled,2024-07-30,2024-08-05,2024-08-12
ord_09987,cust_0165,processing,2024-07-04,2024-07-22,2024-07-19
ord_09988,cust_0353,canceled,2024-03-01,2024-03-20,2024-03-08
ord_09989,cust_0126,canceled,2024-09-15,2024-09-24,2024-10-10
ord_09990,cust_0189,canceled,2024-01-19,2024-02-07,2024-02-02
ord_09991,cust_0431,shipped,2024-11-20,2024-12-19,2024-12-05
ord_09992,cust_0264,canceled,2024-12-11,2025-01-03,2025-01-02
ord_09993,cust_0064,shipped,2024-10-16,2024-11-05,2024-11-08
ord_09994,cust_0191,processing,2024-01-08,2024-01-24,2024-01-27
ord_09995,cust_0190,processing,2024-11-09,2024-11-18,2024-11-21
ord_09996,cust_0353,shipped,2024-03-13,2024-03-30,2024-04-02
ord_09997,cust_0276,shipped,2024-03-12,2024-03-22,2024-04-01
ord_09998,cust_0241,canceled,2024-02-12,2024-03-11,2024-02-24
ord_09999,cust_0273,shipped,2024-04-28,2024-05-09,2024-05-08
ord_10000,cust_0495,canceled,2024-11-09,2024-12-05,2024-11-27
